v -0.1414 0.0348 0.0639
v -0.1708 0.1806 0.0918
v -0.1121 0.1882 0.1193
v -0.0040 0.1806 0.1124
v 0.1171 0.1892 0.1090
v 0.1646 0.1806 -0.1174
v -0.1726 0.1806 -0.0287
v 0.1686 0.1793 0.0320
v -0.1726 0.1806 -0.1174
v -0.1164 0.1806 -0.2032
v -0.0602 0.1806 -0.2354
v 0.0522 0.1806 -0.2354
v 0.1084 0.1806 -0.2032
v -0.1593 0.1312 -0.1177
v 0.0803 0.1179 -0.2188
v -0.1164 0.0496 -0.2011
v -0.0352 0.0121 0.0254
v 0.1466 0.0431 -0.1126
v -0.1162 0.0150 0.1055
v -0.1386 0.0141 -0.0968
v -0.0040 0.0121 0.1124
v 0.1084 0.0121 0.1124
v 0.1573 0.1280 0.0827
v -0.1801 0.1376 -0.0050
v -0.1388 0.0367 -0.1058
v 0.1646 0.0461 -0.0811
v -0.1726 0.0461 -0.0811
v -0.1726 0.0461 -0.0209
v -0.1718 0.0465 0.0872
v -0.0301 0.0460 0.1968
v 0.1400 0.0423 0.1051
v -0.1456 0.0461 -0.0057
v -0.0040 0.1806 0.1385
v -0.1131 0.1841 -0.1638
v -0.1093 0.1912 0.1508
v -0.1350 0.1973 -0.1448
v 0.1182 0.1979 -0.1476
v -0.0040 0.1919 0.1124
v 0.1084 0.1919 0.0428
v 0.1084 0.1919 -0.0615
v -0.0040 0.2063 -0.0647
v 0.0778 0.2063 -0.0647
v -0.1160 0.1749 0.1781
v -0.1663 0.1766 0.1010
v -0.0622 0.1768 0.2037
v 0.1084 0.1919 0.1124
v 0.0522 0.2012 0.0761
v 0.0100 0.2075 0.1718
v 0.0210 0.1806 0.1379
v 0.0213 0.1806 0.1124
v 0.0134 0.1806 0.1124
v 0.0213 0.1919 0.1124
v 0.0015 0.2012 0.0761
v 0.0213 0.2063 -0.0647
v 0.0213 0.0121 0.0428
v 0.0213 0.0121 0.1124
v -0.0040 0.1950 0.1492
v -0.0320 0.1806 0.1379
v -0.0324 0.1806 0.1124
v -0.0138 0.1891 0.1124
v -0.0324 0.1919 0.1124
v -0.0324 0.2012 -0.0267
v -0.0087 0.2077 -0.0597
v -0.0324 0.2063 -0.0647
v -0.0915 0.0359 0.1507
v -0.0945 0.1706 0.2081
v -0.1278 0.1665 0.1911
v -0.0941 0.1711 0.2073
v -0.1085 0.1583 0.2144
v -0.0643 0.1754 0.2211
v -0.0644 0.1751 0.2219
v -0.1830 0.1522 0.1118
v -0.0281 0.1639 0.2523
v -0.0040 0.1746 0.2353
v -0.0346 0.1751 0.2282
v -0.0345 0.1754 0.2273
v -0.0040 0.1755 0.2046
v -0.0344 0.1755 0.2264
v 0.0262 0.1426 0.2283
v -0.0040 0.1754 0.2337
v -0.0040 0.1751 0.2346
v 0.0187 0.1464 0.2332
v -0.0040 0.1739 0.2357
v -0.0140 0.1831 0.2297
v 0.0233 0.1732 0.2301
v 0.0233 0.1739 0.2300
v 0.0233 0.1746 0.2296
v 0.0566 0.1746 0.2226
v 0.0232 0.1751 0.2289
v 0.0232 0.1754 0.2280
v 0.1748 0.1520 0.1116
v 0.0564 0.1751 0.2219
v 0.0567 0.1739 0.2230
v 0.0567 0.1732 0.2232
v 0.0597 0.1775 0.2016
v 0.0845 0.1687 0.2102
v 0.0844 0.1695 0.2101
v 0.0843 0.1703 0.2098
v 0.1024 0.1681 0.2007
v 0.1033 0.1740 0.1851
v 0.1751 0.1650 0.1119
v 0.1211 0.1646 0.1927
v 0.1213 0.1637 0.1929
v 0.1214 0.1629 0.1930
v -0.1534 0.1856 0.1081
v -0.1535 0.1846 0.1081
v -0.1415 0.1950 0.1139
v -0.1524 0.1871 0.0840
v -0.1528 0.1863 0.0837
v -0.1531 0.1855 0.0835
v -0.1532 0.1846 0.0835
v -0.0850 0.1883 0.1653
v -0.0850 0.1877 0.1661
v -0.0851 0.1870 0.1668
v -0.0723 0.1863 0.1720
v -0.0852 0.1854 0.1676
v -0.0595 0.1877 0.1756
v -0.0595 0.1870 0.1763
v -0.0595 0.1862 0.1768
v -0.0595 0.1854 0.1771
v -0.0595 0.1846 0.1772
v -0.0596 0.1883 0.1748
v -0.0321 0.1883 0.1755
v -0.0320 0.1877 0.1763
v -0.0320 0.1870 0.1770
v -0.0320 0.1863 0.1774
v -0.0320 0.1854 0.1777
v -0.0320 0.1846 0.1778
v -0.0040 0.1878 0.1771
v -0.0040 0.1871 0.1777
v -0.0040 0.1863 0.1781
v -0.0040 0.1854 0.1784
v -0.0040 0.1846 0.1785
v -0.0040 0.1884 0.1763
v 0.0210 0.1884 0.1756
v 0.0210 0.1877 0.1764
v 0.0210 0.1870 0.1770
v 0.0210 0.1863 0.1775
v 0.0210 0.1854 0.1778
v 0.0210 0.1846 0.1779
v 0.0515 0.1877 0.1756
v 0.0515 0.1870 0.1763
v 0.0515 0.1862 0.1768
v 0.0515 0.1854 0.1771
v 0.0515 0.1846 0.1772
v 0.0641 0.1984 0.1440
v 0.0574 0.1866 0.1744
v 0.0751 0.1854 0.1684
v 0.0751 0.1846 0.1685
v 0.1428 0.1887 0.1094
v 0.0907 0.1859 0.1625
v 0.1063 0.1846 0.1570
v 0.1455 0.1820 0.1081
v 0.1454 0.1856 0.1081
v 0.1455 0.1846 0.1081
v 0.1431 0.1885 0.0849
v 0.1438 0.1879 0.0844
v 0.1444 0.1871 0.0840
v 0.1448 0.1863 0.0837
v 0.1451 0.1855 0.0835
v -0.1534 0.1879 0.0408
v -0.1539 0.1871 0.0408
v -0.1543 0.1863 0.0408
v -0.1545 0.1855 0.0408
v -0.1546 0.1846 0.0408
v 0.1454 0.1879 0.0408
v 0.1459 0.1871 0.0408
v 0.1463 0.1863 0.0408
v 0.1465 0.1855 0.0408
v 0.1466 0.1846 0.0408
v -0.1536 0.1880 -0.0245
v -0.1540 0.1872 -0.0245
v -0.1544 0.1863 -0.0246
v -0.1546 0.1855 -0.0246
v -0.1546 0.1846 -0.0247
v 0.1375 0.1960 -0.0415
v 0.1455 0.1880 -0.0245
v 0.1460 0.1872 -0.0245
v 0.1463 0.1863 -0.0246
v 0.1465 0.1855 -0.0246
v 0.1466 0.1846 -0.0247
v -0.1409 0.1935 -0.0164
v -0.1522 0.1880 -0.0686
v -0.1531 0.1864 -0.0678
v -0.1533 0.1855 -0.0675
v 0.1441 0.1880 -0.0686
v 0.1447 0.1872 -0.0682
v 0.1451 0.1864 -0.0678
v 0.1453 0.1855 -0.0675
v 0.1454 0.1846 -0.0674
v -0.1563 0.1846 -0.1311
v 0.1456 0.1888 -0.1328
v -0.1152 0.1859 -0.1831
v -0.0853 0.1846 -0.1997
v -0.0787 0.1859 -0.2030
v -0.0591 0.1854 -0.2139
v -0.1536 0.1888 -0.1328
v -0.0591 0.1846 -0.2140
v -0.0318 0.1846 -0.2149
v -0.0318 0.1854 -0.2148
v -0.0318 0.1863 -0.2145
v -0.0559 0.1951 -0.1925
v -0.0040 0.1855 -0.2156
v -0.0040 0.1863 -0.2154
v -0.0040 0.1871 -0.2150
v 0.0245 0.1959 -0.2004
v -0.0040 0.1846 -0.2157
v 0.0208 0.1846 -0.2150
v 0.0208 0.1854 -0.2149
v 0.0208 0.1863 -0.2146
v 0.0208 0.1871 -0.2142
v 0.0208 0.1879 -0.2136
v 0.0510 0.1854 -0.2139
v 0.0510 0.1863 -0.2137
v 0.0631 0.1863 -0.2071
v 0.0510 0.1871 -0.2132
v 0.0510 0.1878 -0.2126
v 0.0511 0.1880 -0.2123
v 0.0510 0.1846 -0.2140
v 0.0752 0.1846 -0.2009
v 0.0752 0.1855 -0.2008
v 0.0911 0.1863 -0.1917
v 0.0751 0.1871 -0.2000
v 0.1483 0.1846 -0.1311
v -0.0905 0.2010 0.0805
v -0.0933 0.2005 0.0839
v -0.0677 0.2009 0.0800
v -0.0954 0.1998 0.0428
v -0.0324 0.2012 0.0761
v -0.0602 0.2001 0.0857
v 0.0213 0.1994 0.0880
v -0.0324 0.1994 0.0880
v -0.0182 0.2011 0.0785
v 0.0015 0.2008 0.0818
v -0.0040 0.1994 0.0880
v -0.0040 0.2012 0.0761
v 0.0213 0.2012 0.0761
v 0.0522 0.2001 0.0857
v 0.0522 0.2011 0.0785
v 0.0821 0.2010 0.0805
v 0.0797 0.2012 0.0779
v 0.0778 0.2012 0.0428
v 0.0803 0.2011 0.0428
v 0.0827 0.2009 0.0428
v 0.0851 0.2004 0.0428
v 0.0874 0.1998 0.0428
v 0.0896 0.1991 0.0428
v 0.0779 0.2012 -0.0268
v 0.0803 0.2011 -0.0267
v 0.0827 0.2009 -0.0267
v 0.0851 0.2004 -0.0267
v 0.0874 0.1998 -0.0267
v 0.0896 0.1991 -0.0267
v -0.0872 0.2021 -0.1154
v -0.0859 0.2063 -0.0647
v 0.0803 0.2011 -0.0963
v 0.0827 0.2009 -0.0963
v 0.0864 0.2001 -0.0963
v -0.0842 0.2008 -0.1335
v 0.0093 0.2012 -0.1295
v 0.0835 0.2065 -0.0963
v 0.0821 0.2010 -0.1340
v 0.1099 0.1910 -0.1661
v 0.0659 0.2012 -0.1295
v -0.1535 0.1820 0.1081
v -0.1539 0.1810 0.1077
v -0.1535 0.1813 0.0832
v -0.1548 0.1804 0.1068
v -0.1559 0.1803 0.1058
v -0.1569 0.1805 0.1049
v -0.1578 0.1806 0.1040
v -0.1144 0.1820 0.1570
v -0.1144 0.1815 0.1571
v -0.1144 0.1811 0.1575
v -0.1144 0.1808 0.1580
v -0.1145 0.1806 0.1587
v -0.1158 0.2062 0.1706
v -0.1534 0.1815 0.0834
v -0.1537 0.1811 0.0831
v -0.1541 0.1808 0.0827
v -0.1546 0.1806 0.0823
v -0.1552 0.1806 0.0818
v -0.0852 0.1820 0.1677
v -0.0852 0.1816 0.1678
v -0.0852 0.1812 0.1681
v -0.0852 0.1809 0.1686
v -0.0852 0.1807 0.1691
v -0.0595 0.1816 0.1773
v -0.0596 0.1812 0.1776
v -0.0596 0.1809 0.1780
v -0.0596 0.1807 0.1785
v -0.0595 0.1820 0.1772
v -0.0320 0.1820 0.1778
v -0.0320 0.1816 0.1779
v -0.0321 0.1812 0.1782
v -0.0321 0.1809 0.1786
v -0.0321 0.1807 0.1791
v -0.0040 0.1816 0.1786
v -0.0040 0.1812 0.1789
v -0.0040 0.1809 0.1793
v -0.0040 0.1807 0.1798
v 0.0118 0.1942 0.1872
v -0.0320 0.1956 0.1822
v -0.0040 0.1820 0.1785
v 0.0210 0.1820 0.1779
v 0.0210 0.1816 0.1780
v 0.0210 0.1812 0.1783
v 0.0210 0.1809 0.1787
v 0.0210 0.1807 0.1792
v 0.0515 0.1816 0.1773
v 0.0515 0.1812 0.1776
v 0.0516 0.1809 0.1780
v 0.0516 0.1807 0.1785
v 0.0515 0.1820 0.1772
v 0.0751 0.1820 0.1685
v 0.0751 0.1816 0.1686
v 0.0751 0.1812 0.1689
v 0.0751 0.1809 0.1693
v 0.0751 0.1807 0.1699
v 0.1064 0.1815 0.1571
v 0.1064 0.1811 0.1575
v 0.1064 0.1808 0.1580
v 0.1065 0.1806 0.1587
v 0.1063 0.1820 0.1570
v 0.1459 0.1810 0.1077
v 0.1468 0.1804 0.1068
v 0.1479 0.1803 0.1058
v 0.1489 0.1805 0.1049
v 0.1496 0.1805 0.1042
v 0.1452 0.1820 0.0835
v 0.1453 0.1815 0.0834
v 0.1457 0.1811 0.0831
v 0.1461 0.1808 0.0827
v 0.1466 0.1806 0.0823
v -0.1546 0.1820 0.0408
v -0.1547 0.1816 0.0408
v -0.1550 0.1812 0.0408
v -0.1554 0.1809 0.0408
v -0.1559 0.1807 0.0409
v -0.1565 0.1806 0.0410
v 0.1466 0.1820 0.0408
v 0.1467 0.1816 0.0408
v 0.1470 0.1812 0.0408
v 0.1474 0.1809 0.0408
v 0.1479 0.1807 0.0409
v 0.1485 0.1806 0.0410
v -0.1546 0.1820 -0.0247
v -0.1547 0.1816 -0.0247
v -0.1550 0.1812 -0.0247
v -0.1554 0.1809 -0.0247
v -0.1559 0.1807 -0.0248
v -0.1565 0.1806 -0.0249
v 0.1466 0.1820 -0.0247
v 0.1467 0.1816 -0.0247
v 0.1470 0.1812 -0.0247
v 0.1474 0.1809 -0.0247
v 0.1479 0.1807 -0.0248
v 0.1485 0.1806 -0.0249
v -0.1534 0.1820 -0.0674
v -0.1535 0.1815 -0.0673
v -0.1539 0.1811 -0.0671
v -0.1543 0.1808 -0.0667
v -0.1548 0.1806 -0.0663
v -0.1553 0.1806 -0.0658
v 0.1454 0.1820 -0.0674
v 0.1455 0.1815 -0.0673
v 0.1458 0.1811 -0.0671
v 0.1463 0.1808 -0.0667
v 0.1468 0.1806 -0.0663
v 0.1473 0.1806 -0.0658
v -0.1551 0.1820 -0.1048
v -0.1555 0.1810 -0.1041
v -0.1560 0.1807 -0.1035
v -0.1564 0.1806 -0.1029
v -0.1569 0.1806 -0.1023
v 0.1475 0.1810 -0.1041
v 0.1472 0.1814 -0.1046
v 0.1480 0.1807 -0.1035
v 0.1484 0.1806 -0.1029
v 0.1489 0.1806 -0.1023
v -0.1153 0.1820 -0.1834
v -0.1153 0.1815 -0.1835
v -0.1153 0.1811 -0.1839
v -0.1153 0.1808 -0.1845
v -0.1154 0.1806 -0.1852
v -0.1154 0.1806 -0.1859
v -0.1566 0.1812 -0.1308
v -0.1574 0.1806 -0.1302
v -0.1583 0.1805 -0.1294
v -0.1592 0.1805 -0.1287
v -0.1600 0.1806 -0.1280
v -0.0853 0.1820 -0.1997
v -0.0853 0.1816 -0.1998
v -0.0853 0.1812 -0.2001
v -0.0854 0.1808 -0.2006
v -0.0854 0.1807 -0.2012
v -0.0854 0.1806 -0.2018
v -0.0591 0.1807 -0.2154
v -0.0591 0.1809 -0.2149
v -0.0591 0.1812 -0.2144
v -0.0591 0.1816 -0.2141
v -0.0591 0.1820 -0.2140
v -0.0592 0.1806 -0.2160
v -0.0318 0.1820 -0.2149
v -0.0318 0.1816 -0.2150
v -0.0318 0.1812 -0.2152
v -0.0318 0.1809 -0.2157
v -0.0318 0.1807 -0.2162
v -0.0319 0.1806 -0.2168
v -0.0040 0.1807 -0.2170
v -0.0040 0.1809 -0.2165
v -0.0040 0.1812 -0.2161
v -0.0040 0.1816 -0.2158
v -0.0040 0.1820 -0.2157
v -0.0040 0.1806 -0.2176
v 0.0208 0.1820 -0.2150
v 0.0208 0.1816 -0.2151
v 0.0208 0.1812 -0.2153
v 0.0208 0.1809 -0.2157
v 0.0208 0.1807 -0.2163
v 0.0208 0.1806 -0.2169
v 0.0511 0.1807 -0.2154
v 0.0511 0.1809 -0.2148
v 0.0511 0.1812 -0.2144
v 0.0510 0.1816 -0.2141
v 0.0510 0.1820 -0.2140
v 0.0511 0.1806 -0.2160
v 0.0752 0.1820 -0.2009
v 0.0752 0.1816 -0.2010
v 0.0752 0.1812 -0.2013
v 0.0752 0.1808 -0.2018
v 0.0753 0.1807 -0.2024
v 0.0753 0.1806 -0.2030
v 0.1483 0.1820 -0.1311
v 0.1494 0.1806 -0.1302
v 0.1503 0.1805 -0.1294
v 0.1512 0.1805 -0.1287
v 0.1520 0.1806 -0.1280
v 0.1073 0.1806 -0.1852
v 0.1073 0.1808 -0.1845
v 0.1073 0.1811 -0.1839
v 0.1073 0.1815 -0.1835
v 0.1072 0.1820 -0.1834
v 0.1074 0.1806 -0.1859
v -0.1711 0.1805 0.0916
v -0.1781 0.1799 0.0331
v -0.1164 0.1789 0.1806
v -0.1714 0.1804 0.0915
v -0.1163 0.1804 0.1799
v -0.1162 0.1805 0.1792
v -0.1046 0.1973 0.1873
v -0.0864 0.1805 0.1921
v -0.0864 0.1802 0.1927
v -0.0864 0.1798 0.1931
v -0.0602 0.1805 0.2029
v -0.0602 0.1802 0.2035
v -0.0602 0.1798 0.2039
v -0.0602 0.1793 0.2042
v -0.0324 0.1805 0.2029
v -0.0324 0.1802 0.2036
v -0.0324 0.1798 0.2040
v -0.0324 0.1793 0.2043
v -0.0040 0.1805 0.2029
v -0.0040 0.1802 0.2036
v -0.0040 0.1798 0.2042
v -0.0040 0.1793 0.2045
v -0.0040 0.1787 0.2046
v 0.0213 0.1805 0.2029
v 0.0213 0.1802 0.2036
v 0.0213 0.1798 0.2041
v 0.0213 0.1793 0.2043
v 0.0213 0.1787 0.2044
v 0.1008 0.1981 0.1633
v 0.0522 0.1802 0.2035
v 0.0522 0.1798 0.2039
v 0.0522 0.1793 0.2042
v 0.0522 0.1788 0.2041
v 0.0762 0.1805 0.1930
v 0.0642 0.1800 0.1987
v 0.0763 0.1793 0.1941
v 0.1082 0.1805 0.1792
v 0.1082 0.1804 0.1799
v 0.1635 0.1801 0.0915
v 0.1635 0.1797 0.0920
v 0.1630 0.1806 0.0917
v 0.1634 0.1804 0.0915
v 0.1084 0.1789 0.1806
v 0.1226 0.1651 0.1910
v 0.1650 0.1622 0.1055
v -0.1164 0.1188 0.1800
v -0.1717 0.1182 0.0913
v -0.1722 0.1176 0.0907
v -0.1164 0.1168 0.1819
v -0.1725 0.1170 0.0903
v -0.1726 0.1162 0.0901
v -0.1164 0.1162 0.1820
v -0.0865 0.1188 0.1927
v -0.0865 0.1184 0.1932
v -0.0865 0.1173 0.1938
v -0.0865 0.1168 0.1940
v -0.0602 0.1185 0.2041
v -0.0602 0.1179 0.2043
v -0.0865 0.1179 0.1935
v -0.0602 0.1173 0.2045
v -0.0602 0.1168 0.2046
v -0.0602 0.1162 0.2046
v -0.0324 0.1179 0.2045
v -0.0324 0.1174 0.2045
v -0.0324 0.1168 0.2046
v -0.0324 0.1162 0.2046
v -0.0063 0.1307 0.2098
v -0.0040 0.1174 0.2046
v -0.0040 0.1168 0.2046
v -0.0040 0.1162 0.2046
v 0.0213 0.1168 0.2046
v 0.0213 0.1162 0.2046
v 0.0871 0.1181 0.1813
v 0.0522 0.1168 0.2046
v 0.0522 0.1162 0.2046
v 0.0763 0.1168 0.1948
v 0.0763 0.1162 0.1949
v 0.1641 0.1176 0.0907
v 0.1084 0.1162 0.1820
v 0.1646 0.1162 0.0901
v -0.1708 0.1189 -0.1189
v -0.1724 0.1174 -0.0989
v -0.1725 0.1169 -0.1175
v -0.1724 0.1012 -0.0988
v -0.0865 0.1162 -0.2204
v -0.0865 0.1168 -0.2203
v -0.0865 0.1173 -0.2202
v -0.0602 0.1168 -0.2354
v -0.1014 0.1186 -0.2105
v -0.0602 0.1173 -0.2353
v -0.0602 0.1179 -0.2350
v -0.0602 0.1162 -0.2354
v -0.0324 0.1162 -0.2354
v -0.0324 0.1168 -0.2354
v -0.0324 0.1174 -0.2353
v -0.0324 0.1179 -0.2352
v -0.0324 0.1185 -0.2350
v -0.0050 0.1168 -0.2355
v -0.0028 0.1174 -0.2354
v -0.0026 0.1180 -0.2353
v -0.0031 0.1185 -0.2353
v -0.0045 0.1165 -0.2354
v 0.0523 0.1122 -0.2355
v 0.0213 0.1168 -0.2354
v 0.0522 0.1168 -0.2354
v 0.0522 0.1173 -0.2353
v -0.0036 0.1188 -0.2354
v 0.1084 0.1033 -0.2032
v -0.0030 0.1269 -0.2423
v 0.1587 0.1300 -0.1076
v 0.1645 0.1177 -0.0895
v 0.1646 0.1180 -0.0801
v 0.1646 0.1168 -0.0800
v 0.1646 0.1162 -0.0800
v 0.1645 0.1213 -0.0786
v 0.1646 0.1180 -0.0385
v 0.1646 0.1177 -0.0655
v 0.1646 0.1174 -0.0510
v 0.1646 0.1168 -0.0510
v 0.1646 0.1162 -0.0510
v 0.1646 0.1186 -0.0256
v 0.1646 0.1181 -0.0260
v 0.1646 0.1175 -0.0264
v 0.1646 0.1168 -0.0266
v 0.1646 0.1162 -0.0267
v 0.1646 0.1191 0.0411
v 0.1646 0.1186 0.0416
v 0.1646 0.1181 0.0421
v 0.1646 0.1175 0.0425
v 0.1646 0.1168 0.0427
v 0.1646 0.1174 0.0671
v 0.1646 0.1162 0.0428
v 0.1641 0.0895 0.0809
v -0.1726 0.1191 -0.0803
v -0.1726 0.1186 -0.0802
v -0.1713 0.1185 -0.1185
v -0.1726 0.1180 -0.0801
v -0.1726 0.1174 -0.0800
v -0.1726 0.1168 -0.0800
v -0.1726 0.1162 -0.0800
v -0.1623 0.1269 -0.0328
v -0.1726 0.1186 -0.0511
v -0.1726 0.1180 -0.0510
v -0.1726 0.1174 -0.0510
v -0.1726 0.1168 -0.0510
v -0.1726 0.1162 -0.0510
v -0.1726 0.1191 -0.0250
v -0.1726 0.1186 -0.0256
v -0.1726 0.1181 -0.0260
v -0.1726 0.1175 -0.0264
v -0.1726 0.1168 -0.0266
v -0.1726 0.1162 -0.0267
v -0.1726 0.1191 0.0411
v -0.1726 0.1186 0.0416
v -0.1726 0.1181 0.0421
v -0.1726 0.1175 0.0425
v -0.1726 0.1168 0.0427
v -0.1726 0.1162 0.0428
v -0.1726 0.1185 0.0670
v -0.1726 0.1180 0.0671
v -0.1726 0.1174 0.0671
v -0.1726 0.1168 0.0671
v -0.1726 0.1162 0.0671
v -0.0924 0.0690 0.1973
v -0.0046 0.0692 0.2046
v 0.0224 0.0692 0.2046
v -0.1618 0.0692 -0.1267
v -0.1726 0.0692 0.0341
v -0.1748 0.0732 0.1092
v -0.1747 0.0730 0.1092
v -0.1746 0.0728 0.1091
v -0.1743 0.0726 0.1090
v -0.1741 0.0725 0.1089
v -0.1749 0.0734 0.1092
v -0.1316 0.0726 0.1758
v -0.1318 0.0728 0.1760
v -0.0937 0.0728 0.2060
v -0.1319 0.0730 0.1761
v -0.1320 0.0732 0.1762
v -0.1320 0.0734 0.1762
v -0.1314 0.0725 0.1756
v -0.1320 0.0761 0.1762
v -0.1319 0.0764 0.1761
v -0.1318 0.0766 0.1760
v -0.1746 0.0766 0.1091
v -0.1316 0.0767 0.1758
v -0.1314 0.0768 0.1756
v -0.1320 0.0759 0.1762
v -0.1743 0.0767 0.1090
v -0.1747 0.0764 0.1092
v -0.1748 0.0761 0.1092
v -0.1749 0.0759 0.1092
v -0.1741 0.0768 0.1089
v -0.0936 0.0726 0.2058
v -0.0938 0.0730 0.2062
v -0.0939 0.0732 0.2063
v -0.0939 0.0734 0.2063
v -0.0935 0.0725 0.2055
v -0.0939 0.0761 0.2063
v -0.0938 0.0764 0.2062
v -0.0937 0.0766 0.2060
v -0.0936 0.0767 0.2058
v -0.0935 0.0768 0.2055
v -0.0939 0.0759 0.2063
v -0.0627 0.0732 0.2166
v -0.0626 0.0730 0.2165
v -0.0328 0.0728 0.2187
v -0.0626 0.0728 0.2163
v -0.0626 0.0726 0.2161
v -0.0625 0.0725 0.2158
v -0.0627 0.0734 0.2167
v -0.0328 0.0726 0.2185
v -0.0328 0.0730 0.2189
v -0.0328 0.0732 0.2190
v -0.0328 0.0734 0.2191
v -0.0328 0.0725 0.2182
v -0.0328 0.0761 0.2190
v -0.0328 0.0764 0.2189
v -0.0328 0.0766 0.2187
v -0.0328 0.0767 0.2185
v -0.0328 0.0768 0.2182
v -0.0328 0.0759 0.2191
v -0.0626 0.0767 0.2161
v -0.0626 0.0766 0.2163
v -0.0626 0.0764 0.2165
v -0.0627 0.0761 0.2166
v -0.0627 0.0759 0.2167
v -0.0625 0.0768 0.2158
v -0.0046 0.0732 0.2190
v -0.0046 0.0730 0.2189
v -0.0046 0.0728 0.2187
v -0.0046 0.0726 0.2185
v -0.0046 0.0725 0.2182
v -0.0046 0.0734 0.2191
v 0.0228 0.0726 0.2185
v 0.0228 0.0728 0.2187
v 0.0535 0.0728 0.2165
v 0.0228 0.0730 0.2189
v 0.0228 0.0732 0.2190
v 0.0228 0.0734 0.2191
v 0.0228 0.0725 0.2182
v 0.0228 0.0761 0.2190
v 0.0228 0.0764 0.2189
v -0.0046 0.0766 0.2187
v 0.0228 0.0766 0.2187
v 0.0228 0.0767 0.2185
v 0.0228 0.0768 0.2182
v 0.0228 0.0759 0.2191
v -0.0046 0.0767 0.2185
v -0.0046 0.0764 0.2189
v -0.0046 0.0761 0.2190
v -0.0046 0.0759 0.2191
v -0.0046 0.0768 0.2182
v 0.0535 0.0732 0.2168
v 0.0535 0.0730 0.2167
v 0.0843 0.0728 0.2066
v 0.0534 0.0726 0.2163
v 0.0534 0.0725 0.2160
v 0.0535 0.0734 0.2169
v 0.0842 0.0726 0.2064
v 0.0844 0.0730 0.2067
v 0.0844 0.0732 0.2068
v 0.0845 0.0734 0.2069
v 0.0841 0.0725 0.2061
v 0.0844 0.0761 0.2068
v 0.0844 0.0764 0.2067
v 0.0843 0.0766 0.2066
v 0.0842 0.0767 0.2064
v 0.0841 0.0768 0.2061
v 0.0845 0.0759 0.2069
v 0.0534 0.0767 0.2163
v 0.0535 0.0766 0.2165
v 0.0535 0.0764 0.2167
v 0.0535 0.0761 0.2168
v 0.0535 0.0759 0.2169
v 0.0534 0.0768 0.2160
v 0.1235 0.0732 0.1764
v 0.1234 0.0730 0.1763
v 0.1233 0.0728 0.1762
v 0.1665 0.0728 0.1091
v 0.1231 0.0726 0.1761
v 0.1229 0.0725 0.1759
v 0.1236 0.0734 0.1764
v 0.1663 0.0726 0.1090
v 0.1667 0.0730 0.1092
v 0.1668 0.0732 0.1093
v 0.1668 0.0734 0.1093
v 0.1660 0.0725 0.1089
v 0.1668 0.0761 0.1093
v 0.1667 0.0764 0.1092
v 0.1665 0.0766 0.1091
v 0.1663 0.0767 0.1090
v 0.1660 0.0768 0.1089
v 0.1668 0.0759 0.1093
v 0.1231 0.0767 0.1761
v 0.1233 0.0766 0.1762
v 0.1234 0.0764 0.1763
v 0.1235 0.0761 0.1764
v 0.1236 0.0759 0.1764
v 0.1229 0.0768 0.1759
v -0.1749 0.0761 -0.1322
v -0.1748 0.0764 -0.1322
v -0.1865 0.0766 -0.0832
v -0.1742 0.0768 -0.1319
v -0.1750 0.0759 -0.1322
v -0.0948 0.0766 -0.2317
v -0.1322 0.0764 -0.1993
v -0.1323 0.0761 -0.1994
v -0.1323 0.0759 -0.1994
v -0.1323 0.0732 -0.1994
v -0.1322 0.0730 -0.1993
v -0.1747 0.0728 -0.1321
v -0.1319 0.0726 -0.1990
v -0.1323 0.0734 -0.1994
v -0.1320 0.0728 -0.1992
v -0.1748 0.0730 -0.1322
v -0.1749 0.0732 -0.1322
v -0.1750 0.0734 -0.1322
v -0.1742 0.0725 -0.1319
v -0.0949 0.0764 -0.2319
v -0.0949 0.0761 -0.2320
v -0.0950 0.0759 -0.2320
v -0.0949 0.0732 -0.2320
v -0.0949 0.0730 -0.2319
v -0.0948 0.0728 -0.2317
v -0.0946 0.0726 -0.2315
v -0.0950 0.0734 -0.2320
v -0.0637 0.0761 -0.2463
v -0.0636 0.0764 -0.2462
v -0.1143 0.0790 -0.2063
v -0.0330 0.0766 -0.2495
v -0.0629 0.0820 -0.2351
v -0.0637 0.0759 -0.2463
v -0.0046 0.0766 -0.2495
v -0.0330 0.0764 -0.2497
v -0.0330 0.0761 -0.2498
v -0.0330 0.0759 -0.2499
v -0.0330 0.0732 -0.2498
v -0.0330 0.0730 -0.2497
v -0.0636 0.0728 -0.2460
v 0.0794 0.0728 -0.2311
v -0.0330 0.0734 -0.2499
v -0.0745 0.0677 -0.2322
v -0.0636 0.0730 -0.2462
v -0.0637 0.0732 -0.2463
v -0.0637 0.0734 -0.2463
v -0.0046 0.0761 -0.2499
v -0.0046 0.0764 -0.2497
v -0.0046 0.0767 -0.2493
v -0.0046 0.0759 -0.2499
v 0.0230 0.0767 -0.2493
v 0.0230 0.0766 -0.2495
v 0.0230 0.0764 -0.2497
v 0.0230 0.0761 -0.2498
v 0.0230 0.0759 -0.2499
v 0.0454 0.0792 -0.2392
v 0.0230 0.0732 -0.2498
v 0.0230 0.0730 -0.2497
v -0.0046 0.0728 -0.2495
v 0.0230 0.0734 -0.2499
v -0.0046 0.0730 -0.2497
v -0.0046 0.0732 -0.2499
v -0.0046 0.0734 -0.2499
v 0.0545 0.0761 -0.2465
v 0.0544 0.0766 -0.2462
v 0.0544 0.0767 -0.2460
v 0.0545 0.0759 -0.2466
v 0.0852 0.0767 -0.2323
v 0.0853 0.0766 -0.2325
v 0.0545 0.0764 -0.2464
v 0.0854 0.0764 -0.2327
v 0.0855 0.0761 -0.2328
v 0.0855 0.0759 -0.2328
v 0.1008 0.0788 -0.2134
v 0.0855 0.0732 -0.2328
v 0.0854 0.0730 -0.2327
v 0.0855 0.0734 -0.2328
v 0.0748 0.0682 -0.2311
v 0.0545 0.0730 -0.2464
v 0.0545 0.0732 -0.2465
v 0.0545 0.0734 -0.2466
v 0.1238 0.0761 -0.1996
v 0.1237 0.0764 -0.1996
v 0.1666 0.0766 -0.1321
v 0.1234 0.0767 -0.1993
v 0.1238 0.0759 -0.1997
v 0.1643 0.0773 -0.1311
v 0.1236 0.0766 -0.1994
v 0.1668 0.0764 -0.1322
v 0.1669 0.0761 -0.1322
v 0.1669 0.0759 -0.1322
v 0.1661 0.0768 -0.1319
v 0.1669 0.0732 -0.1322
v 0.1668 0.0730 -0.1322
v 0.1785 0.0728 -0.0832
v 0.1661 0.0725 -0.1319
v 0.1669 0.0734 -0.1322
v 0.0853 0.0728 -0.2325
v 0.1237 0.0730 -0.1996
v 0.1238 0.0732 -0.1996
v 0.1238 0.0734 -0.1997
v 0.1788 0.0732 -0.0833
v 0.1787 0.0730 -0.0833
v 0.1666 0.0728 -0.1321
v 0.1783 0.0726 -0.0832
v 0.1780 0.0725 -0.0832
v 0.1789 0.0734 -0.0833
v 0.1783 0.0767 -0.0832
v 0.1787 0.0766 -0.0519
v 0.1785 0.0766 -0.0832
v 0.1787 0.0764 -0.0833
v 0.1788 0.0761 -0.0833
v 0.1789 0.0759 -0.0833
v 0.1790 0.0732 -0.0519
v 0.1789 0.0730 -0.0519
v 0.1787 0.0728 -0.0519
v 0.1785 0.0726 -0.0519
v 0.1782 0.0725 -0.0519
v 0.1791 0.0734 -0.0519
v 0.1785 0.0767 -0.0519
v 0.1789 0.0764 -0.0519
v 0.1790 0.0761 -0.0519
v 0.1791 0.0759 -0.0519
v 0.1790 0.0732 -0.0180
v 0.1789 0.0730 -0.0180
v 0.1787 0.0728 -0.0180
v 0.1785 0.0726 -0.0180
v 0.1782 0.0725 -0.0180
v 0.1791 0.0734 -0.0180
v 0.1785 0.0767 -0.0180
v 0.1787 0.0766 -0.0180
v 0.1789 0.0764 -0.0180
v 0.1790 0.0761 -0.0180
v 0.1791 0.0759 -0.0180
v 0.1693 0.0792 -0.0814
v 0.1790 0.0732 0.0341
v 0.1789 0.0730 0.0341
v 0.1787 0.0728 0.0341
v 0.1785 0.0726 0.0341
v 0.1782 0.0725 0.0341
v 0.1791 0.0734 0.0341
v 0.1785 0.0767 0.0341
v 0.1787 0.0766 0.0341
v 0.1789 0.0764 0.0341
v 0.1790 0.0761 0.0341
v 0.1791 0.0759 0.0341
v 0.1782 0.0768 0.0341
v 0.1787 0.0732 0.0689
v 0.1786 0.0730 0.0689
v 0.1784 0.0728 0.0688
v 0.1782 0.0726 0.0688
v 0.1779 0.0725 0.0688
v 0.1788 0.0734 0.0689
v 0.1782 0.0767 0.0688
v 0.1784 0.0766 0.0688
v 0.1786 0.0764 0.0689
v 0.1787 0.0761 0.0689
v 0.1788 0.0759 0.0689
v 0.1779 0.0768 0.0688
v -0.1734 0.0682 -0.0874
v -0.1706 0.0666 -0.1272
v -0.1867 0.0728 -0.0519
v -0.1867 0.0730 -0.0833
v -0.1868 0.0732 -0.0833
v -0.1869 0.0734 -0.0833
v -0.1868 0.0761 -0.0833
v -0.1867 0.0764 -0.0833
v -0.1747 0.0766 -0.1321
v -0.1863 0.0767 -0.0832
v -0.1860 0.0768 -0.0832
v -0.1869 0.0759 -0.0833
v -0.1869 0.0730 -0.0519
v -0.1870 0.0732 -0.0519
v -0.1871 0.0734 -0.0519
v -0.1870 0.0761 -0.0519
v -0.1869 0.0764 -0.0519
v -0.1867 0.0766 -0.0519
v -0.1865 0.0767 -0.0519
v -0.1862 0.0768 -0.0519
v -0.1871 0.0759 -0.0519
v -0.1865 0.0726 -0.0180
v -0.1867 0.0728 -0.0180
v -0.1869 0.0730 -0.0180
v -0.1870 0.0732 -0.0180
v -0.1871 0.0734 -0.0180
v -0.1870 0.0761 -0.0180
v -0.1869 0.0764 -0.0180
v -0.1867 0.0766 -0.0180
v -0.1865 0.0767 -0.0180
v -0.1862 0.0768 -0.0180
v -0.1871 0.0759 -0.0180
v -0.1865 0.0726 0.0341
v -0.1867 0.0728 0.0341
v -0.1869 0.0730 0.0341
v -0.1870 0.0732 0.0341
v -0.1871 0.0734 0.0341
v -0.1862 0.0725 0.0341
v -0.1870 0.0761 0.0341
v -0.1869 0.0764 0.0341
v -0.1867 0.0766 0.0341
v -0.1865 0.0767 0.0341
v -0.1862 0.0768 0.0341
v -0.1871 0.0759 0.0341
v -0.1862 0.0726 0.0688
v -0.1864 0.0728 0.0688
v -0.1866 0.0730 0.0689
v -0.1867 0.0732 0.0689
v -0.1868 0.0734 0.0689
v -0.1859 0.0725 0.0688
v -0.1867 0.0761 0.0689
v -0.1866 0.0764 0.0689
v -0.1864 0.0766 0.0688
v -0.1862 0.0767 0.0688
v -0.1859 0.0768 0.0688
v -0.1868 0.0759 0.0689
v -0.1168 0.0523 0.1807
v -0.1718 0.0521 0.0911
v -0.1717 0.0512 0.0913
v -0.1713 0.0505 0.0918
v -0.1707 0.0499 0.0924
v -0.1701 0.0495 0.0931
v -0.1165 0.0509 0.1806
v -0.1164 0.0503 0.1802
v -0.1164 0.0498 0.1795
v -0.0865 0.0530 0.1940
v -0.0865 0.0523 0.1939
v -0.0602 0.0509 0.2042
v -0.0602 0.0530 0.2044
v -0.0602 0.0523 0.2044
v -0.0602 0.0516 0.2044
v -0.0865 0.0516 0.1937
v -0.0736 0.0463 0.1986
v -0.0320 0.0531 0.2046
v -0.0324 0.0523 0.2046
v -0.0324 0.0515 0.2045
v -0.0324 0.0508 0.2044
v 0.0754 0.0593 0.2021
v 0.1088 0.0526 0.1806
v 0.1635 0.0530 0.0915
v 0.1638 0.0521 0.0911
v 0.1636 0.0512 0.0913
v 0.1633 0.0505 0.0918
v -0.1169 0.0530 -0.2019
v -0.0865 0.0530 -0.2203
v -0.0865 0.0523 -0.2203
v -0.0733 0.0516 -0.2276
v -0.0865 0.0509 -0.2198
v -0.0865 0.0503 -0.2193
v -0.0865 0.0497 -0.2188
v -0.0602 0.0530 -0.2351
v -0.0602 0.0523 -0.2352
v -0.0602 0.0516 -0.2351
v -0.0602 0.0509 -0.2349
v -0.0602 0.0502 -0.2346
v -0.0324 0.0530 -0.2354
v -0.0324 0.0523 -0.2354
v -0.0324 0.0516 -0.2353
v -0.0324 0.0508 -0.2352
v -0.0955 0.0265 -0.1880
v -0.0041 0.0530 -0.2354
v -0.0040 0.0523 -0.2354
v -0.0040 0.0515 -0.2354
v 0.0214 0.0530 -0.2354
v 0.0214 0.0523 -0.2354
v 0.0471 0.0466 -0.2340
v 0.0521 0.0530 -0.2352
v 0.0521 0.0523 -0.2352
v 0.0522 0.0509 -0.2349
v 0.0522 0.0501 -0.2345
v 0.0765 0.0530 -0.2215
v 0.0764 0.0523 -0.2215
v 0.1089 0.0530 -0.2019
v 0.0764 0.0516 -0.2213
v 0.1195 0.0353 -0.1094
v 0.1592 0.0611 -0.1034
v 0.1646 0.0523 -0.0801
v 0.1646 0.0507 -0.0457
v 0.1646 0.0501 -0.0803
v 0.1646 0.0493 -0.0804
v 0.1665 0.0690 0.0013
v 0.1646 0.0523 -0.0510
v 0.1646 0.0515 -0.0521
v 0.1646 0.0501 -0.0511
v 0.1646 0.0493 -0.0512
v 0.1646 0.0530 -0.0258
v 0.1646 0.0522 -0.0261
v 0.1646 0.0518 0.0251
v 0.1646 0.0500 -0.0252
v 0.1646 0.0502 0.0185
v 0.1646 0.0493 -0.0246
v 0.1646 0.0530 0.0419
v 0.1646 0.0522 0.0422
v 0.1646 0.0514 0.0421
v 0.1646 0.0507 0.0418
v 0.1646 0.0500 0.0413
v 0.1646 0.0493 0.0407
v 0.1646 0.0530 0.0671
v 0.1646 0.0523 0.0671
v 0.1646 0.0515 0.0671
v 0.1646 0.0508 0.0671
v 0.1646 0.0501 0.0670
v -0.1726 0.0530 -0.0802
v -0.1726 0.0523 -0.0801
v -0.1726 0.0508 -0.0802
v -0.1726 0.0501 -0.0803
v -0.1726 0.0493 -0.0804
v -0.1726 0.0530 -0.0511
v -0.1726 0.0523 -0.0510
v -0.1726 0.0515 -0.0511
v -0.1726 0.0515 -0.0656
v -0.1726 0.0508 -0.0511
v -0.1726 0.0501 -0.0511
v -0.1726 0.0493 -0.0512
v -0.1726 0.0530 -0.0258
v -0.1726 0.0518 -0.0090
v -0.1726 0.0522 -0.0261
v -0.1726 0.0514 -0.0260
v -0.1726 0.0507 -0.0257
v -0.1726 0.0500 -0.0252
v -0.1726 0.0493 -0.0246
v -0.1726 0.0530 0.0419
v -0.1726 0.0522 0.0422
v -0.1726 0.0514 0.0421
v -0.1726 0.0507 0.0418
v -0.1726 0.0502 -0.0024
v -0.1726 0.0500 0.0413
v -0.1726 0.0493 0.0407
v -0.1697 0.0680 0.0831
v -0.1726 0.0523 0.0671
v -0.1726 0.0515 0.0671
v -0.1726 0.0508 0.0671
v -0.1726 0.0501 0.0670
v -0.1726 0.0493 0.0670
v -0.0698 0.0150 0.1518
v -0.0489 0.0147 0.1602
v -0.0699 0.0146 0.1517
v -0.0378 0.0144 0.1600
v -0.1020 0.0134 0.1313
v -0.0933 0.0101 0.1147
v -0.0489 0.0150 0.1602
v -0.0267 0.0150 0.1602
v -0.0267 0.0147 0.1602
v -0.0267 0.0144 0.1600
v -0.0267 0.0143 0.1598
v -0.0040 0.0147 0.1602
v -0.0040 0.0145 0.1600
v 0.0162 0.0143 0.1598
v -0.0040 0.0143 0.1598
v -0.0040 0.0141 0.1595
v -0.0040 0.0150 0.1602
v 0.0162 0.0150 0.1602
v 0.0162 0.0147 0.1602
v 0.0162 0.0144 0.1600
v 0.0163 0.0141 0.1595
v 0.0163 0.0141 0.1592
v 0.0409 0.0147 0.1602
v 0.0409 0.0144 0.1600
v 0.0506 0.0144 0.1561
v 0.0410 0.0142 0.1598
v 0.0411 0.0141 0.1594
v 0.0411 0.0141 0.1591
v 0.0409 0.0150 0.1602
v 0.0602 0.0146 0.1524
v 0.0605 0.0141 0.1515
v 0.0607 0.0140 0.1511
v 0.0604 0.0142 0.1518
v 0.0936 0.0134 0.1318
v 0.1306 0.0150 0.0688
v -0.1226 0.0805 0.1686
v -0.1216 0.0816 0.1686
v -0.1208 0.0828 0.1691
v -0.1745 0.0804 0.0671
v -0.1635 0.0817 0.1024
v -0.1636 0.0829 0.1014
v -0.1642 0.0840 0.1005
v -0.0881 0.0804 0.1954
v -0.0875 0.0815 0.1945
v -0.0874 0.0823 0.1944
v -0.0706 0.0799 0.2051
v 0.0326 0.0790 0.2104
v 0.0224 0.0799 0.2072
v 0.1568 0.0796 0.1045
v 0.0874 0.0807 0.1890
v -0.1226 0.0805 -0.1918
v -0.0890 0.0951 -0.2173
v 0.0788 0.0804 -0.2224
v 0.0781 0.0857 -0.2235
v 0.1656 0.0824 -0.0562
v 0.1687 0.0792 0.0342
v 0.1651 0.0823 0.0045
v 0.1646 0.0841 0.0360
v 0.1694 0.0789 0.0675
v 0.1678 0.0795 0.0673
v 0.1655 0.0815 0.0670
v -0.1763 0.0793 -0.0817
v -0.1775 0.0789 -0.0180
v -0.1752 0.0800 0.0213
v -0.1732 0.0821 -0.0815
v -0.1775 0.0789 0.0341
v -0.1762 0.0793 0.0675
v -0.1639 0.0805 0.1034
v -0.1728 0.0827 0.0669
v -0.1726 0.0841 0.0669
v -0.1726 0.1033 0.0901
v -0.0721 0.1095 0.2009
v -0.0799 0.0873 0.2000
v -0.1164 0.1033 0.1820
v 0.1085 0.1001 0.1815
v 0.1084 0.1033 0.1820
v 0.0808 0.0941 0.1910
v 0.1646 0.1033 0.0901
v -0.1164 0.1162 -0.2032
v -0.1113 0.0837 -0.2038
v 0.0520 0.0961 -0.2351
v -0.0602 0.1016 -0.2354
v 0.1142 0.0805 -0.1921
v 0.1646 0.0841 -0.0253
v 0.1646 0.1010 0.0031
v 0.1646 0.1033 -0.0510
v 0.1646 0.1002 -0.0800
v -0.1726 0.1023 -0.0510
v -0.1726 0.0970 0.0092
v -0.1723 0.0928 0.0678
v 0.0700 0.0853 0.2063
v -0.0636 0.0904 0.2436
v 0.0236 0.0852 0.2405
v -0.0673 0.0762 0.2430
v 0.0233 0.0686 0.2412
v 0.0680 0.0911 0.2419
v -0.0392 0.1542 0.2512
v -0.0040 0.1542 0.2576
v 0.0054 0.1738 0.2648
v 0.1194 0.1568 0.1948
v 0.1733 0.1567 -0.0647
v -0.1838 0.1604 -0.1068
v -0.0805 0.2178 -0.1295
v 0.0216 0.2178 -0.1295
v -0.1405 0.2012 -0.1295
v -0.1396 0.2120 -0.0645
v -0.1405 0.2178 -0.1295
v 0.1303 0.2116 -0.0644
v 0.1325 0.2012 -0.1295
v 0.1325 0.2178 -0.1295
v -0.1848 0.1859 -0.1182
v 0.1767 0.1865 -0.1182
v 0.0784 0.2047 -0.1290
v -0.0657 0.2123 -0.1295
v -0.1405 0.2067 -0.1295
v -0.1405 0.2123 -0.1295
v 0.1325 0.2123 -0.1295
v 0.1325 0.2067 -0.1295
v -0.0944 0.2273 -0.1928
v 0.0864 0.2263 -0.1928
v -0.0045 0.1542 0.2557
v -0.0284 0.1542 0.2532
v -0.0040 0.1732 0.2359
v -0.0260 0.1738 0.2296
v -0.0045 0.1882 0.1762
v 0.0134 0.1886 0.1757
v -0.0236 0.1914 0.1752
v -0.0278 0.1950 0.1561
v -0.0045 0.2012 0.0761
v 0.0135 0.2012 0.0761
v 0.0135 0.2063 -0.0647
v -0.0045 0.2063 -0.0647
v -0.0237 0.2012 0.0761
v -0.0237 0.2012 -0.0267
v -0.0237 0.2063 -0.0647
v -0.0040 0.1952 0.1804
v -0.0225 0.1838 0.2025
v -0.0045 0.1806 0.1124
v -0.0045 0.1806 0.1385
v 0.0133 0.1806 0.1379
v -0.0236 0.1806 0.1124
v -0.0252 0.1814 0.1378
v -0.0045 0.1919 0.1124
v 0.0135 0.1919 0.1124
v 0.0135 0.1994 0.0880
v -0.0045 0.1994 0.0880
v -0.0237 0.1994 0.0880
v -0.0237 0.1919 0.1124
v -0.0294 0.1586 0.2595
v 0.0407 0.1563 0.2552
v -0.0230 0.1950 0.1251
v -0.0983 0.0457 0.1523
v -0.1401 0.0460 0.0860
v 0.0213 0.2012 -0.0267
v 0.0128 0.2163 0.0428
v 0.0119 0.2174 0.0761
v 0.0108 0.2181 0.0761
v 0.0095 0.2184 0.0761
v 0.0005 0.2209 0.0761
v 0.0119 0.2174 0.0428
v 0.0108 0.2181 0.0428
v 0.0095 0.2184 0.0428
v 0.0128 0.2163 -0.0261
v 0.0119 0.2174 -0.0260
v 0.0108 0.2181 -0.0260
v 0.0095 0.2183 -0.0260
v -0.0061 0.2442 -0.0617
v 0.0201 0.2230 -0.0442
v -0.0025 0.2107 0.1155
v -0.0265 0.1853 0.2328
v -0.0236 0.2006 0.1809
v -0.0071 0.2226 -0.0260
v -0.0209 0.2181 0.0761
v -0.0220 0.2174 0.0761
v -0.0236 0.2145 0.0761
v -0.0209 0.2181 0.0428
v -0.0220 0.2174 0.0428
v -0.0237 0.2012 0.0428
v -0.0197 0.2184 0.0428
v -0.0209 0.2181 -0.0260
v -0.0220 0.2174 -0.0260
v -0.0229 0.2163 0.0428
v -0.0326 0.2221 -0.0441
v -0.0197 0.2183 -0.0260
v -0.0197 0.2233 -0.0632
v -0.0243 0.1957 0.1823
v -0.0218 0.2090 0.1869
v 0.0111 0.1972 0.1380
v -0.0078 0.2184 0.0911
v -0.0235 0.1755 0.2039
v -0.0260 0.1763 0.2259
v 0.0050 0.0748 0.2207
v -0.0027 0.0121 0.0463
v 0.0200 0.0121 0.0463
v 0.0200 0.0121 0.1089
v -0.0027 0.0121 0.1089
v -0.0657 0.0767 0.2432
v -0.0337 0.0715 0.2464
v -0.0032 0.0693 0.2053
v 0.0210 0.0693 0.2053
v 0.0214 0.0723 0.2175
v -0.0032 0.0723 0.2175
v 0.0149 0.0819 0.2393
v 0.0094 0.0816 0.2346
v -0.0027 0.0121 0.0463
v 0.0200 0.0121 0.0463
v 0.0200 0.0121 0.1089
v -0.0027 0.0121 0.1089
v -0.0661 0.0802 0.2473
v -0.0004 0.0770 0.2455
v 0.0090 0.0612 0.2129
v -0.0045 0.2185 0.0761
v -0.0015 0.2225 0.0761
v -0.0229 0.2163 0.0761
v -0.0051 0.2229 0.0428
v -0.0030 0.2228 0.0428
v -0.0010 0.2225 0.0428
v 0.0009 0.2218 0.0428
v -0.0030 0.2228 -0.0260
v -0.0010 0.2224 -0.0260
v 0.0009 0.2218 -0.0260
v -0.0326 0.2245 -0.0440
v -0.0009 0.2247 -0.0633
v -0.0229 0.2065 0.1153
v 0.0134 0.2120 0.0905
v -0.1097 0.2148 0.0981
v -0.0359 0.2107 0.1078
v 0.0851 0.2234 0.1090
v 0.1062 0.1927 0.0424
v 0.0881 0.1996 0.0873
v 0.1060 0.1928 -0.0267
v 0.1060 0.1928 -0.0876
v 0.0252 0.2107 0.1078
v -0.0752 0.2072 0.1037
v 0.1137 0.2129 -0.0267
v 0.1191 0.2188 -0.0876
v -0.1080 0.1982 -0.0615
v -0.0882 0.2147 -0.0471
v -0.0324 0.2150 -0.0442
v 0.0174 0.2275 -0.0247
v 0.0814 0.2116 -0.0254
v 0.0825 0.2165 -0.0634
v 0.1246 0.2092 0.0430
v 0.0213 0.2125 -0.0252
v 0.0213 0.2176 -0.0632
v -0.0219 0.2327 -0.0452
v -0.0923 0.2123 -0.0267
v -0.0933 0.2118 -0.0962
v -0.0950 0.2023 -0.0266
v 0.0855 0.2101 -0.0266
v 0.0855 0.2101 -0.0961
v 0.0835 0.2065 -0.0267
v 0.0843 0.2121 -0.0267
v 0.0843 0.2121 -0.0963
v 0.0893 0.2112 -0.0267
v 0.0888 0.2113 -0.0963
v 0.0935 0.2098 -0.0267
v 0.1084 0.1919 -0.0963
v 0.0192 0.2119 -0.0639
v -0.0294 0.2069 -0.0260
v 0.0251 0.2196 -0.0635
v -0.0348 0.2209 -0.0491
v 0.0225 0.2245 -0.0440
v 0.0168 0.2033 -0.0265
v -0.0170 0.2209 -0.0254
v 0.1244 0.2087 -0.0876
v 0.0745 0.0245 -0.1797
v -0.1072 0.0114 0.1004
v -0.1051 -0.0326 -0.1531
v -0.1051 -0.0326 -0.0963
v -0.1051 -0.0326 -0.0267
v -0.1051 -0.0326 0.0428
v -0.1051 -0.0326 0.0996
v 0.0885 -0.0326 -0.1531
v 0.0962 -0.0326 -0.1531
v 0.0962 -0.0326 -0.0963
v 0.0885 -0.0326 -0.0267
v 0.0962 -0.0326 -0.0267
v 0.0885 -0.0326 0.0428
v 0.0962 -0.0326 0.0428
v 0.0885 -0.0326 0.0996
v 0.0962 -0.0326 0.0996
v -0.1045 -0.0264 -0.1486
v -0.0980 -0.0322 -0.1489
v -0.1045 -0.0314 -0.1486
v -0.1051 -0.0264 -0.0953
v -0.1051 -0.0314 -0.0953
v -0.0993 -0.0288 0.0966
v -0.1051 -0.0264 -0.0267
v -0.1051 -0.0314 -0.0267
v -0.1051 -0.0264 0.0418
v -0.1051 -0.0314 0.0418
v -0.1045 -0.0264 0.0951
v -0.1045 -0.0314 0.0951
v 0.0908 -0.0241 -0.1511
v 0.0956 -0.0264 -0.1486
v 0.0956 -0.0314 -0.1486
v 0.0962 -0.0264 -0.0953
v 0.0962 -0.0314 -0.0953
v 0.0927 0.0105 0.1007
v 0.0962 -0.0264 -0.0267
v 0.0962 -0.0314 -0.0267
v 0.0885 -0.0314 0.0418
v 0.0962 -0.0264 0.0418
v 0.0962 -0.0314 0.0418
v 0.0891 -0.0314 0.0951
v 0.0956 -0.0264 0.0951
v 0.0956 -0.0314 0.0951
v -0.1045 -0.0277 -0.1486
v -0.1051 -0.0277 -0.0953
v -0.1045 -0.0301 -0.1486
v -0.1051 -0.0301 -0.0953
v -0.1051 -0.0277 -0.0267
v -0.1051 -0.0301 -0.0267
v -0.1051 -0.0277 0.0418
v -0.1051 -0.0301 0.0418
v -0.1045 -0.0277 0.0951
v -0.1045 -0.0301 0.0951
v 0.0956 -0.0277 -0.1486
v 0.0962 -0.0277 -0.0953
v 0.0962 -0.0301 -0.0953
v 0.0956 -0.0301 -0.1486
v 0.0962 -0.0277 -0.0267
v 0.0962 -0.0301 -0.0267
v 0.0962 -0.0277 0.0418
v 0.0962 -0.0301 0.0418
v 0.0956 -0.0277 0.0951
v 0.0956 -0.0301 0.0951
v -0.1280 -0.0277 -0.1489
v -0.1279 -0.0301 -0.1489
v -0.1285 -0.0301 -0.0954
v -0.1285 -0.0277 -0.0267
v -0.1285 -0.0301 -0.0267
v -0.1285 -0.0277 0.0419
v 0.1190 -0.0277 -0.1489
v 0.1196 -0.0277 -0.0954
v 0.1196 -0.0301 -0.0954
v 0.1190 -0.0301 -0.1489
v 0.1196 -0.0277 -0.0267
v 0.1196 -0.0301 -0.0267
v 0.1192 -0.0277 0.0954
v 0.1196 -0.0301 0.0420
v 0.1190 -0.0301 0.0954
v -0.1119 -0.0301 -0.1486
v -0.1209 -0.0301 -0.1489
v -0.1123 -0.0301 -0.0694
v -0.1174 -0.0429 0.1306
v 0.1030 -0.0301 -0.1486
v 0.1034 -0.0301 -0.0794
v 0.1120 -0.0301 -0.1489
v 0.1126 -0.0391 -0.0319
v -0.1180 -0.0429 -0.1488
v 0.1056 -0.0480 -0.1487
v 0.1031 -0.0413 0.0902
v 0.1062 -0.0357 0.1612
v -0.1726 0.1066 0.0901
v -0.1164 0.1066 0.1820
v -0.1726 0.1129 0.0901
v 0.0759 0.1099 0.1941
v 0.1646 0.1066 0.0901
v 0.1646 0.1129 0.0901
v 0.1084 0.1129 0.1820
v -0.1619 0.1106 0.0836
v 0.1539 0.1089 0.0836
v -0.0101 0.2564 -0.0487
v 0.0025 0.0564 0.2810
v -0.0058 0.0548 0.2844
v 0.0045 0.0829 0.2522
v -0.0072 0.0595 0.2601
v -0.0032 0.0760 0.2772
v 0.0107 0.0720 0.2640
v -0.0102 0.0848 0.2666
v 0.0043 0.0682 0.2682
v 0.0068 0.0648 0.2718
v -0.4676 0.0477 0.3367
v -0.5015 0.0382 0.2751
v -0.5000 0.0499 0.2739
v -0.4883 0.1098 0.2994
v -0.2789 0.1383 0.2038
v -0.2436 0.0829 0.2128
v -0.2460 0.0996 0.2164
v -0.2518 0.0764 0.1787
v -0.1757 0.0054 0.1783
v -0.2705 0.0983 0.2262
v -0.3622 0.0869 0.2745
v -0.3265 0.0501 0.1642
v -0.3091 0.0413 0.1565
v -0.2498 0.0222 0.1254
v -0.2702 0.0413 0.2284
v -0.3265 0.0458 0.1642
v -0.3304 0.0443 0.1664
v -0.2847 0.0388 0.2330
v -0.3763 0.0413 0.1928
v -0.3990 0.0434 0.2039
v -0.3222 0.0413 0.1636
v -0.4369 0.0413 0.2257
v -0.4597 0.0396 0.2399
v -0.2833 0.0413 0.2355
v -0.4495 0.0413 0.2325
v -0.4857 0.0511 0.2498
v -0.4744 0.0297 0.3102
v -0.5077 0.0445 0.2627
v -0.5067 0.0396 0.2654
v -0.4699 0.0391 0.3335
v -0.4795 0.0851 0.3253
v -0.5029 0.0850 0.2780
v -0.5015 0.0964 0.2852
v -0.5418 0.0654 0.3133
v -0.5464 0.0707 0.3048
v -0.5352 0.0654 0.3255
v -0.5286 0.0654 0.3377
v -0.5408 0.0933 0.3153
v -0.5352 0.0933 0.3255
v -0.5297 0.0933 0.3357
v -0.6001 0.0794 0.3474
v -0.5854 0.0894 0.3722
v -0.5448 0.0963 0.3079
v -0.4966 0.0966 0.2811
v -0.5451 0.0955 0.3072
v -0.4759 0.0969 0.3161
v -0.5257 0.0960 0.3431
v -0.5445 0.0942 0.3084
v -0.5445 0.0923 0.3084
v -0.6026 0.0929 0.3404
v -0.5440 0.0932 0.3093
v -0.5260 0.0942 0.3426
v -0.5266 0.0933 0.3413
v -0.5847 0.0931 0.3735
v -0.5260 0.0923 0.3426
v -0.5384 0.0519 0.2972
v -0.4986 0.0506 0.2742
v -0.4725 0.0518 0.3224
v -0.5136 0.0520 0.3433
v -0.5456 0.0654 0.3064
v -0.5467 0.0645 0.3043
v -0.5969 0.0658 0.3330
v -0.5462 0.0668 0.3052
v -0.5246 0.0661 0.3452
v -0.5079 0.0448 0.2629
v -0.5075 0.0621 0.2626
v -0.5077 0.0467 0.2637
v -0.4743 0.0499 0.3281
v -0.4678 0.0860 0.3361
v -0.4854 0.0974 0.2662
v -0.5075 0.0740 0.2626
v -0.5077 0.0740 0.2631
v -0.5012 0.0978 0.2749
v -0.4764 0.0962 0.3256
v -0.5073 0.0860 0.2632
v -0.5074 0.0860 0.2637
v -0.5023 0.0979 0.2733
v -0.4815 0.1098 0.3120
v -0.5023 0.0979 0.2727
v -0.4946 0.1098 0.2878
v -0.2680 0.0644 0.2305
v -0.4956 0.0734 0.2569
v -0.2879 0.0934 0.1479
v -0.2535 0.0898 0.2149
v -0.3844 0.0892 0.2046
v -0.2816 0.0320 0.1951
v -0.5418 0.0648 0.3134
v -0.5464 0.0650 0.3048
v -0.5218 0.0615 0.3461
v -0.5227 0.0905 0.3451
v -0.5444 0.0936 0.3086
v -0.5434 0.0938 0.3104
v -0.5261 0.0937 0.3423
v -0.5422 0.0952 0.3075
v -0.5456 0.0877 0.3063
v -0.5223 0.0948 0.3400
v -0.5450 0.0654 0.3001
v -0.5082 0.0514 0.2811
v -0.4923 0.0515 0.3022
v -0.4802 0.0515 0.3244
v -0.4830 0.0512 0.3277
v -0.5054 0.0857 0.2775
v -0.5055 0.0976 0.2861
v -0.4837 0.0966 0.3209
v -0.5087 0.0510 0.2801
v -0.5025 0.0503 0.2917
v -0.5025 0.0513 0.2917
v -0.5086 0.0513 0.2802
v -0.5091 0.0621 0.2794
v -0.5085 0.0538 0.2805
v -0.5085 0.0621 0.2805
v -0.4957 0.0503 0.3041
v -0.4957 0.0513 0.3041
v -0.4890 0.0503 0.3165
v -0.4890 0.0513 0.3165
v -0.4828 0.0510 0.3281
v -0.4842 0.0513 0.3254
v -0.4824 0.0621 0.3288
v -0.4830 0.0621 0.3277
v -0.5091 0.0740 0.2795
v -0.4824 0.0740 0.3288
v -0.4830 0.0740 0.3277
v -0.5087 0.0859 0.2801
v -0.4834 0.0859 0.3269
v -0.5045 0.0966 0.2879
v -0.5009 0.0966 0.2946
v -0.4957 0.0977 0.3041
v -0.4957 0.0966 0.3041
v -0.4908 0.0977 0.3133
v -0.4906 0.0966 0.3136
v -0.4859 0.0970 0.3222
v -0.4860 0.0966 0.3221
v -0.4855 0.0945 0.3231
v -0.5080 0.0522 0.2814
v -0.5024 0.0505 0.2918
v -0.5024 0.0511 0.2918
v -0.5065 0.0512 0.2843
v -0.5079 0.0524 0.2816
v -0.5090 0.0622 0.2797
v -0.5086 0.0551 0.2803
v -0.5086 0.0622 0.2803
v -0.4957 0.0505 0.3041
v -0.4957 0.0511 0.3041
v -0.4891 0.0505 0.3164
v -0.4891 0.0511 0.3164
v -0.4835 0.0522 0.3268
v -0.4836 0.0524 0.3266
v -0.4825 0.0622 0.3285
v -0.4829 0.0622 0.3279
v -0.4829 0.0551 0.3279
v -0.5089 0.0740 0.2798
v -0.5086 0.0740 0.2804
v -0.4826 0.0740 0.3284
v -0.4829 0.0740 0.3278
v -0.5076 0.0881 0.2823
v -0.4832 0.0858 0.3274
v -0.4835 0.0857 0.3267
v -0.5054 0.0970 0.2862
v -0.5008 0.0968 0.2948
v -0.4957 0.0975 0.3041
v -0.4957 0.0968 0.3041
v -0.4908 0.0974 0.3133
v -0.4907 0.0968 0.3134
v -0.4870 0.0966 0.3203
v -0.4850 0.0931 0.3239
v -0.4876 0.0968 0.3191
v -0.4580 0.1078 0.2828
v -0.4499 0.1088 0.2964
v -0.4249 0.0317 0.2469
v -0.4663 0.1080 0.2712
v -0.4774 0.0864 0.2470
v -0.4550 0.1098 0.2645
v -0.4549 0.1098 0.2646
v -0.4549 0.1098 0.2647
v -0.4549 0.1098 0.2648
v -0.4548 0.1098 0.2648
v -0.4550 0.1097 0.2645
v -0.4348 0.1097 0.2535
v -0.4348 0.1098 0.2536
v -0.4347 0.1098 0.2537
v -0.4347 0.1098 0.2537
v -0.4347 0.1098 0.2538
v -0.4346 0.1098 0.2539
v -0.4404 0.1098 0.2914
v -0.4404 0.1098 0.2914
v -0.4284 0.0754 0.3170
v -0.4405 0.1098 0.2913
v -0.4202 0.1098 0.2806
v -0.4202 0.1098 0.2805
v -0.4203 0.1098 0.2804
v -0.4203 0.1098 0.2803
v -0.4146 0.1132 0.2426
v -0.4146 0.1132 0.2427
v -0.4146 0.1133 0.2427
v -0.4145 0.1133 0.2429
v -0.4144 0.1133 0.2430
v -0.4000 0.1133 0.2696
v -0.4000 0.1133 0.2695
v -0.4001 0.1133 0.2695
v -0.4001 0.1133 0.2694
v -0.3843 0.1266 0.2263
v -0.3938 0.1227 0.2316
v -0.4145 0.1133 0.2428
v -0.3942 0.1226 0.2319
v -0.3942 0.1225 0.2320
v -0.4634 0.0704 0.3266
v -0.3797 0.1223 0.2588
v -0.3787 0.1230 0.2581
v -0.3797 0.1226 0.2585
v -0.3799 0.1225 0.2585
v -0.3876 0.1066 0.2025
v -0.3742 0.1325 0.2209
v -0.3933 0.1230 0.2313
v -0.3741 0.1325 0.2209
v -0.3741 0.1325 0.2210
v -0.3740 0.1325 0.2211
v -0.3596 0.1324 0.2478
v -0.3794 0.1227 0.2584
v -0.3596 0.1325 0.2478
v -0.3394 0.1383 0.2368
v -0.3596 0.1325 0.2477
v -0.3597 0.1325 0.2476
v -0.3597 0.1325 0.2475
v -0.3540 0.1383 0.2099
v -0.3539 0.1383 0.2100
v -0.3539 0.1383 0.2101
v -0.3538 0.1383 0.2101
v -0.3394 0.1382 0.2369
v -0.3394 0.1383 0.2367
v -0.3395 0.1383 0.2367
v -0.3395 0.1383 0.2366
v -0.3338 0.1383 0.1990
v -0.3337 0.1383 0.1991
v -0.3337 0.1383 0.1991
v -0.3337 0.1383 0.1992
v -0.3192 0.1382 0.2259
v -0.3192 0.1383 0.2259
v -0.3192 0.1383 0.2258
v -0.3193 0.1383 0.2257
v -0.3193 0.1383 0.2257
v -0.3136 0.1383 0.1880
v -0.3135 0.1383 0.1881
v -0.3135 0.1383 0.1882
v -0.3135 0.1383 0.1883
v -0.2990 0.1382 0.2150
v -0.2990 0.1383 0.2149
v -0.2990 0.1383 0.2149
v -0.2991 0.1383 0.2148
v -0.2991 0.1383 0.2147
v -0.2933 0.1383 0.1772
v -0.2933 0.1383 0.1773
v -0.2933 0.1383 0.1773
v -0.3280 0.1122 0.2533
v -0.2788 0.1382 0.2041
v -0.2788 0.1383 0.2040
v -0.2789 0.1383 0.2039
v -0.2789 0.1383 0.2039
v -0.2732 0.1382 0.1661
v -0.2867 0.0970 0.1443
v -0.2934 0.1383 0.1771
v -0.2731 0.1383 0.1662
v -0.2731 0.1383 0.1663
v -0.2652 0.1474 0.1621
v -0.2547 0.1428 0.1909
v -0.2587 0.1383 0.1929
v -0.2587 0.1383 0.1930
v -0.2586 0.1383 0.1931
v -0.2586 0.1382 0.1931
v -0.4620 0.1098 0.2687
v -0.4621 0.1098 0.2687
v -0.4621 0.1098 0.2686
v -0.4622 0.1098 0.2685
v -0.4622 0.1098 0.2684
v -0.4622 0.1097 0.2684
v -0.4404 0.1098 0.2915
v -0.4476 0.1098 0.2953
v -0.4477 0.1098 0.2953
v -0.4477 0.1098 0.2952
v -0.3736 0.1298 0.2305
v -0.3974 0.1122 0.2659
v -0.2416 0.1508 0.1653
v -0.2655 0.1038 0.1808
v -0.2078 0.0274 0.1025
v -0.2771 0.0711 0.1376
v -0.2494 0.0854 0.2166
v -0.2374 0.0705 0.2124
v -0.1614 0.0105 0.1706
v -0.2482 0.0441 0.2122
v -0.1894 0.0239 0.1811
v -0.1767 0.0468 0.1650
v -0.0916 0.0300 0.0852
v -0.0720 0.0389 0.1216
v -0.1679 0.0450 0.1713
v -0.1602 0.0111 0.1699
v -0.1600 0.0119 0.1703
v -0.1599 0.0128 0.1704
v -0.0727 0.0105 0.1199
v -0.0714 0.0135 0.1225
v -0.0714 0.0126 0.1223
v -0.0716 0.0117 0.1220
v -0.1998 0.0399 0.0971
v -0.2001 0.0389 0.0966
v -0.2065 0.0438 0.1010
v -0.2003 0.0379 0.0963
v -0.1113 0.0406 0.0492
v -0.1109 0.0414 0.0498
v -0.1109 0.0111 0.0494
v -0.0765 0.0248 0.1224
v -0.1563 0.0247 0.1676
v -0.6412 0.0918 0.3829
v -0.3071 0.0391 0.1603
v -0.2718 0.0386 0.2254
v -0.2831 0.0496 0.2380
v -0.3098 0.0441 0.1554
v -0.3265 0.0507 0.1642
v -0.3095 0.0825 0.1547
v -0.3467 0.0520 0.1751
v -0.3828 0.0520 0.1947
v -0.3231 0.0454 0.1622
v -0.3211 0.0391 0.1657
v -0.2593 0.0457 0.2234
v -0.2780 0.0553 0.2238
v -0.3121 0.0553 0.1643
v -0.4804 0.0582 0.2579
v -0.3118 0.0414 0.1673
v -0.3056 0.0467 0.1629
v -0.3122 0.0467 0.1665
v -0.3188 0.0467 0.1700
v -0.3058 0.0470 0.1626
v -0.3189 0.0470 0.1698
v -0.3060 0.0472 0.1623
v -0.3191 0.0472 0.1694
v -0.2733 0.0472 0.2227
v -0.2864 0.0472 0.2297
v -0.2735 0.0470 0.2223
v -0.2866 0.0470 0.2294
v -0.2736 0.0467 0.2220
v -0.2802 0.0467 0.2256
v -0.2868 0.0467 0.2291
v -0.2806 0.0414 0.2247
v -0.2396 0.0841 0.1840
v -0.2565 0.0846 0.1531
v -0.1955 0.0602 0.1201
v -0.1775 0.0602 0.1531
v -0.2439 0.0897 0.1711
v -0.2422 0.0871 0.1638
v -0.1876 0.0657 0.1308
v -0.2410 0.0871 0.1661
v -0.1847 0.0661 0.1356
v -0.2397 0.0871 0.1684
v -0.1825 0.0661 0.1396
v -0.1982 0.0557 0.1182
v -0.2598 0.0805 0.1507
v -0.2385 0.0799 0.1907
v -0.1775 0.0557 0.1565
v -0.2427 0.0870 0.1629
v -0.2433 0.0867 0.1620
v -0.1875 0.0661 0.1304
v -0.2388 0.0867 0.1704
v -0.1819 0.0661 0.1408
v -0.1814 0.0660 0.1417
v -0.2393 0.0870 0.1692
v -0.1811 0.0658 0.1425
v -0.1935 0.0622 0.1223
v -0.1906 0.0640 0.1262
v -0.2458 0.0850 0.1595
v -0.2380 0.0848 0.1743
v -0.1789 0.0631 0.1485
v -0.1907 0.0480 0.1215
v -0.6117 0.0358 0.3866
v -0.6183 0.0358 0.3599
v -0.6322 0.0358 0.3545
v -0.6550 0.0358 0.3704
v -0.6422 0.0358 0.4012
v -0.6446 0.0336 0.3970
v -0.6327 0.0863 0.3632
v -0.6736 0.0639 0.3759
v -0.6736 0.0637 0.3759
v -0.6732 0.0639 0.3871
v -0.6623 0.0639 0.4073
v -0.6683 0.0639 0.3991
v -0.6531 0.0639 0.4137
v -0.6531 0.0637 0.4137
v -0.6459 0.0639 0.4162
v -0.6716 0.0633 0.3685
v -0.6717 0.0637 0.3685
v -0.6717 0.0639 0.3685
v -0.6324 0.0293 0.3526
v -0.6287 0.0341 0.3560
v -0.6553 0.0344 0.3705
v -0.6163 0.0616 0.4050
v -0.6318 0.0388 0.3838
v -0.6423 0.0881 0.3458
v -0.6560 0.0881 0.4063
v -0.6703 0.0847 0.3795
v -0.6538 0.0801 0.4119
v -0.6559 0.0910 0.4002
v -0.5996 0.0881 0.3804
v -0.6451 0.0856 0.4129
v -0.6353 0.0617 0.4153
v -0.6443 0.0578 0.4143
v -0.6414 0.0496 0.4108
v -0.6419 0.0769 0.4164
v -0.6651 0.0496 0.3680
v -0.6453 0.0648 0.4164
v -0.6702 0.0576 0.3714
v -0.6618 0.0448 0.3964
v -0.6735 0.0636 0.3759
v -0.6726 0.0637 0.3715
v -0.6726 0.0635 0.3715
v -0.6736 0.0638 0.3759
v -0.6727 0.0639 0.3715
v -0.6717 0.0638 0.3685
v -0.6708 0.0682 0.3666
v -0.6738 0.0639 0.3813
v -0.6738 0.0637 0.3812
v -0.6732 0.0638 0.3870
v -0.6443 0.0637 0.4162
v -0.6731 0.0788 0.3839
v -0.6623 0.0638 0.4072
v -0.6577 0.0639 0.4109
v -0.6577 0.0637 0.4109
v -0.6531 0.0638 0.4137
v -0.6531 0.0636 0.4136
v -0.6489 0.0639 0.4153
v -0.6489 0.0637 0.4153
v -0.6459 0.0637 0.4161
v -0.6459 0.0638 0.4161
v -0.6489 0.0635 0.4153
v -0.6459 0.0633 0.4160
v -0.6447 0.0636 0.4164
v -0.6118 0.0337 0.3867
v -0.6727 0.0638 0.3715
v -0.6738 0.0638 0.3812
v -0.6577 0.0638 0.4109
v -0.6489 0.0638 0.4153
v -0.6447 0.0639 0.4165
v -0.6713 0.0635 0.3675
v -0.6027 0.0906 0.3775
v -0.6373 0.0904 0.3507
v -0.7751 0.1111 0.2744
v -0.7751 0.1112 0.2744
v -0.7125 0.1090 0.3397
v -0.7866 0.1090 0.2924
v -0.7867 0.1091 0.2925
v -0.7864 0.1095 0.2921
v -0.7756 0.1115 0.2751
v -0.7131 0.1112 0.3406
v -0.7867 0.1092 0.2925
v -0.7131 0.1113 0.3406
v -0.7867 0.1093 0.2925
v -0.7131 0.1114 0.3406
v -0.7866 0.1094 0.2924
v -0.7130 0.1115 0.3405
v -0.7865 0.1094 0.2923
v -0.7129 0.1115 0.3403
v -0.7128 0.1116 0.3401
v -0.7020 0.1136 0.3231
v -0.7018 0.1136 0.3230
v -0.7754 0.1115 0.2749
v -0.7017 0.1135 0.3228
v -0.7753 0.1114 0.2747
v -0.7016 0.1135 0.3226
v -0.7752 0.1114 0.2746
v -0.7016 0.1134 0.3225
v -0.7752 0.1113 0.2745
v -0.7015 0.1133 0.3224
v -0.6472 0.1121 0.3754
v -0.6472 0.1123 0.3753
v -0.6472 0.1123 0.3752
v -0.6472 0.1124 0.3751
v -0.6471 0.1124 0.3751
v -0.6471 0.1124 0.3749
v -0.6471 0.1124 0.3749
v -0.6439 0.1126 0.3700
v -0.6471 0.1124 0.3750
v -0.6465 0.1124 0.3728
v -0.6420 0.1127 0.3676
v -0.6418 0.1127 0.3675
v -0.6418 0.1127 0.3675
v -0.6416 0.1126 0.3673
v -0.6415 0.1126 0.3673
v -0.6415 0.1125 0.3672
v -0.6415 0.1125 0.3672
v -0.7010 0.1111 0.3217
v -0.6439 0.1125 0.3691
v -0.6465 0.1098 0.3728
v -0.6197 0.1125 0.3817
v -0.6223 0.1127 0.3871
v -0.5532 0.1117 0.4167
v -0.6197 0.1125 0.3815
v -0.5530 0.1117 0.4166
v -0.6197 0.1124 0.3815
v -0.6196 0.1124 0.3813
v -0.5529 0.1116 0.4164
v -0.6196 0.1124 0.3813
v -0.6196 0.1123 0.3812
v -0.5529 0.1116 0.4163
v -0.6196 0.1123 0.3812
v -0.5528 0.1115 0.4163
v -0.6195 0.1121 0.3811
v -0.5528 0.1114 0.4163
v -0.5649 0.1109 0.4352
v -0.5645 0.1131 0.4345
v -0.6245 0.1125 0.3897
v -0.5645 0.1132 0.4345
v -0.6245 0.1125 0.3897
v -0.6244 0.1126 0.3896
v -0.5644 0.1133 0.4344
v -0.6244 0.1126 0.3896
v -0.5643 0.1134 0.4342
v -0.6241 0.1127 0.3894
v -0.5642 0.1134 0.4340
v -0.6241 0.1127 0.3894
v -0.5641 0.1134 0.4338
v -0.4792 0.1091 0.4643
v -0.5533 0.1091 0.4170
v -0.4792 0.1092 0.4642
v -0.4908 0.1109 0.4824
v -0.4908 0.1110 0.4825
v -0.6249 0.1072 0.3872
v -0.6254 0.1144 0.3878
v -0.6207 0.1099 0.3851
v -0.6206 0.1127 0.3848
v -0.6207 0.1127 0.3851
v -0.4795 0.1096 0.4647
v -0.4904 0.1113 0.4818
v -0.4794 0.1096 0.4645
v -0.4793 0.1095 0.4644
v -0.4792 0.1094 0.4642
v -0.4792 0.1093 0.4642
v -0.4908 0.1111 0.4824
v -0.4907 0.1112 0.4823
v -0.4906 0.1113 0.4821
v -0.4905 0.1113 0.4820
v -0.6323 0.1037 0.3895
v -0.6309 0.0983 0.3936
v -0.6308 0.0984 0.3936
v -0.6308 0.0985 0.3935
v -0.6010 0.0980 0.4609
v -0.6304 0.0987 0.3934
v -0.6308 0.0964 0.3936
v -0.6012 0.0978 0.4610
v -0.5588 0.0954 0.5379
v -0.5589 0.0955 0.5380
v -0.5397 0.0968 0.5276
v -0.5816 0.0968 0.4503
v -0.5397 0.0969 0.5276
v -0.5820 0.0991 0.4506
v -0.7268 0.0969 0.2291
v -0.6850 0.0969 0.3064
v -0.7269 0.0970 0.2291
v -0.6844 0.0992 0.3061
v -0.7078 0.0953 0.2188
v -0.7077 0.0954 0.2188
v -0.6660 0.0953 0.2961
v -0.6653 0.0976 0.2957
v -0.6266 0.0809 0.3765
v -0.6383 0.0967 0.3903
v -0.6407 0.0809 0.3768
v -0.6333 0.0809 0.3881
v -0.5871 0.0991 0.4533
v -0.5822 0.0993 0.4506
v -0.6222 0.0986 0.3883
v -0.6285 0.0890 0.3852
v -0.6352 0.0983 0.3642
v -0.6352 0.0984 0.3642
v -0.6654 0.0978 0.2958
v -0.6353 0.0985 0.3642
v -0.6355 0.0986 0.3642
v -0.6357 0.0986 0.3642
v -0.6442 0.0987 0.3685
v -0.6505 0.0982 0.3763
v -0.6391 0.0989 0.3652
v -0.6839 0.0995 0.3058
v -0.6843 0.0994 0.3060
v -0.6207 0.1093 0.3851
v -0.6410 0.1093 0.3663
v -0.6465 0.1093 0.3728
v -0.6359 0.1156 0.3898
v -0.6450 0.1169 0.3772
v -0.6336 0.0809 0.3789
v -0.6311 0.1217 0.3780
v -0.6336 0.1217 0.3789
v -0.6361 0.1217 0.3782
v -0.6335 0.1217 0.3821
v -0.6292 0.1001 0.3928
v -0.6229 0.1052 0.3703
v -0.6310 0.0959 0.3681
v -0.6457 0.1073 0.3778
v -0.6300 0.1195 0.3818
v -0.6316 0.1187 0.3704
v -0.6385 0.0988 0.3650
v -0.5583 0.0959 0.5377
v -0.5403 0.0972 0.5279
v -0.6009 0.0981 0.4608
v -0.5587 0.0958 0.5379
v -0.6012 0.0980 0.4609
v -0.5588 0.0957 0.5379
v -0.6012 0.0979 0.4610
v -0.5589 0.0956 0.5380
v -0.5821 0.0992 0.4506
v -0.5397 0.0970 0.5276
v -0.6653 0.0977 0.2957
v -0.6655 0.0979 0.2958
v -0.6656 0.0980 0.2959
v -0.6658 0.0980 0.2960
v -0.6837 0.0995 0.3057
v -0.6844 0.0993 0.3061
v -0.7077 0.0955 0.2188
v -0.7078 0.0956 0.2188
v -0.7079 0.0957 0.2188
v -0.7081 0.0958 0.2189
v -0.7083 0.0958 0.2190
v -0.7262 0.0973 0.2287
v -0.7268 0.0971 0.2291
v 0.5206 0.0477 0.2477
v 0.4882 0.0499 0.3105
v 0.4998 0.1098 0.2913
v 0.3028 0.1383 0.1713
v 0.2508 0.0639 0.1185
v 0.2939 0.0996 0.1372
v 0.2666 0.0764 0.1638
v 0.2218 0.0047 0.1027
v 0.2959 0.0308 0.1819
v 0.4543 0.0382 0.2307
v 0.4962 0.0279 0.2782
v 0.3164 0.0978 0.1510
v 0.4811 0.0777 0.2260
v 0.2982 0.0501 0.2330
v 0.3175 0.0458 0.2424
v 0.2588 0.0391 0.2091
v 0.2818 0.0413 0.2233
v 0.2820 0.0408 0.2230
v 0.3178 0.0413 0.1499
v 0.2982 0.0458 0.2330
v 0.2967 0.0386 0.2270
v 0.3375 0.0385 0.1630
v 0.3794 0.0385 0.1842
v 0.3711 0.0413 0.2670
v 0.3967 0.0413 0.1884
v 0.3279 0.0379 0.1690
v 0.3596 0.0431 0.2628
v 0.3784 0.0396 0.1813
v 0.3312 0.0413 0.1564
v 0.4645 0.0382 0.2284
v 0.4123 0.0413 0.2872
v 0.2953 0.0413 0.2299
v 0.4586 0.0413 0.2186
v 0.4191 0.0400 0.2011
v 0.4123 0.0434 0.2884
v 0.4569 0.0385 0.2221
v 0.4188 0.0358 0.2742
v 0.4896 0.0413 0.2338
v 0.4813 0.0396 0.2316
v 0.4792 0.0385 0.2330
v 0.4853 0.0396 0.3209
v 0.4836 0.0445 0.3234
v 0.5036 0.0361 0.2790
v 0.4967 0.0514 0.3129
v 0.5182 0.0851 0.2640
v 0.4933 0.0850 0.3105
v 0.4951 0.0964 0.2942
v 0.5069 0.0964 0.2877
v 0.5350 0.0515 0.3163
v 0.5585 0.0962 0.2933
v 0.5446 0.0654 0.3217
v 0.5507 0.0654 0.3092
v 0.5568 0.0654 0.2968
v 0.5456 0.0933 0.3197
v 0.5507 0.0933 0.3092
v 0.5520 0.0942 0.2971
v 0.6078 0.0654 0.3232
v 0.6204 0.0821 0.3198
v 0.6043 0.0892 0.3530
v 0.4921 0.0966 0.3036
v 0.5418 0.0959 0.3275
v 0.5107 0.0966 0.2673
v 0.5595 0.0960 0.2912
v 0.5422 0.0942 0.3267
v 0.5422 0.0923 0.3267
v 0.6020 0.0929 0.3555
v 0.5428 0.0933 0.3254
v 0.5586 0.0933 0.2930
v 0.5593 0.0942 0.2918
v 0.6188 0.0926 0.3211
v 0.5593 0.0923 0.2918
v 0.5299 0.0523 0.3286
v 0.4877 0.0506 0.3092
v 0.5295 0.0517 0.3279
v 0.5118 0.0518 0.2600
v 0.5526 0.0520 0.2813
v 0.5402 0.0645 0.3309
v 0.5412 0.0654 0.3287
v 0.5926 0.0658 0.3551
v 0.5406 0.0668 0.3300
v 0.5609 0.0668 0.2885
v 0.5613 0.0645 0.2876
v 0.6126 0.0659 0.3145
v 0.5603 0.0654 0.2897
v 0.4839 0.0448 0.3234
v 0.4835 0.0621 0.3232
v 0.4844 0.0467 0.3227
v 0.5175 0.0499 0.2582
v 0.5202 0.0860 0.2482
v 0.4835 0.0740 0.3232
v 0.4839 0.0740 0.3231
v 0.4898 0.0978 0.3109
v 0.5167 0.0962 0.2613
v 0.4740 0.0965 0.3032
v 0.4838 0.0860 0.3227
v 0.4843 0.0860 0.3225
v 0.4891 0.0979 0.3127
v 0.5086 0.1098 0.2733
v 0.4886 0.0979 0.3131
v 0.4965 0.1098 0.2980
v 0.3505 0.1119 0.1784
v 0.3093 0.1102 0.2301
v 0.2971 0.0898 0.1442
v 0.3180 0.0643 0.1473
v 0.2625 0.0934 0.2111
v 0.4024 0.0845 0.1955
v 0.5447 0.0648 0.3216
v 0.5404 0.0650 0.3304
v 0.5404 0.0707 0.3304
v 0.5507 0.0649 0.3092
v 0.5600 0.0648 0.2903
v 0.5611 0.0650 0.2880
v 0.5604 0.0868 0.2894
v 0.5423 0.0936 0.3265
v 0.5431 0.0938 0.3248
v 0.5648 0.0655 0.2817
v 0.5591 0.0937 0.2920
v 0.5399 0.0954 0.3250
v 0.5411 0.0877 0.3289
v 0.5357 0.0654 0.3319
v 0.5586 0.0711 0.2824
v 0.5179 0.0515 0.2651
v 0.5222 0.0512 0.2654
v 0.4944 0.0857 0.3129
v 0.5013 0.0975 0.3079
v 0.4988 0.0967 0.3065
v 0.5062 0.0978 0.2981
v 0.4984 0.0510 0.3140
v 0.5042 0.0503 0.3022
v 0.5042 0.0513 0.3022
v 0.4998 0.0513 0.3112
v 0.4986 0.0514 0.3136
v 0.4981 0.0621 0.3147
v 0.4986 0.0538 0.3136
v 0.4986 0.0621 0.3136
v 0.5104 0.0503 0.2895
v 0.5104 0.0513 0.2895
v 0.5166 0.0503 0.2769
v 0.5166 0.0513 0.2769
v 0.5224 0.0510 0.2650
v 0.5210 0.0513 0.2678
v 0.5227 0.0621 0.2643
v 0.5222 0.0621 0.2654
v 0.4981 0.0740 0.3147
v 0.5227 0.0740 0.2643
v 0.5222 0.0740 0.2655
v 0.4984 0.0859 0.3140
v 0.4990 0.0859 0.3128
v 0.5218 0.0859 0.2663
v 0.5014 0.0966 0.3079
v 0.5023 0.0966 0.3060
v 0.5057 0.0966 0.2992
v 0.5104 0.0977 0.2895
v 0.5104 0.0966 0.2895
v 0.5150 0.0977 0.2802
v 0.5151 0.0966 0.2798
v 0.5194 0.0970 0.2710
v 0.5194 0.0968 0.2710
v 0.5199 0.0945 0.2701
v 0.4991 0.0522 0.3127
v 0.5043 0.0505 0.3021
v 0.5043 0.0511 0.3021
v 0.5005 0.0512 0.3098
v 0.4992 0.0524 0.3125
v 0.4982 0.0622 0.3145
v 0.4985 0.0551 0.3138
v 0.4985 0.0622 0.3138
v 0.5104 0.0505 0.2895
v 0.5104 0.0511 0.2895
v 0.5165 0.0505 0.2770
v 0.5165 0.0511 0.2770
v 0.5217 0.0522 0.2663
v 0.5216 0.0524 0.2666
v 0.5226 0.0622 0.2646
v 0.5223 0.0622 0.2652
v 0.5223 0.0551 0.2652
v 0.4982 0.0740 0.3144
v 0.4986 0.0740 0.3137
v 0.5225 0.0740 0.2647
v 0.5222 0.0740 0.2653
v 0.4988 0.0858 0.3133
v 0.4986 0.0740 0.3136
v 0.5220 0.0858 0.2658
v 0.5217 0.0857 0.2665
v 0.5016 0.0957 0.3076
v 0.5058 0.0974 0.2989
v 0.5016 0.0955 0.3075
v 0.5029 0.0968 0.3049
v 0.5057 0.0968 0.2990
v 0.5005 0.0931 0.3097
v 0.5104 0.0975 0.2895
v 0.5104 0.0968 0.2895
v 0.5150 0.0974 0.2802
v 0.5151 0.0968 0.2800
v 0.5191 0.0965 0.2716
v 0.5203 0.0931 0.2693
v 0.5179 0.0968 0.2742
v 0.4709 0.1081 0.2714
v 0.4782 0.1070 0.2574
v 0.4665 0.1080 0.2847
v 0.4545 0.1098 0.2793
v 0.4545 0.1098 0.2793
v 0.4546 0.1098 0.2792
v 0.4546 0.1098 0.2791
v 0.4547 0.1098 0.2790
v 0.4545 0.1097 0.2794
v 0.4338 0.1097 0.2693
v 0.4339 0.1098 0.2692
v 0.4339 0.1098 0.2692
v 0.4339 0.1098 0.2691
v 0.4340 0.1098 0.2690
v 0.4340 0.1098 0.2689
v 0.4679 0.1098 0.2519
v 0.4679 0.1098 0.2518
v 0.4679 0.1098 0.2520
v 0.4473 0.1098 0.2417
v 0.4473 0.1098 0.2418
v 0.4473 0.1098 0.2418
v 0.4472 0.1098 0.2419
v 0.4132 0.1132 0.2592
v 0.4133 0.1132 0.2592
v 0.4133 0.1133 0.2591
v 0.4133 0.1133 0.2589
v 0.4134 0.1133 0.2589
v 0.4267 0.1133 0.2316
v 0.4267 0.1133 0.2317
v 0.4266 0.1133 0.2318
v 0.4266 0.1133 0.2318
v 0.3720 0.1325 0.2389
v 0.4029 0.1178 0.2541
v 0.3922 0.1227 0.2487
v 0.4133 0.1133 0.2590
v 0.3926 0.1226 0.2488
v 0.3927 0.1225 0.2488
v 0.3926 0.1223 0.2491
v 0.5093 0.0709 0.2497
v 0.4061 0.1223 0.2214
v 0.4050 0.1230 0.2210
v 0.4059 0.1226 0.2216
v 0.4060 0.1225 0.2217
v 0.3720 0.1324 0.2390
v 0.3916 0.1230 0.2484
v 0.3720 0.1325 0.2388
v 0.3721 0.1325 0.2388
v 0.3721 0.1325 0.2387
v 0.3855 0.1324 0.2114
v 0.3648 0.1383 0.2014
v 0.4055 0.1227 0.2214
v 0.3854 0.1325 0.2114
v 0.3854 0.1325 0.2115
v 0.3854 0.1325 0.2116
v 0.3853 0.1325 0.2117
v 0.4307 0.0894 0.2966
v 0.3514 0.1383 0.2288
v 0.3514 0.1383 0.2288
v 0.3514 0.1383 0.2287
v 0.3515 0.1383 0.2286
v 0.3648 0.1382 0.2013
v 0.3648 0.1383 0.2014
v 0.3647 0.1383 0.2015
v 0.3647 0.1383 0.2016
v 0.3307 0.1383 0.2187
v 0.3308 0.1383 0.2187
v 0.3308 0.1383 0.2186
v 0.3308 0.1383 0.2185
v 0.3442 0.1382 0.1912
v 0.3442 0.1383 0.1913
v 0.3441 0.1383 0.1913
v 0.3441 0.1383 0.1914
v 0.3441 0.1383 0.1915
v 0.3101 0.1383 0.2087
v 0.3101 0.1383 0.2086
v 0.3102 0.1383 0.2085
v 0.3102 0.1383 0.2084
v 0.3236 0.1382 0.1811
v 0.3235 0.1383 0.1812
v 0.3235 0.1383 0.1813
v 0.3235 0.1383 0.1813
v 0.3234 0.1383 0.1814
v 0.2895 0.1383 0.1985
v 0.2895 0.1383 0.1984
v 0.2896 0.1383 0.1984
v 0.3966 0.1011 0.1868
v 0.3029 0.1382 0.1710
v 0.3029 0.1383 0.1711
v 0.3029 0.1383 0.1712
v 0.3028 0.1383 0.1712
v 0.2688 0.1382 0.1886
v 0.2895 0.1383 0.1986
v 0.2590 0.0970 0.2122
v 0.2689 0.1383 0.1884
v 0.2689 0.1383 0.1883
v 0.2609 0.1474 0.1843
v 0.2823 0.1382 0.1609
v 0.2782 0.1428 0.1591
v 0.2822 0.1383 0.1612
v 0.2822 0.1383 0.1611
v 0.2823 0.1383 0.1610
v 0.2823 0.1382 0.1610
v 0.4620 0.1098 0.2826
v 0.4620 0.1098 0.2827
v 0.4620 0.1098 0.2828
v 0.4619 0.1098 0.2829
v 0.4619 0.1098 0.2829
v 0.4618 0.1097 0.2830
v 0.4680 0.1098 0.2518
v 0.4753 0.1098 0.2554
v 0.4753 0.1098 0.2555
v 0.4752 0.1098 0.2556
v 0.3871 0.1278 0.2293
v 0.2498 0.1508 0.1632
v 0.2763 0.1038 0.1737
v 0.2083 0.0041 0.1302
v 0.2479 0.0711 0.2083
v 0.2857 0.0705 0.1325
v 0.2075 0.0105 0.0950
v 0.1853 0.0054 0.1772
v 0.2583 0.0501 0.2101
v 0.2920 0.0442 0.1410
v 0.2324 0.0239 0.1116
v 0.0975 0.0300 0.0877
v 0.1157 0.0389 0.0506
v 0.2063 0.0111 0.0943
v 0.2064 0.0119 0.0939
v 0.2065 0.0128 0.0938
v 0.1147 0.0105 0.0522
v 0.1160 0.0135 0.0496
v 0.1159 0.0126 0.0497
v 0.1158 0.0117 0.0501
v 0.1700 0.0399 0.1689
v 0.1698 0.0389 0.1694
v 0.1771 0.0436 0.1721
v 0.0789 0.0364 0.1258
v 0.1696 0.0379 0.1698
v 0.0795 0.0406 0.1246
v 0.0799 0.0414 0.1240
v 0.0794 0.0120 0.1245
v 0.1190 0.0248 0.0538
v 0.2021 0.0247 0.0925
v 0.1688 0.0384 0.1675
v 0.6590 0.0918 0.3622
v 0.3163 0.0386 0.1529
v 0.3331 0.0502 0.1550
v 0.3210 0.0555 0.1541
v 0.2813 0.0441 0.2245
v 0.2982 0.0507 0.2330
v 0.2901 0.0896 0.2254
v 0.3188 0.0520 0.2431
v 0.3630 0.0521 0.2565
v 0.2945 0.0448 0.2312
v 0.3294 0.0386 0.1599
v 0.3073 0.0457 0.1439
v 0.2886 0.0566 0.2245
v 0.4628 0.0561 0.3128
v 0.2922 0.0414 0.2192
v 0.2918 0.0467 0.2201
v 0.2850 0.0467 0.2168
v 0.2985 0.0467 0.2233
v 0.2849 0.0470 0.2171
v 0.2983 0.0470 0.2236
v 0.2981 0.0472 0.2240
v 0.3149 0.0472 0.1557
v 0.3283 0.0472 0.1624
v 0.3147 0.0470 0.1561
v 0.3281 0.0470 0.1627
v 0.3145 0.0467 0.1564
v 0.3280 0.0467 0.1630
v 0.3213 0.0467 0.1597
v 0.3208 0.0414 0.1605
v 0.2639 0.0841 0.1508
v 0.2485 0.0846 0.1825
v 0.1861 0.0602 0.1520
v 0.2027 0.0602 0.1182
v 0.1880 0.0617 0.1357
v 0.2554 0.0889 0.1621
v 0.1863 0.0557 0.1554
v 0.2485 0.0805 0.1865
v 0.2687 0.0799 0.1460
v 0.2054 0.0557 0.1162
v 0.2485 0.0870 0.1656
v 0.2481 0.0867 0.1666
v 0.1900 0.0661 0.1395
v 0.2523 0.0867 0.1581
v 0.1951 0.0661 0.1289
v 0.1957 0.0660 0.1279
v 0.2516 0.0870 0.1591
v 0.1961 0.0658 0.1272
v 0.1868 0.0622 0.1491
v 0.1883 0.0640 0.1445
v 0.2475 0.0850 0.1701
v 0.2550 0.0848 0.1552
v 0.2001 0.0627 0.1213
v 0.1882 0.0469 0.1424
v 0.6449 0.0358 0.3361
v 0.6270 0.0358 0.3569
v 0.6307 0.0358 0.3714
v 0.6568 0.0358 0.3806
v 0.6745 0.0358 0.3524
v 0.6725 0.0336 0.3568
v 0.6316 0.0863 0.3767
v 0.6721 0.0639 0.3926
v 0.6721 0.0637 0.3926
v 0.6810 0.0639 0.3858
v 0.6911 0.0639 0.3652
v 0.6880 0.0639 0.3748
v 0.6910 0.0639 0.3540
v 0.6910 0.0637 0.3540
v 0.6888 0.0639 0.3466
v 0.6650 0.0633 0.3952
v 0.6650 0.0637 0.3954
v 0.6650 0.0639 0.3954
v 0.6292 0.0293 0.3726
v 0.6298 0.0341 0.3676
v 0.6571 0.0344 0.3808
v 0.6626 0.0616 0.3290
v 0.6543 0.0388 0.3540
v 0.6295 0.0881 0.3846
v 0.6867 0.0881 0.3606
v 0.6732 0.0847 0.3878
v 0.6900 0.0801 0.3556
v 0.6816 0.0910 0.3641
v 0.6329 0.0881 0.3298
v 0.6858 0.0856 0.3479
v 0.6819 0.0617 0.3385
v 0.6864 0.0578 0.3465
v 0.6819 0.0496 0.3462
v 0.6867 0.0769 0.3432
v 0.6608 0.0496 0.3903
v 0.6886 0.0648 0.3460
v 0.6665 0.0576 0.3924
v 0.6820 0.0448 0.3711
v 0.6721 0.0636 0.3926
v 0.6680 0.0637 0.3944
v 0.6680 0.0635 0.3944
v 0.6721 0.0638 0.3926
v 0.6680 0.0639 0.3944
v 0.6650 0.0638 0.3954
v 0.6629 0.0682 0.3958
v 0.6766 0.0639 0.3897
v 0.6766 0.0637 0.3896
v 0.6810 0.0638 0.3858
v 0.6880 0.0637 0.3454
v 0.6783 0.0788 0.3875
v 0.6911 0.0638 0.3652
v 0.6914 0.0639 0.3593
v 0.6914 0.0637 0.3593
v 0.6910 0.0638 0.3540
v 0.6909 0.0636 0.3540
v 0.6899 0.0639 0.3496
v 0.6899 0.0637 0.3496
v 0.6888 0.0638 0.3467
v 0.6888 0.0637 0.3467
v 0.6898 0.0635 0.3496
v 0.6887 0.0633 0.3467
v 0.6883 0.0636 0.3455
v 0.6451 0.0337 0.3360
v 0.6680 0.0638 0.3944
v 0.6766 0.0638 0.3896
v 0.6914 0.0638 0.3593
v 0.6899 0.0638 0.3496
v 0.6884 0.0639 0.3455
v 0.6639 0.0635 0.3956
v 0.6323 0.0906 0.3339
v 0.6305 0.0904 0.3777
v 0.6485 0.1111 0.5342
v 0.6485 0.1112 0.5342
v 0.6653 0.1090 0.4453
v 0.6699 0.1090 0.5331
v 0.6700 0.1091 0.5331
v 0.6695 0.1095 0.5331
v 0.6493 0.1115 0.5342
v 0.6664 0.1112 0.4453
v 0.6700 0.1092 0.5331
v 0.6664 0.1113 0.4453
v 0.6699 0.1093 0.5331
v 0.6663 0.1114 0.4453
v 0.6698 0.1094 0.5331
v 0.6662 0.1115 0.4453
v 0.6697 0.1094 0.5331
v 0.6660 0.1115 0.4453
v 0.6658 0.1116 0.4453
v 0.6457 0.1136 0.4463
v 0.6455 0.1136 0.4463
v 0.6491 0.1115 0.5342
v 0.6452 0.1135 0.4464
v 0.6489 0.1114 0.5342
v 0.6451 0.1135 0.4464
v 0.6487 0.1114 0.5342
v 0.6449 0.1134 0.4464
v 0.6486 0.1113 0.5342
v 0.6448 0.1133 0.4464
v 0.6564 0.1121 0.3714
v 0.6563 0.1123 0.3715
v 0.6563 0.1123 0.3715
v 0.6561 0.1124 0.3715
v 0.6561 0.1124 0.3715
v 0.6560 0.1124 0.3716
v 0.6559 0.1124 0.3716
v 0.6501 0.1126 0.3719
v 0.6561 0.1124 0.3715
v 0.6538 0.1124 0.3723
v 0.6470 0.1127 0.3717
v 0.6469 0.1127 0.3716
v 0.6468 0.1127 0.3716
v 0.6465 0.1126 0.3715
v 0.6465 0.1126 0.3715
v 0.6464 0.1125 0.3715
v 0.6464 0.1125 0.3715
v 0.6440 0.1111 0.4464
v 0.6494 0.1125 0.3724
v 0.6538 0.1098 0.3723
v 0.6514 0.1127 0.3444
v 0.6456 0.1125 0.3454
v 0.6354 0.1117 0.2708
v 0.6454 0.1125 0.3454
v 0.6352 0.1117 0.2708
v 0.6454 0.1124 0.3454
v 0.6452 0.1124 0.3455
v 0.6452 0.1124 0.3455
v 0.6350 0.1116 0.2708
v 0.6452 0.1124 0.3455
v 0.6451 0.1123 0.3455
v 0.6349 0.1116 0.2709
v 0.6450 0.1123 0.3455
v 0.6349 0.1115 0.2709
v 0.6449 0.1121 0.3456
v 0.6349 0.1114 0.2709
v 0.6572 0.1109 0.2697
v 0.6565 0.1131 0.2697
v 0.6548 0.1125 0.3446
v 0.6564 0.1132 0.2697
v 0.6548 0.1125 0.3446
v 0.6547 0.1126 0.3446
v 0.6563 0.1133 0.2697
v 0.6547 0.1126 0.3446
v 0.6561 0.1134 0.2698
v 0.6544 0.1127 0.3445
v 0.6559 0.1134 0.2698
v 0.6544 0.1127 0.3445
v 0.6557 0.1134 0.2698
v 0.6312 0.1091 0.1830
v 0.6358 0.1091 0.2708
v 0.6311 0.1092 0.1830
v 0.6527 0.1109 0.1819
v 0.6527 0.1110 0.1819
v 0.6530 0.1072 0.3464
v 0.6526 0.1175 0.3508
v 0.6489 0.1099 0.3442
v 0.6486 0.1127 0.3443
v 0.6489 0.1127 0.3442
v 0.6316 0.1096 0.1830
v 0.6519 0.1113 0.1820
v 0.6314 0.1096 0.1830
v 0.6313 0.1095 0.1830
v 0.6311 0.1094 0.1830
v 0.6311 0.1093 0.1830
v 0.6526 0.1111 0.1819
v 0.6525 0.1112 0.1819
v 0.6523 0.1113 0.1819
v 0.6521 0.1113 0.1819
v 0.6592 0.1037 0.3511
v 0.6617 0.0983 0.3475
v 0.6617 0.0984 0.3475
v 0.6616 0.0985 0.3475
v 0.6991 0.0980 0.2842
v 0.6613 0.0987 0.3473
v 0.6617 0.0964 0.3475
v 0.6993 0.0978 0.2843
v 0.7373 0.0954 0.2050
v 0.7374 0.0955 0.2051
v 0.7179 0.0968 0.1955
v 0.6793 0.0968 0.2745
v 0.7178 0.0969 0.1955
v 0.6797 0.0991 0.2747
v 0.5836 0.0969 0.5212
v 0.6222 0.0969 0.4422
v 0.5836 0.0970 0.5212
v 0.6216 0.0992 0.4420
v 0.5642 0.0953 0.5117
v 0.5641 0.0954 0.5117
v 0.6028 0.0953 0.4327
v 0.6021 0.0976 0.4324
v 0.6453 0.0809 0.3540
v 0.6538 0.0809 0.3653
v 0.6587 0.0809 0.3528
v 0.6849 0.0991 0.2772
v 0.6799 0.0993 0.2748
v 0.6524 0.0986 0.3435
v 0.6535 0.0890 0.3505
v 0.6403 0.0983 0.3681
v 0.6403 0.0984 0.3681
v 0.6404 0.0985 0.3682
v 0.6021 0.0978 0.4324
v 0.6405 0.0986 0.3683
v 0.6406 0.0986 0.3685
v 0.6429 0.0988 0.3703
v 0.6491 0.0987 0.3730
v 0.6620 0.1019 0.3648
v 0.6434 0.0989 0.3707
v 0.6211 0.0995 0.4417
v 0.6214 0.0994 0.4419
v 0.6489 0.1093 0.3442
v 0.6454 0.1093 0.3717
v 0.6538 0.1093 0.3723
v 0.6641 0.1151 0.3561
v 0.6392 0.1102 0.3555
v 0.6514 0.0809 0.3583
v 0.6492 0.1217 0.3568
v 0.6514 0.1217 0.3583
v 0.6522 0.1217 0.3607
v 0.6539 0.1217 0.3563
v 0.6601 0.1001 0.3466
v 0.6410 0.0959 0.3624
v 0.6555 0.1186 0.3660
v 0.7369 0.0959 0.2048
v 0.7185 0.0972 0.1958
v 0.6990 0.0981 0.2841
v 0.7372 0.0958 0.2050
v 0.6993 0.0980 0.2842
v 0.7374 0.0957 0.2050
v 0.6993 0.0979 0.2843
v 0.7374 0.0956 0.2051
v 0.6798 0.0992 0.2747
v 0.7179 0.0970 0.1955
v 0.6021 0.0977 0.4324
v 0.6022 0.0979 0.4325
v 0.6024 0.0980 0.4326
v 0.6026 0.0980 0.4327
v 0.6209 0.0995 0.4416
v 0.6216 0.0993 0.4419
v 0.5641 0.0955 0.5117
v 0.5641 0.0956 0.5117
v 0.5642 0.0957 0.5118
v 0.5644 0.0958 0.5118
v 0.5646 0.0958 0.5119
v 0.5829 0.0973 0.5209
v 0.5836 0.0971 0.5212
v 0.5222 0.0502 -0.3379
v 0.5088 0.1103 -0.3620
v 0.2670 0.1016 -0.2752
v 0.2739 0.0783 -0.2378
v 0.1973 0.0077 -0.2351
v 0.4502 0.0370 -0.3021
v 0.4614 0.0523 -0.3897
v 0.3914 0.0991 -0.3354
v 0.4537 0.0861 -0.3835
v 0.4966 0.0869 -0.3125
v 0.3069 0.0460 -0.2060
v 0.3316 0.0428 -0.2173
v 0.2904 0.0432 -0.2880
v 0.3036 0.0423 -0.2951
v 0.3007 0.0325 -0.2589
v 0.3033 0.0431 -0.2955
v 0.3664 0.0426 -0.3322
v 0.3471 0.0522 -0.2241
v 0.3445 0.0428 -0.2248
v 0.5269 0.0448 -0.3294
v 0.4879 0.0402 -0.3101
v 0.4770 0.0419 -0.3018
v 0.4858 0.0405 -0.3781
v 0.4596 0.0293 -0.3424
v 0.5258 0.0399 -0.3322
v 0.4846 0.0483 -0.4022
v 0.5068 0.0519 -0.3746
v 0.5218 0.0854 -0.3446
v 0.5203 0.0968 -0.3518
v 0.5079 0.0968 -0.3731
v 0.5596 0.0655 -0.3810
v 0.5645 0.0707 -0.3727
v 0.5526 0.0656 -0.3930
v 0.5456 0.0656 -0.4051
v 0.5538 0.0934 -0.3912
v 0.5469 0.0935 -0.4031
v 0.6168 0.0792 -0.4169
v 0.6015 0.0892 -0.4413
v 0.5155 0.0970 -0.3475
v 0.5629 0.0963 -0.3757
v 0.5633 0.0956 -0.3750
v 0.4957 0.0971 -0.3831
v 0.5424 0.0960 -0.4108
v 0.5624 0.0927 -0.3764
v 0.6195 0.0925 -0.4102
v 0.5435 0.0934 -0.4089
v 0.5430 0.0944 -0.4098
v 0.6007 0.0927 -0.4426
v 0.5430 0.0926 -0.4098
v 0.5565 0.0520 -0.3649
v 0.5174 0.0510 -0.3407
v 0.4899 0.0523 -0.3881
v 0.5303 0.0523 -0.4102
v 0.5637 0.0656 -0.3739
v 0.5647 0.0646 -0.3722
v 0.6140 0.0656 -0.4024
v 0.5642 0.0669 -0.3731
v 0.5413 0.0664 -0.4124
v 0.5267 0.0504 -0.3294
v 0.5269 0.0504 -0.3298
v 0.5161 0.0685 -0.3206
v 0.5268 0.0623 -0.3294
v 0.5269 0.0623 -0.3298
v 0.5269 0.0623 -0.3303
v 0.4916 0.0505 -0.3938
v 0.4850 0.0866 -0.4016
v 0.5048 0.0978 -0.3322
v 0.5269 0.0743 -0.3294
v 0.5270 0.0743 -0.3298
v 0.5270 0.0743 -0.3303
v 0.4708 0.0711 -0.3962
v 0.4940 0.0967 -0.3914
v 0.5267 0.0862 -0.3299
v 0.5268 0.0862 -0.3304
v 0.5267 0.0862 -0.3309
v 0.5215 0.0982 -0.3399
v 0.5213 0.0982 -0.3405
v 0.4996 0.1103 -0.3779
v 0.5215 0.0982 -0.3393
v 0.5134 0.1102 -0.3542
v 0.5273 0.0446 -0.3296
v 0.4849 0.0445 -0.4025
v 0.4063 0.1062 -0.3350
v 0.3356 0.1084 -0.3138
v 0.2654 0.0831 -0.2715
v 0.2920 0.0872 -0.2904
v 0.3116 0.0915 -0.2102
v 0.3736 0.0865 -0.3306
v 0.4803 0.0812 -0.3963
v 0.4905 0.0817 -0.3138
v 0.5595 0.0649 -0.3812
v 0.5644 0.0650 -0.3727
v 0.5397 0.0907 -0.4123
v 0.5606 0.0952 -0.3755
v 0.5431 0.0939 -0.4096
v 0.5637 0.0878 -0.3742
v 0.5631 0.0655 -0.3680
v 0.5386 0.0617 -0.4132
v 0.5401 0.0949 -0.4075
v 0.5256 0.0517 -0.3461
v 0.5245 0.0504 -0.3442
v 0.4957 0.0550 -0.3929
v 0.5181 0.0973 -0.3422
v 0.5242 0.0979 -0.3528
v 0.5274 0.0513 -0.3469
v 0.5208 0.0506 -0.3583
v 0.5208 0.0517 -0.3583
v 0.5258 0.0516 -0.3496
v 0.5272 0.0516 -0.3473
v 0.5279 0.0624 -0.3462
v 0.5272 0.0540 -0.3473
v 0.5273 0.0624 -0.3473
v 0.5137 0.0507 -0.3705
v 0.5137 0.0517 -0.3705
v 0.5066 0.0507 -0.3827
v 0.5066 0.0518 -0.3827
v 0.5000 0.0515 -0.3941
v 0.5002 0.0518 -0.3937
v 0.5015 0.0518 -0.3914
v 0.4997 0.0626 -0.3947
v 0.5003 0.0626 -0.3937
v 0.5002 0.0542 -0.3937
v 0.5279 0.0743 -0.3463
v 0.4998 0.0745 -0.3947
v 0.5004 0.0745 -0.3936
v 0.5276 0.0862 -0.3469
v 0.5009 0.0864 -0.3928
v 0.5232 0.0969 -0.3546
v 0.5194 0.0970 -0.3611
v 0.5269 0.0866 -0.3481
v 0.5140 0.0970 -0.3705
v 0.5087 0.0982 -0.3795
v 0.5086 0.0970 -0.3798
v 0.5036 0.0975 -0.3883
v 0.5035 0.0972 -0.3882
v 0.5031 0.0950 -0.3891
v 0.5040 0.0970 -0.3877
v 0.5267 0.0525 -0.3482
v 0.5207 0.0509 -0.3584
v 0.5207 0.0515 -0.3584
v 0.5250 0.0515 -0.3510
v 0.5265 0.0527 -0.3484
v 0.5277 0.0625 -0.3465
v 0.5273 0.0554 -0.3471
v 0.5274 0.0625 -0.3471
v 0.5137 0.0509 -0.3705
v 0.5137 0.0515 -0.3705
v 0.5067 0.0510 -0.3826
v 0.5067 0.0516 -0.3826
v 0.5007 0.0527 -0.3928
v 0.5009 0.0529 -0.3926
v 0.5023 0.0516 -0.3900
v 0.4998 0.0627 -0.3945
v 0.5002 0.0627 -0.3939
v 0.5001 0.0556 -0.3938
v 0.5278 0.0743 -0.3466
v 0.5274 0.0743 -0.3472
v 0.4999 0.0745 -0.3944
v 0.5003 0.0745 -0.3938
v 0.5272 0.0861 -0.3476
v 0.5273 0.0743 -0.3473
v 0.5006 0.0863 -0.3933
v 0.5010 0.0862 -0.3926
v 0.5140 0.0981 -0.3705
v 0.5242 0.0972 -0.3529
v 0.5193 0.0972 -0.3613
v 0.5140 0.0979 -0.3705
v 0.5140 0.0972 -0.3705
v 0.5088 0.0979 -0.3795
v 0.5087 0.0972 -0.3796
v 0.5039 0.0962 -0.3879
v 0.5039 0.0960 -0.3878
v 0.5027 0.0935 -0.3899
v 0.5054 0.0972 -0.3852
v 0.4770 0.1086 -0.3478
v 0.4694 0.1077 -0.3616
v 0.4840 0.1067 -0.3361
v 0.4964 0.0855 -0.3156
v 0.4745 0.1104 -0.3297
v 0.4745 0.1104 -0.3297
v 0.4744 0.1105 -0.3298
v 0.4744 0.1105 -0.3299
v 0.4744 0.1105 -0.3300
v 0.4746 0.1103 -0.3296
v 0.4547 0.1105 -0.3181
v 0.4547 0.1105 -0.3181
v 0.4546 0.1106 -0.3182
v 0.4546 0.1106 -0.3183
v 0.4545 0.1106 -0.3183
v 0.4545 0.1106 -0.3184
v 0.4592 0.1106 -0.3560
v 0.4591 0.1106 -0.3561
v 0.4591 0.1105 -0.3562
v 0.4591 0.1105 -0.3563
v 0.4592 0.1106 -0.3560
v 0.4392 0.1106 -0.3447
v 0.4392 0.1107 -0.3446
v 0.4393 0.1107 -0.3446
v 0.4393 0.1107 -0.3445
v 0.4394 0.1107 -0.3444
v 0.4349 0.1141 -0.3065
v 0.4349 0.1141 -0.3066
v 0.4348 0.1142 -0.3067
v 0.4347 0.1142 -0.3068
v 0.4347 0.1142 -0.3069
v 0.4192 0.1143 -0.3330
v 0.4194 0.1142 -0.3331
v 0.4195 0.1143 -0.3331
v 0.4195 0.1143 -0.3330
v 0.4195 0.1143 -0.3329
v 0.4195 0.1143 -0.3329
v 0.4293 0.1124 -0.3389
v 0.4051 0.1277 -0.2893
v 0.4145 0.1237 -0.2949
v 0.4148 0.1236 -0.2952
v 0.4348 0.1142 -0.3067
v 0.4149 0.1235 -0.2953
v 0.3997 0.1235 -0.3217
v 0.3996 0.1235 -0.3216
v 0.3978 0.1245 -0.3205
v 0.3986 0.1241 -0.3209
v 0.3992 0.1239 -0.3212
v 0.3996 0.1237 -0.3213
v 0.3998 0.1236 -0.3213
v 0.4075 0.1110 -0.2702
v 0.3952 0.1336 -0.2835
v 0.4140 0.1240 -0.2945
v 0.3952 0.1336 -0.2836
v 0.3951 0.1337 -0.2837
v 0.3951 0.1337 -0.2838
v 0.3798 0.1337 -0.3101
v 0.3798 0.1337 -0.3100
v 0.3600 0.1396 -0.2984
v 0.3799 0.1338 -0.3099
v 0.3799 0.1338 -0.3099
v 0.3800 0.1338 -0.3098
v 0.3754 0.1395 -0.2720
v 0.3754 0.1395 -0.2721
v 0.3753 0.1396 -0.2721
v 0.3753 0.1396 -0.2722
v 0.3600 0.1396 -0.2985
v 0.3601 0.1397 -0.2984
v 0.3601 0.1397 -0.2983
v 0.3602 0.1397 -0.2982
v 0.3555 0.1396 -0.2605
v 0.3555 0.1397 -0.2605
v 0.3555 0.1397 -0.2606
v 0.3554 0.1397 -0.2607
v 0.3401 0.1397 -0.2870
v 0.3402 0.1397 -0.2869
v 0.3402 0.1398 -0.2868
v 0.3403 0.1398 -0.2868
v 0.3403 0.1398 -0.2867
v 0.3357 0.1398 -0.2489
v 0.3357 0.1398 -0.2490
v 0.3356 0.1398 -0.2491
v 0.3356 0.1398 -0.2491
v 0.3203 0.1398 -0.2754
v 0.3203 0.1399 -0.2753
v 0.3204 0.1399 -0.2753
v 0.3204 0.1399 -0.2752
v 0.3204 0.1399 -0.2751
v 0.3318 0.1068 -0.2163
v 0.3158 0.1399 -0.2374
v 0.3158 0.1399 -0.2375
v 0.3157 0.1399 -0.2376
v 0.3004 0.1399 -0.2639
v 0.3005 0.1400 -0.2638
v 0.3005 0.1400 -0.2637
v 0.3005 0.1401 -0.2637
v 0.3006 0.1401 -0.2636
v 0.2960 0.1399 -0.2257
v 0.3099 0.0987 -0.2044
v 0.3158 0.1399 -0.2374
v 0.2959 0.1400 -0.2259
v 0.2959 0.1401 -0.2260
v 0.2882 0.1492 -0.2215
v 0.2768 0.1446 -0.2500
v 0.2807 0.1402 -0.2521
v 0.2807 0.1402 -0.2522
v 0.2806 0.1401 -0.2523
v 0.2806 0.1401 -0.2523
v 0.4815 0.1104 -0.3341
v 0.4815 0.1104 -0.3340
v 0.4815 0.1104 -0.3339
v 0.4816 0.1104 -0.3339
v 0.4816 0.1103 -0.3338
v 0.4817 0.1103 -0.3337
v 0.4840 0.0866 -0.4014
v 0.4662 0.1105 -0.3604
v 0.4662 0.1105 -0.3603
v 0.4662 0.1105 -0.3602
v 0.4663 0.1105 -0.3602
v 0.4663 0.1105 -0.3601
v 0.3959 0.1281 -0.3016
v 0.2645 0.1527 -0.2240
v 0.2876 0.1056 -0.2403
v 0.2187 0.0063 -0.1982
v 0.3076 0.0879 -0.2052
v 0.3004 0.0728 -0.1975
v 0.2584 0.0725 -0.2710
v 0.2724 0.0895 -0.2747
v 0.1833 0.0130 -0.2269
v 0.2393 0.0074 -0.1628
v 0.2690 0.0461 -0.2712
v 0.2111 0.0262 -0.2383
v 0.1990 0.0492 -0.2218
v 0.1163 0.0329 -0.1395
v 0.0956 0.0419 -0.1753
v 0.1900 0.0474 -0.2278
v 0.1821 0.0136 -0.2262
v 0.1819 0.0144 -0.2266
v 0.1818 0.0153 -0.2267
v 0.0957 0.0137 -0.1743
v 0.0948 0.0165 -0.1761
v 0.0948 0.0156 -0.1760
v 0.0950 0.0148 -0.1756
v 0.2241 0.0421 -0.1547
v 0.2244 0.0411 -0.1542
v 0.1376 0.0402 -0.1029
v 0.2307 0.0457 -0.1587
v 0.2172 0.0493 -0.1753
v 0.2246 0.0401 -0.1538
v 0.1370 0.0433 -0.1040
v 0.1367 0.0441 -0.1047
v 0.2223 0.0406 -0.1544
v 0.1366 0.0147 -0.1040
v 0.1000 0.0278 -0.1762
v 0.1784 0.0272 -0.2238
v 0.6570 0.0913 -0.4536
v 0.3308 0.0425 -0.2185
v 0.2921 0.0404 -0.2851
v 0.3032 0.0515 -0.2979
v 0.3324 0.0673 -0.2156
v 0.2797 0.0476 -0.2826
v 0.2933 0.0569 -0.2875
v 0.4662 0.0593 -0.3813
v 0.3322 0.0550 -0.2238
v 0.5032 0.0574 -0.3180
v 0.3339 0.0429 -0.2282
v 0.3344 0.0481 -0.2274
v 0.3279 0.0482 -0.2236
v 0.3408 0.0481 -0.2311
v 0.3281 0.0485 -0.2233
v 0.3410 0.0484 -0.2308
v 0.3444 0.0428 -0.2249
v 0.2938 0.0490 -0.2824
v 0.2940 0.0488 -0.2820
v 0.3069 0.0487 -0.2895
v 0.2941 0.0484 -0.2817
v 0.3071 0.0484 -0.2892
v 0.3006 0.0484 -0.2854
v 0.3010 0.0431 -0.2846
v 0.2759 0.0893 -0.2166
v 0.2615 0.0860 -0.2427
v 0.1993 0.0610 -0.2038
v 0.2648 0.0891 -0.2225
v 0.2110 0.0680 -0.1879
v 0.2634 0.0891 -0.2248
v 0.2080 0.0684 -0.1926
v 0.2621 0.0891 -0.2271
v 0.2057 0.0684 -0.1965
v 0.2523 0.0701 -0.1928
v 0.2599 0.0832 -0.2484
v 0.2001 0.0581 -0.2133
v 0.2653 0.0890 -0.2217
v 0.2659 0.0886 -0.2208
v 0.2118 0.0682 -0.1863
v 0.2109 0.0684 -0.1875
v 0.2621 0.0890 -0.2308
v 0.2050 0.0684 -0.1977
v 0.2046 0.0684 -0.1984
v 0.2617 0.0890 -0.2279
v 0.2042 0.0681 -0.1994
v 0.2171 0.0644 -0.1796
v 0.2142 0.0663 -0.1834
v 0.2685 0.0869 -0.2184
v 0.2016 0.0652 -0.2058
v 0.6270 0.0355 -0.4564
v 0.6344 0.0355 -0.4300
v 0.6485 0.0354 -0.4250
v 0.6707 0.0352 -0.4416
v 0.6570 0.0353 -0.4719
v 0.6596 0.0331 -0.4678
v 0.6538 0.0858 -0.4228
v 0.6894 0.0632 -0.4476
v 0.6893 0.0630 -0.4476
v 0.6886 0.0632 -0.4588
v 0.6834 0.0632 -0.4707
v 0.6771 0.0633 -0.4786
v 0.6677 0.0634 -0.4848
v 0.6677 0.0631 -0.4848
v 0.6604 0.0634 -0.4870
v 0.6876 0.0626 -0.4402
v 0.6877 0.0630 -0.4402
v 0.6877 0.0632 -0.4401
v 0.6487 0.0288 -0.4231
v 0.6449 0.0336 -0.4264
v 0.6711 0.0338 -0.4417
v 0.6312 0.0613 -0.4750
v 0.6472 0.0384 -0.4543
v 0.6591 0.0876 -0.4166
v 0.6710 0.0875 -0.4775
v 0.6861 0.0840 -0.4512
v 0.6686 0.0795 -0.4830
v 0.6711 0.0904 -0.4713
v 0.6155 0.0879 -0.4499
v 0.6599 0.0851 -0.4838
v 0.6499 0.0613 -0.4858
v 0.6589 0.0573 -0.4851
v 0.6561 0.0491 -0.4815
v 0.6565 0.0764 -0.4872
v 0.6810 0.0489 -0.4395
v 0.6598 0.0643 -0.4872
v 0.6860 0.0569 -0.4430
v 0.6769 0.0442 -0.4678
v 0.6893 0.0629 -0.4476
v 0.6885 0.0630 -0.4432
v 0.6885 0.0628 -0.4432
v 0.6894 0.0631 -0.4476
v 0.6886 0.0632 -0.4432
v 0.6877 0.0631 -0.4402
v 0.6869 0.0675 -0.4382
v 0.6894 0.0632 -0.4530
v 0.6894 0.0630 -0.4530
v 0.6886 0.0631 -0.4588
v 0.6589 0.0632 -0.4870
v 0.6887 0.0781 -0.4556
v 0.6771 0.0632 -0.4786
v 0.6724 0.0634 -0.4822
v 0.6724 0.0631 -0.4821
v 0.6677 0.0633 -0.4848
v 0.6677 0.0630 -0.4847
v 0.6635 0.0634 -0.4863
v 0.6635 0.0632 -0.4863
v 0.6604 0.0632 -0.4870
v 0.6605 0.0633 -0.4870
v 0.6635 0.0630 -0.4862
v 0.6604 0.0628 -0.4869
v 0.6592 0.0631 -0.4873
v 0.6271 0.0334 -0.4566
v 0.6886 0.0631 -0.4432
v 0.6894 0.0631 -0.4530
v 0.6724 0.0632 -0.4821
v 0.6635 0.0633 -0.4863
v 0.6592 0.0634 -0.4873
v 0.6873 0.0628 -0.4391
v 0.6186 0.0903 -0.4471
v 0.6540 0.0899 -0.4213
v 0.7942 0.1097 -0.3492
v 0.7942 0.1098 -0.3492
v 0.7297 0.1080 -0.4126
v 0.8052 0.1075 -0.3676
v 0.8052 0.1076 -0.3677
v 0.8050 0.1080 -0.3672
v 0.7947 0.1100 -0.3499
v 0.7302 0.1102 -0.4135
v 0.8052 0.1077 -0.3677
v 0.7302 0.1103 -0.4135
v 0.8052 0.1078 -0.3677
v 0.7302 0.1104 -0.4135
v 0.8052 0.1079 -0.3676
v 0.7301 0.1105 -0.4134
v 0.8051 0.1079 -0.3674
v 0.7301 0.1105 -0.4132
v 0.7300 0.1106 -0.4131
v 0.7196 0.1126 -0.3957
v 0.7195 0.1126 -0.3955
v 0.7945 0.1100 -0.3497
v 0.7194 0.1126 -0.3954
v 0.7944 0.1100 -0.3496
v 0.7193 0.1126 -0.3952
v 0.7943 0.1099 -0.3494
v 0.7193 0.1125 -0.3951
v 0.7943 0.1099 -0.3493
v 0.7192 0.1124 -0.3950
v 0.6633 0.1116 -0.4463
v 0.6633 0.1117 -0.4462
v 0.6633 0.1118 -0.4462
v 0.6633 0.1118 -0.4460
v 0.6633 0.1118 -0.4460
v 0.6632 0.1119 -0.4458
v 0.6632 0.1119 -0.4458
v 0.6602 0.1121 -0.4408
v 0.6584 0.1122 -0.4384
v 0.6582 0.1122 -0.4382
v 0.6582 0.1122 -0.4382
v 0.6579 0.1121 -0.4380
v 0.6579 0.1121 -0.4380
v 0.6578 0.1120 -0.4379
v 0.6578 0.1120 -0.4379
v 0.7187 0.1102 -0.3942
v 0.6614 0.1119 -0.4418
v 0.6381 0.1123 -0.4572
v 0.6356 0.1121 -0.4518
v 0.5681 0.1118 -0.4848
v 0.6356 0.1121 -0.4516
v 0.5679 0.1118 -0.4846
v 0.6356 0.1121 -0.4516
v 0.6355 0.1121 -0.4514
v 0.5679 0.1117 -0.4844
v 0.6355 0.1120 -0.4514
v 0.6355 0.1120 -0.4513
v 0.5678 0.1117 -0.4843
v 0.6355 0.1120 -0.4512
v 0.5678 0.1116 -0.4843
v 0.6355 0.1118 -0.4511
v 0.5678 0.1115 -0.4843
v 0.5792 0.1110 -0.5035
v 0.5789 0.1132 -0.5029
v 0.6402 0.1121 -0.4599
v 0.5788 0.1133 -0.5028
v 0.6402 0.1121 -0.4599
v 0.6401 0.1122 -0.4598
v 0.5788 0.1134 -0.5027
v 0.6401 0.1122 -0.4598
v 0.5787 0.1134 -0.5026
v 0.6398 0.1123 -0.4596
v 0.5786 0.1135 -0.5024
v 0.6398 0.1123 -0.4596
v 0.5785 0.1135 -0.5022
v 0.4927 0.1098 -0.5301
v 0.5682 0.1092 -0.4851
v 0.4926 0.1099 -0.5300
v 0.5037 0.1115 -0.5485
v 0.5038 0.1116 -0.5486
v 0.6415 0.1029 -0.4578
v 0.6365 0.1095 -0.4552
v 0.6365 0.1124 -0.4549
v 0.6365 0.1124 -0.4552
v 0.4929 0.1102 -0.5305
v 0.5033 0.1119 -0.5479
v 0.4928 0.1102 -0.5303
v 0.4927 0.1101 -0.5301
v 0.4927 0.1101 -0.5300
v 0.4926 0.1100 -0.5300
v 0.5037 0.1117 -0.5485
v 0.5036 0.1118 -0.5484
v 0.5036 0.1118 -0.5483
v 0.5035 0.1119 -0.5481
v 0.6464 0.0979 -0.4640
v 0.6463 0.0980 -0.4640
v 0.6462 0.0981 -0.4639
v 0.6145 0.0979 -0.5303
v 0.6459 0.0982 -0.4638
v 0.6463 0.0959 -0.4640
v 0.6147 0.0976 -0.5304
v 0.5699 0.0956 -0.6061
v 0.5700 0.0957 -0.6061
v 0.5512 0.0970 -0.5952
v 0.5954 0.0967 -0.5192
v 0.5511 0.0971 -0.5952
v 0.5958 0.0990 -0.5195
v 0.7472 0.0957 -0.3025
v 0.7031 0.0960 -0.3785
v 0.7473 0.0958 -0.3025
v 0.7025 0.0984 -0.3782
v 0.7286 0.0943 -0.2916
v 0.7285 0.0944 -0.2916
v 0.6844 0.0946 -0.3676
v 0.6837 0.0969 -0.3672
v 0.6422 0.0804 -0.4455
v 0.6564 0.0804 -0.4471
v 0.6459 0.0804 -0.4584
v 0.6008 0.0990 -0.5224
v 0.5960 0.0992 -0.5196
v 0.6378 0.0983 -0.4585
v 0.6515 0.0979 -0.4348
v 0.6516 0.0980 -0.4348
v 0.6838 0.0971 -0.3673
v 0.6517 0.0981 -0.4348
v 0.6518 0.0981 -0.4348
v 0.6520 0.0982 -0.4348
v 0.6393 0.1094 -0.4415
v 0.6483 0.0955 -0.4395
v 0.6605 0.0981 -0.4394
v 0.6600 0.1006 -0.4532
v 0.6554 0.0984 -0.4359
v 0.7020 0.0987 -0.3779
v 0.7024 0.0986 -0.3781
v 0.6365 0.1089 -0.4552
v 0.6547 0.1143 -0.4598
v 0.6460 0.1190 -0.4522
v 0.6494 0.0804 -0.4494
v 0.6469 0.1212 -0.4489
v 0.6497 0.1212 -0.4494
v 0.6524 0.1212 -0.4484
v 0.6495 0.1212 -0.4525
v 0.6550 0.1182 -0.4445
v 0.6548 0.0983 -0.4357
v 0.5695 0.0961 -0.6058
v 0.5518 0.0974 -0.5956
v 0.6143 0.0979 -0.5302
v 0.5698 0.0960 -0.6060
v 0.6146 0.0978 -0.5304
v 0.5699 0.0959 -0.6061
v 0.6147 0.0977 -0.5304
v 0.5700 0.0958 -0.6061
v 0.5959 0.0991 -0.5195
v 0.5512 0.0972 -0.5952
v 0.6837 0.0970 -0.3672
v 0.6839 0.0972 -0.3673
v 0.6840 0.0973 -0.3674
v 0.6842 0.0973 -0.3675
v 0.7019 0.0987 -0.3778
v 0.7025 0.0985 -0.3781
v 0.7285 0.0945 -0.2916
v 0.7285 0.0946 -0.2916
v 0.7286 0.0947 -0.2917
v 0.7288 0.0947 -0.2918
v 0.7290 0.0948 -0.2919
v 0.7466 0.0961 -0.3021
v 0.7472 0.0959 -0.3025
v -0.5047 0.0495 -0.3892
v -0.4593 0.0517 -0.4433
v -0.4792 0.1116 -0.4217
v -0.3092 0.1401 -0.2666
v -0.2701 0.0657 -0.2036
v -0.3081 0.1014 -0.2314
v -0.2756 0.0782 -0.2513
v -0.2458 0.0071 -0.1812
v -0.3249 0.0404 -0.2536
v -0.2911 0.0519 -0.3258
v -0.3143 0.0537 -0.3446
v -0.4252 0.0882 -0.4324
v -0.2773 0.0431 -0.3127
v -0.2573 0.0465 -0.2945
v -0.3285 0.0431 -0.2490
v -0.2911 0.0476 -0.3258
v -0.2951 0.0459 -0.3288
v -0.3423 0.0521 -0.2576
v -0.3433 0.0431 -0.2608
v -0.3395 0.0424 -0.2592
v -0.3994 0.0378 -0.3927
v -0.2889 0.0431 -0.3221
v -0.4309 0.0521 -0.4390
v -0.4125 0.0414 -0.4194
v -0.4128 0.0431 -0.4218
v -0.4106 0.0403 -0.4151
v -0.3994 0.0431 -0.4110
v -0.3402 0.0431 -0.2584
v -0.4185 0.0452 -0.4278
v -0.4524 0.0452 -0.4550
v -0.4541 0.0414 -0.4529
v -0.4788 0.0403 -0.4222
v -0.4643 0.0868 -0.4445
v -0.4696 0.0982 -0.4289
v -0.4825 0.0982 -0.4252
v -0.5118 0.0672 -0.4667
v -0.5058 0.0725 -0.4743
v -0.5205 0.0672 -0.4559
v -0.5293 0.0672 -0.4451
v -0.5193 0.0950 -0.4574
v -0.5278 0.0950 -0.4469
v -0.5731 0.0672 -0.4822
v -0.5871 0.0761 -0.4791
v -0.5858 0.0940 -0.5072
v -0.5080 0.0980 -0.4715
v -0.4646 0.0984 -0.4374
v -0.4905 0.0982 -0.4058
v -0.5329 0.0982 -0.4406
v -0.5088 0.0946 -0.4705
v -0.5603 0.0947 -0.5123
v -0.5318 0.0951 -0.4419
v -0.5843 0.0944 -0.4825
v -0.5327 0.0941 -0.4408
v -0.5327 0.0960 -0.4408
v -0.4957 0.0537 -0.4698
v -0.4591 0.0524 -0.4420
v -0.4934 0.0535 -0.3993
v -0.5286 0.0538 -0.4291
v -0.5069 0.0672 -0.4728
v -0.5055 0.0663 -0.4747
v -0.5513 0.0676 -0.5099
v -0.5061 0.0686 -0.4739
v -0.5356 0.0663 -0.4372
v -0.5350 0.0686 -0.4379
v -0.5797 0.0677 -0.4747
v -0.5341 0.0672 -0.4390
v -0.4420 0.0760 -0.4457
v -0.4523 0.0466 -0.4550
v -0.4519 0.0638 -0.4547
v -0.4529 0.0484 -0.4544
v -0.4994 0.0517 -0.3988
v -0.5043 0.0877 -0.3896
v -0.4466 0.0992 -0.4329
v -0.4519 0.0758 -0.4547
v -0.4523 0.0758 -0.4547
v -0.4608 0.0996 -0.4441
v -0.4979 0.0980 -0.4016
v -0.4523 0.0877 -0.4542
v -0.4528 0.0877 -0.4541
v -0.4597 0.0997 -0.4457
v -0.4874 0.1116 -0.4116
v -0.4591 0.0997 -0.4460
v -0.4701 0.1116 -0.4330
v -0.3701 0.1101 -0.2840
v -0.3297 0.0679 -0.2461
v -0.2611 0.0952 -0.2965
v -0.3116 0.0306 -0.2786
v -0.5119 0.0666 -0.4666
v -0.5058 0.0667 -0.4742
v -0.5205 0.0667 -0.4559
v -0.5338 0.0666 -0.4394
v -0.5353 0.0668 -0.4375
v -0.5344 0.0886 -0.4387
v -0.5071 0.0970 -0.4695
v -0.5226 0.0956 -0.4534
v -0.5324 0.0957 -0.4362
v -0.5325 0.0955 -0.4410
v -0.5069 0.0895 -0.4729
v -0.5009 0.0672 -0.4747
v -0.5348 0.0613 -0.4347
v -0.5333 0.0697 -0.4329
v -0.4692 0.0532 -0.4481
v -0.4825 0.0533 -0.4253
v -0.4983 0.0533 -0.4056
v -0.5024 0.0530 -0.4069
v -0.4648 0.0875 -0.4470
v -0.4988 0.0869 -0.4046
v -0.4704 0.0982 -0.4404
v -0.4727 0.0994 -0.4437
v -0.4964 0.0984 -0.4102
v -0.4685 0.0528 -0.4490
v -0.4767 0.0521 -0.4388
v -0.4767 0.0531 -0.4388
v -0.4685 0.0531 -0.4488
v -0.4680 0.0639 -0.4496
v -0.4687 0.0555 -0.4487
v -0.4688 0.0639 -0.4487
v -0.4856 0.0521 -0.4278
v -0.4856 0.0531 -0.4278
v -0.4944 0.0521 -0.4168
v -0.4944 0.0531 -0.4168
v -0.5027 0.0528 -0.4065
v -0.5007 0.0531 -0.4089
v -0.5032 0.0639 -0.4059
v -0.5024 0.0639 -0.4069
v -0.4680 0.0758 -0.4496
v -0.5031 0.0758 -0.4059
v -0.5024 0.0758 -0.4069
v -0.4685 0.0877 -0.4490
v -0.5018 0.0877 -0.4076
v -0.4740 0.0984 -0.4421
v -0.4788 0.0984 -0.4362
v -0.4856 0.0995 -0.4278
v -0.4856 0.0984 -0.4278
v -0.4921 0.0995 -0.4196
v -0.4923 0.0984 -0.4194
v -0.4985 0.0988 -0.4117
v -0.4984 0.0984 -0.4119
v -0.4991 0.0963 -0.4110
v -0.4971 0.0984 -0.4134
v -0.4694 0.0540 -0.4479
v -0.4768 0.0523 -0.4386
v -0.4768 0.0529 -0.4386
v -0.4714 0.0530 -0.4454
v -0.4696 0.0542 -0.4477
v -0.4682 0.0640 -0.4494
v -0.4686 0.0569 -0.4488
v -0.4686 0.0640 -0.4489
v -0.4856 0.0523 -0.4278
v -0.4856 0.0529 -0.4278
v -0.4943 0.0523 -0.4169
v -0.4943 0.0529 -0.4169
v -0.5017 0.0540 -0.4077
v -0.5016 0.0542 -0.4079
v -0.5030 0.0640 -0.4061
v -0.5025 0.0640 -0.4067
v -0.5025 0.0569 -0.4067
v -0.4682 0.0758 -0.4493
v -0.4687 0.0758 -0.4488
v -0.5029 0.0758 -0.4062
v -0.5025 0.0758 -0.4068
v -0.4700 0.0899 -0.4471
v -0.5021 0.0875 -0.4072
v -0.5016 0.0875 -0.4078
v -0.4728 0.0988 -0.4436
v -0.4789 0.0986 -0.4360
v -0.4856 0.0993 -0.4278
v -0.4856 0.0986 -0.4278
v -0.4921 0.0992 -0.4197
v -0.4922 0.0986 -0.4195
v -0.4982 0.0975 -0.4121
v -0.4981 0.0973 -0.4122
v -0.4997 0.0948 -0.4103
v -0.4963 0.0986 -0.4145
v -0.4339 0.1078 -0.3820
v -0.4613 0.1088 -0.3893
v -0.4438 0.1098 -0.4133
v -0.4281 0.0868 -0.4310
v -0.4333 0.1115 -0.4055
v -0.4334 0.1116 -0.4054
v -0.4334 0.1116 -0.4054
v -0.4335 0.1116 -0.4053
v -0.4335 0.1116 -0.4052
v -0.4333 0.1115 -0.4055
v -0.4154 0.1115 -0.3911
v -0.4154 0.1115 -0.3911
v -0.4155 0.1116 -0.3910
v -0.4155 0.1116 -0.3910
v -0.4156 0.1116 -0.3909
v -0.4156 0.1116 -0.3908
v -0.4524 0.1116 -0.3817
v -0.4525 0.1116 -0.3816
v -0.4524 0.1116 -0.3818
v -0.4699 0.0786 -0.3603
v -0.4346 0.1116 -0.3672
v -0.4346 0.1116 -0.3672
v -0.4345 0.1116 -0.3673
v -0.4345 0.1116 -0.3674
v -0.3975 0.1150 -0.3767
v -0.3976 0.1150 -0.3767
v -0.3976 0.1151 -0.3766
v -0.3977 0.1151 -0.3765
v -0.3977 0.1151 -0.3764
v -0.4167 0.1151 -0.3528
v -0.4167 0.1151 -0.3529
v -0.4166 0.1151 -0.3529
v -0.4166 0.1151 -0.3530
v -0.3707 0.1284 -0.3550
v -0.3793 0.1245 -0.3618
v -0.3976 0.1151 -0.3766
v -0.3797 0.1244 -0.3620
v -0.3798 0.1243 -0.3620
v -0.4938 0.0720 -0.3892
v -0.3989 0.1241 -0.3383
v -0.3979 0.1248 -0.3376
v -0.3986 0.1244 -0.3384
v -0.3987 0.1243 -0.3386
v -0.3405 0.1044 -0.3613
v -0.3788 0.1248 -0.3615
v -0.3618 0.1343 -0.3478
v -0.3618 0.1343 -0.3478
v -0.3619 0.1343 -0.3477
v -0.3619 0.1343 -0.3476
v -0.3810 0.1342 -0.3239
v -0.3631 0.1400 -0.3096
v -0.3984 0.1245 -0.3381
v -0.3810 0.1343 -0.3240
v -0.3809 0.1343 -0.3241
v -0.3809 0.1343 -0.3241
v -0.3808 0.1343 -0.3242
v -0.3439 0.1400 -0.3334
v -0.3439 0.1401 -0.3334
v -0.3440 0.1401 -0.3333
v -0.3440 0.1401 -0.3332
v -0.3631 0.1400 -0.3096
v -0.3630 0.1401 -0.3097
v -0.3630 0.1401 -0.3097
v -0.3629 0.1401 -0.3098
v -0.3260 0.1400 -0.3190
v -0.3260 0.1401 -0.3190
v -0.3261 0.1401 -0.3189
v -0.3261 0.1401 -0.3189
v -0.3452 0.1400 -0.2952
v -0.3452 0.1400 -0.2952
v -0.3451 0.1401 -0.2953
v -0.3451 0.1401 -0.2953
v -0.3450 0.1401 -0.2954
v -0.3081 0.1400 -0.3046
v -0.3081 0.1401 -0.3046
v -0.3082 0.1401 -0.3045
v -0.3083 0.1401 -0.3045
v -0.3273 0.1400 -0.2808
v -0.3273 0.1400 -0.2808
v -0.3272 0.1401 -0.2809
v -0.3272 0.1401 -0.2809
v -0.3271 0.1401 -0.2810
v -0.2903 0.1401 -0.2902
v -0.2903 0.1401 -0.2901
v -0.2904 0.1401 -0.2901
v -0.3094 0.1400 -0.2664
v -0.3094 0.1400 -0.2664
v -0.3093 0.1401 -0.2665
v -0.3093 0.1401 -0.2666
v -0.2722 0.1399 -0.2760
v -0.2902 0.1400 -0.2903
v -0.2724 0.1401 -0.2758
v -0.2724 0.1401 -0.2757
v -0.2655 0.1492 -0.2700
v -0.2879 0.1446 -0.2493
v -0.2914 0.1401 -0.2522
v -0.2914 0.1401 -0.2521
v -0.2915 0.1400 -0.2520
v -0.2915 0.1400 -0.2520
v -0.4399 0.1116 -0.4104
v -0.4399 0.1116 -0.4104
v -0.4398 0.1116 -0.4105
v -0.4398 0.1116 -0.4106
v -0.4397 0.1115 -0.4106
v -0.4397 0.1115 -0.4107
v -0.4525 0.1116 -0.3816
v -0.4589 0.1116 -0.3868
v -0.4588 0.1116 -0.3869
v -0.4588 0.1116 -0.3869
v -0.3517 0.1390 -0.3285
v -0.2593 0.1526 -0.2470
v -0.2829 0.1056 -0.2631
v -0.2143 0.0059 -0.2204
v -0.2475 0.0729 -0.2905
v -0.3096 0.0894 -0.2367
v -0.3011 0.0723 -0.2250
v -0.2331 0.0123 -0.1711
v -0.1934 0.0071 -0.2464
v -0.3052 0.0403 -0.2350
v -0.2537 0.0257 -0.1928
v -0.1275 0.0318 -0.1397
v -0.1534 0.0407 -0.1075
v -0.2321 0.0129 -0.1702
v -0.2323 0.0137 -0.1699
v -0.2324 0.0146 -0.1698
v -0.1521 0.0123 -0.1089
v -0.1540 0.0153 -0.1066
v -0.1539 0.0144 -0.1067
v -0.1536 0.0135 -0.1071
v -0.1803 0.0417 -0.2349
v -0.1799 0.0407 -0.2353
v -0.1009 0.0382 -0.1728
v -0.1858 0.0444 -0.2409
v -0.1796 0.0397 -0.2357
v -0.1018 0.0423 -0.1718
v -0.1023 0.0432 -0.1712
v -0.1017 0.0138 -0.1715
v -0.1559 0.0266 -0.1114
v -0.2285 0.0264 -0.1675
v -0.1794 0.0402 -0.2333
v -0.5588 0.0809 -0.5153
v -0.2775 0.0426 -0.3124
v -0.2911 0.0525 -0.3258
v -0.2768 0.0594 -0.3125
v -0.3090 0.0538 -0.3402
v -0.2880 0.0472 -0.3234
v -0.3197 0.0475 -0.2409
v -0.3274 0.0571 -0.2580
v -0.2970 0.0563 -0.3187
v -0.4371 0.0573 -0.4314
v -0.2883 0.0431 -0.3110
v -0.2877 0.0484 -0.3117
v -0.2819 0.0484 -0.3070
v -0.2935 0.0484 -0.3164
v -0.2817 0.0488 -0.3073
v -0.2933 0.0488 -0.3166
v -0.2901 0.0422 -0.3206
v -0.3245 0.0490 -0.2541
v -0.3242 0.0488 -0.2544
v -0.3358 0.0488 -0.2638
v -0.3240 0.0484 -0.2547
v -0.3356 0.0484 -0.2640
v -0.3298 0.0484 -0.2594
v -0.3292 0.0431 -0.2601
v -0.2758 0.0859 -0.2380
v -0.2538 0.0864 -0.2655
v -0.1997 0.0620 -0.2220
v -0.2233 0.0620 -0.1927
v -0.2052 0.0635 -0.2065
v -0.2650 0.0907 -0.2471
v -0.1991 0.0575 -0.2253
v -0.2529 0.0823 -0.2695
v -0.2815 0.0817 -0.2344
v -0.2264 0.0575 -0.1914
v -0.2575 0.0888 -0.2490
v -0.2570 0.0885 -0.2499
v -0.2062 0.0679 -0.2106
v -0.2629 0.0885 -0.2426
v -0.2136 0.0679 -0.2014
v -0.2620 0.0888 -0.2434
v -0.2149 0.0676 -0.2000
v -0.2010 0.0639 -0.2193
v -0.2035 0.0658 -0.2152
v -0.2556 0.0868 -0.2532
v -0.2662 0.0866 -0.2403
v -0.2194 0.0649 -0.1960
v -0.2039 0.0487 -0.2131
v -0.6065 0.0376 -0.5029
v -0.5844 0.0376 -0.5193
v -0.5848 0.0376 -0.5342
v -0.6082 0.0376 -0.5490
v -0.6317 0.0376 -0.5253
v -0.6288 0.0354 -0.5292
v -0.5846 0.0881 -0.5395
v -0.6205 0.0657 -0.5641
v -0.6205 0.0655 -0.5640
v -0.6307 0.0657 -0.5594
v -0.6399 0.0657 -0.5502
v -0.6451 0.0657 -0.5415
v -0.6475 0.0657 -0.5305
v -0.6474 0.0655 -0.5305
v -0.6470 0.0657 -0.5229
v -0.6130 0.0651 -0.5650
v -0.6130 0.0655 -0.5652
v -0.6130 0.0657 -0.5652
v -0.5831 0.0311 -0.5351
v -0.5848 0.0359 -0.5303
v -0.6085 0.0362 -0.5493
v -0.6253 0.0634 -0.4999
v -0.6117 0.0406 -0.5224
v -0.5807 0.0899 -0.5468
v -0.6418 0.0899 -0.5361
v -0.6226 0.0865 -0.5596
v -0.6461 0.0818 -0.5319
v -0.6361 0.0928 -0.5384
v -0.5961 0.0899 -0.4941
v -0.6437 0.0874 -0.5235
v -0.6420 0.0635 -0.5135
v -0.6446 0.0596 -0.5222
v -0.6403 0.0514 -0.5209
v -0.6456 0.0787 -0.5191
v -0.6100 0.0514 -0.5593
v -0.6469 0.0665 -0.5223
v -0.6151 0.0593 -0.5626
v -0.6349 0.0466 -0.5453
v -0.6205 0.0654 -0.5640
v -0.6161 0.0655 -0.5649
v -0.6161 0.0653 -0.5648
v -0.6205 0.0656 -0.5640
v -0.6161 0.0657 -0.5649
v -0.6130 0.0656 -0.5652
v -0.6109 0.0699 -0.5651
v -0.6256 0.0657 -0.5622
v -0.6255 0.0655 -0.5621
v -0.6307 0.0656 -0.5593
v -0.6464 0.0655 -0.5215
v -0.6277 0.0806 -0.5605
v -0.6451 0.0656 -0.5415
v -0.6467 0.0657 -0.5359
v -0.6467 0.0655 -0.5359
v -0.6475 0.0656 -0.5305
v -0.6474 0.0654 -0.5305
v -0.6474 0.0657 -0.5260
v -0.6473 0.0655 -0.5260
v -0.6469 0.0655 -0.5229
v -0.6469 0.0656 -0.5229
v -0.6473 0.0653 -0.5260
v -0.6468 0.0651 -0.5230
v -0.6467 0.0654 -0.5217
v -0.6066 0.0355 -0.5029
v -0.6161 0.0656 -0.5649
v -0.6256 0.0656 -0.5621
v -0.6467 0.0656 -0.5359
v -0.6474 0.0656 -0.5260
v -0.6468 0.0657 -0.5217
v -0.6119 0.0653 -0.5652
v -0.5946 0.0924 -0.4980
v -0.5832 0.0922 -0.5403
v -0.5662 0.1129 -0.6969
v -0.5662 0.1130 -0.6969
v -0.6022 0.1108 -0.6139
v -0.5873 0.1108 -0.7006
v -0.5874 0.1109 -0.7006
v -0.5869 0.1113 -0.7005
v -0.5670 0.1132 -0.6971
v -0.6033 0.1130 -0.6141
v -0.5874 0.1110 -0.7006
v -0.6033 0.1131 -0.6141
v -0.5874 0.1111 -0.7006
v -0.6032 0.1132 -0.6141
v -0.5872 0.1112 -0.7005
v -0.6031 0.1133 -0.6141
v -0.5871 0.1112 -0.7005
v -0.6029 0.1133 -0.6141
v -0.6027 0.1134 -0.6140
v -0.5829 0.1153 -0.6106
v -0.5826 0.1154 -0.6106
v -0.5668 0.1133 -0.6970
v -0.5824 0.1153 -0.6105
v -0.5666 0.1132 -0.6970
v -0.5822 0.1153 -0.6105
v -0.5664 0.1132 -0.6970
v -0.5821 0.1152 -0.6105
v -0.5663 0.1131 -0.6969
v -0.5820 0.1151 -0.6105
v -0.6099 0.1139 -0.5399
v -0.6097 0.1141 -0.5399
v -0.6097 0.1141 -0.5399
v -0.6096 0.1142 -0.5400
v -0.6096 0.1142 -0.5400
v -0.6094 0.1142 -0.5400
v -0.6094 0.1142 -0.5400
v -0.6036 0.1144 -0.5389
v -0.6072 0.1142 -0.5402
v -0.6007 0.1145 -0.5381
v -0.6005 0.1145 -0.5380
v -0.6005 0.1145 -0.5380
v -0.6002 0.1144 -0.5378
v -0.6002 0.1144 -0.5378
v -0.6001 0.1143 -0.5378
v -0.6001 0.1143 -0.5378
v -0.5812 0.1129 -0.6103
v -0.6028 0.1143 -0.5393
v -0.6072 0.1116 -0.5402
v -0.6051 0.1143 -0.5121
v -0.6110 0.1145 -0.5124
v -0.6116 0.1135 -0.4372
v -0.6049 0.1142 -0.5121
v -0.6114 0.1135 -0.4371
v -0.6049 0.1142 -0.5121
v -0.6047 0.1142 -0.5121
v -0.6113 0.1134 -0.4371
v -0.6047 0.1142 -0.5121
v -0.6045 0.1141 -0.5122
v -0.6111 0.1133 -0.4371
v -0.6045 0.1141 -0.5122
v -0.6111 0.1132 -0.4371
v -0.6044 0.1139 -0.5122
v -0.6111 0.1131 -0.4371
v -0.6332 0.1127 -0.4409
v -0.6324 0.1149 -0.4408
v -0.6143 0.1143 -0.5134
v -0.6324 0.1150 -0.4407
v -0.6143 0.1143 -0.5134
v -0.6142 0.1144 -0.5134
v -0.6322 0.1151 -0.4407
v -0.6142 0.1144 -0.5133
v -0.6321 0.1152 -0.4407
v -0.6139 0.1145 -0.5132
v -0.6319 0.1152 -0.4407
v -0.6138 0.1145 -0.5132
v -0.6316 0.1152 -0.4406
v -0.6269 0.1109 -0.3506
v -0.6120 0.1109 -0.4372
v -0.6268 0.1110 -0.3506
v -0.6481 0.1127 -0.3543
v -0.6481 0.1128 -0.3543
v -0.6121 0.1090 -0.5148
v -0.6086 0.1117 -0.5117
v -0.6083 0.1145 -0.5117
v -0.6086 0.1145 -0.5117
v -0.6274 0.1114 -0.3507
v -0.6474 0.1131 -0.3541
v -0.6271 0.1114 -0.3506
v -0.6270 0.1113 -0.3506
v -0.6269 0.1112 -0.3506
v -0.6268 0.1111 -0.3506
v -0.6481 0.1129 -0.3543
v -0.6479 0.1130 -0.3542
v -0.6478 0.1131 -0.3542
v -0.6476 0.1131 -0.3542
v -0.6064 0.1043 -0.5272
v -0.6203 0.1001 -0.5178
v -0.6203 0.1002 -0.5178
v -0.6202 0.1003 -0.5177
v -0.6708 0.0998 -0.4643
v -0.6200 0.1004 -0.5174
v -0.6203 0.0981 -0.5178
v -0.6710 0.0995 -0.4644
v -0.7256 0.0972 -0.3955
v -0.7257 0.0973 -0.3956
v -0.7087 0.0985 -0.3819
v -0.6536 0.0985 -0.4504
v -0.7086 0.0987 -0.3819
v -0.6540 0.1009 -0.4507
v -0.5057 0.0987 -0.6699
v -0.5608 0.0987 -0.6014
v -0.5058 0.0988 -0.6699
v -0.5604 0.1010 -0.6010
v -0.4889 0.0971 -0.6564
v -0.4888 0.0972 -0.6563
v -0.5440 0.0971 -0.5879
v -0.5434 0.0994 -0.5874
v -0.6029 0.0826 -0.5205
v -0.6078 0.0988 -0.5393
v -0.6086 0.0826 -0.5333
v -0.6162 0.0826 -0.5222
v -0.6117 0.0908 -0.5189
v -0.6585 0.1009 -0.4543
v -0.6541 0.1011 -0.4508
v -0.6121 0.1004 -0.5118
v -0.5949 0.1001 -0.5331
v -0.5949 0.1002 -0.5331
v -0.5950 0.1003 -0.5332
v -0.5434 0.0996 -0.5874
v -0.5950 0.1004 -0.5334
v -0.5951 0.1004 -0.5336
v -0.6024 0.1004 -0.5398
v -0.5973 0.1007 -0.5363
v -0.5599 0.1013 -0.6007
v -0.5602 0.1012 -0.6009
v -0.6202 0.0985 -0.5260
v -0.6086 0.1111 -0.5117
v -0.5991 0.1111 -0.5377
v -0.6072 0.1111 -0.5402
v -0.6193 0.1165 -0.5270
v -0.6079 0.0826 -0.5260
v -0.6061 0.1235 -0.5240
v -0.6079 0.1235 -0.5260
v -0.6081 0.1235 -0.5286
v -0.6108 0.1235 -0.5246
v -0.6159 0.1090 -0.5158
v -0.5984 0.0984 -0.5173
v -0.6091 0.1213 -0.5216
v -0.6007 0.1184 -0.5280
v -0.5969 0.1006 -0.5359
v -0.7252 0.0977 -0.3952
v -0.7092 0.0990 -0.3824
v -0.6707 0.0999 -0.4642
v -0.7255 0.0976 -0.3954
v -0.6709 0.0998 -0.4644
v -0.7256 0.0975 -0.3955
v -0.6710 0.0997 -0.4644
v -0.7256 0.0974 -0.3956
v -0.6540 0.1010 -0.4508
v -0.7087 0.0988 -0.3819
v -0.5434 0.0995 -0.5874
v -0.5435 0.0997 -0.5875
v -0.5437 0.0998 -0.5876
v -0.5439 0.0998 -0.5877
v -0.5597 0.1013 -0.6005
v -0.5603 0.1011 -0.6010
v -0.4888 0.0973 -0.6563
v -0.4889 0.0974 -0.6563
v -0.4890 0.0975 -0.6564
v -0.4891 0.0976 -0.6565
v -0.4893 0.0976 -0.6567
v -0.5052 0.0991 -0.6694
v -0.5057 0.0989 -0.6699
f 65 1 19
f 19 1078 65
f 1084 1085 65
f 1094 1095 30
f 1106 1107 30
f 618 624 632
f 632 636 618
f 624 641 648
f 648 632 624
f 655 659 666
f 666 671 655
f 703 707 714
f 714 719 703
f 727 731 738
f 738 743 727
f 107 35 182
f 1295 1290 1235
f 1235 1239 1295
f 1326 53 62
f 1298 1295 1239
f 1239 1243 1298
f 9 10 553
f 553 533 9
f 13 6 15
f 15 553 13
f 1156 529 1159
f 536 537 1159
f 546 547 1159
f 749 753 758
f 758 762 749
f 753 766 771
f 771 758 753
f 777 781 786
f 786 790 777
f 794 799 804
f 804 807 794
f 811 817 821
f 821 825 811
f 830 835 841
f 841 845 830
f 1003 20 16
f 20 1003 1345
f 1361 1347 1346
f 1361 1348 1347
f 1018 1377 1344
f 1348 1361 1365
f 1365 1349 1348
f 55 17 1003
f 1365 1350 1349
f 1282 1283 1284
f 1284 1285 1282
f 1018 22 1377
f 20 1345 1082
f 1083 1082 1345
f 21 56 1099
f 1099 1083 21
f 1109 1105 1377
f 1018 1111 22
f 1112 18 31
f 851 841 835
f 835 857 851
f 863 851 857
f 857 867 863
f 873 863 867
f 867 878 873
f 885 873 878
f 878 890 885
f 897 885 890
f 890 902 897
f 731 897 902
f 902 738 731
f 555 558 1164
f 1163 1164 558
f 558 564 1163
f 1162 1163 564
f 564 569 1162
f 569 576 1162
f 577 1162 576
f 577 524 1155
f 23 1178 8
f 25 19 1
f 25 65 32
f 65 1230 32
f 762 909 915
f 915 749 762
f 909 918 924
f 924 915 909
f 918 929 935
f 935 924 918
f 929 940 947
f 947 935 929
f 940 952 959
f 959 947 940
f 952 618 636
f 636 959 952
f 528 1165 590
f 590 584 528
f 1165 1166 596
f 596 590 1165
f 602 596 1166
f 1166 1167 607
f 607 602 1166
f 1167 1148 495
f 495 607 1167
f 24 490 511
f 490 497 511
f 525 578 585
f 585 14 525
f 591 597 24
f 24 585 591
f 554 23 559
f 554 1178 23
f 14 585 24
f 968 965 29
f 29 976 968
f 971 968 976
f 16 993 1003
f 18 1023 26
f 1023 1028 26
f 1028 1034 26
f 1034 1040 31
f 31 26 1034
f 25 27 1050
f 1057 1050 27
f 1064 1057 27
f 27 28 1064
f 1071 1064 28
f 28 29 1071
f 1077 1071 29
f 965 1077 29
f 29 1229 976
f 976 1229 30
f 18 26 31
f 25 1 65
f 25 32 27
f 28 27 32
f 29 28 32
f 29 32 1230
f 2 451 277
f 277 271 2
f 2 271 282
f 451 302 303
f 3 58 60
f 473 485 329
f 7 2 282
f 282 340 7
f 346 329 485
f 340 352 7
f 485 6 358
f 358 346 485
f 3 34 182
f 352 364 7
f 370 358 6
f 364 375 7
f 380 370 6
f 10 9 391
f 391 386 10
f 9 7 375
f 375 391 9
f 386 397 10
f 403 409 11
f 415 421 12
f 427 433 12
f 438 380 6
f 6 13 444
f 444 438 6
f 265 272 106
f 272 283 116
f 116 106 272
f 292 293 128
f 128 121 292
f 304 305 140
f 140 133 304
f 49 33 146
f 314 315 149
f 149 145 314
f 324 153 155
f 155 152 324
f 335 106 111
f 111 165 335
f 330 341 170
f 170 153 330
f 347 335 165
f 165 175 347
f 341 353 181
f 181 170 341
f 359 347 175
f 175 185 359
f 353 365 190
f 190 181 353
f 371 359 185
f 185 191 371
f 377 190 365
f 191 193 381
f 392 381 193
f 193 194 392
f 404 402 198
f 198 199 404
f 416 414 207
f 207 208 416
f 428 426 219
f 219 220 428
f 377 434 224
f 434 443 224
f 35 112 3
f 122 123 57
f 57 3 122
f 150 156 5
f 182 35 3
f 156 176 5
f 5 176 263
f 182 34 36
f 197 182 36
f 176 192 37
f 37 263 176
f 46 60 5
f 1335 46 5
f 34 3 1314
f 5 263 1335
f 447 446 44
f 44 43 447
f 458 447 43
f 472 467 77
f 511 23 489
f 23 8 484
f 23 484 489
f 484 487 100
f 100 489 484
f 24 511 72
f 43 44 72
f 43 72 67
f 44 24 72
f 67 45 43
f 511 489 91
f 489 100 101
f 65 1078 1084
f 671 648 641
f 641 655 671
f 45 458 43
f 121 116 283
f 283 292 121
f 3 112 122
f 1181 1180 1183
f 263 34 259
f 36 34 202
f 202 197 36
f 402 392 194
f 194 198 402
f 11 10 397
f 397 403 11
f 553 10 11
f 529 536 1159
f 790 771 766
f 766 777 790
f 95 100 487
f 152 149 315
f 315 324 152
f 150 5 146
f 47 240 241
f 241 242 47
f 248 47 242
f 263 37 206
f 192 218 206
f 206 37 192
f 443 428 220
f 220 224 443
f 13 12 433
f 433 444 13
f 553 12 13
f 845 821 817
f 817 830 845
f 1018 1344 1009
f 1352 1353 1351
f 1354 1351 1353
f 1353 1355 1354
f 1356 1354 1355
f 1355 1357 1356
f 1358 1356 1357
f 1357 1359 1358
f 1111 1109 1377
f 1377 22 1111
f 30 1107 1112
f 1112 31 30
f 981 31 982
f 743 714 707
f 707 727 743
f 517 23 511
f 477 472 77
f 77 95 477
f 145 140 305
f 305 314 145
f 57 135 146
f 5 60 49
f 49 146 5
f 63 53 47
f 47 248 63
f 1318 1319 63
f 1183 1185 1181
f 202 34 263
f 263 206 202
f 426 416 208
f 208 219 426
f 421 427 12
f 825 804 799
f 799 811 825
f 1344 1377 1003
f 55 1003 1377
f 56 55 1377
f 1105 1099 56
f 56 1377 1105
f 30 1095 1106
f 30 31 981
f 719 692 684
f 684 703 719
f 467 45 77
f 133 128 293
f 293 304 133
f 146 3 57
f 33 58 3
f 3 146 33
f 1249 1342 1256
f 1261 1256 1342
f 414 404 199
f 199 207 414
f 12 11 409
f 409 415 12
f 553 11 12
f 537 546 1159
f 807 786 781
f 781 794 807
f 1009 1344 1003
f 17 21 1083
f 65 1085 1094
f 1094 30 65
f 696 666 659
f 659 678 696
f 1177 91 489
f 1177 489 101
f 1177 101 488
f 1177 488 104
f 67 66 68
f 68 45 67
f 45 68 70
f 68 66 71
f 71 70 68
f 511 79 72
f 45 70 76
f 76 77 45
f 70 71 75
f 75 76 70
f 72 69 82
f 77 76 80
f 76 75 81
f 81 80 76
f 74 81 75
f 77 80 90
f 80 81 89
f 89 90 80
f 81 74 87
f 74 83 86
f 86 87 74
f 83 82 85
f 85 86 83
f 77 90 95
f 90 89 92
f 92 95 90
f 88 92 89
f 87 86 93
f 93 88 87
f 86 85 94
f 94 93 86
f 91 1177 82
f 511 91 79
f 95 92 99
f 99 100 95
f 92 88 98
f 88 93 97
f 97 98 88
f 93 94 96
f 96 97 93
f 99 101 100
f 98 97 103
f 103 102 98
f 97 96 104
f 104 103 97
f 105 111 106
f 111 110 164
f 164 165 111
f 110 109 163
f 163 164 110
f 109 108 162
f 162 163 109
f 108 107 161
f 161 162 108
f 182 161 107
f 112 113 117
f 117 122 112
f 113 114 118
f 118 117 113
f 115 116 120
f 116 116 121
f 121 120 116
f 122 117 124
f 124 123 122
f 117 118 125
f 125 124 117
f 118 119 126
f 126 125 118
f 119 120 127
f 127 126 119
f 120 121 128
f 128 127 120
f 123 124 129
f 129 134 123
f 124 125 130
f 130 129 124
f 125 126 131
f 131 130 125
f 126 127 132
f 132 131 126
f 127 128 133
f 133 132 127
f 134 129 136
f 136 135 134
f 129 130 137
f 137 136 129
f 130 131 138
f 138 137 130
f 131 132 139
f 139 138 131
f 132 133 140
f 140 139 132
f 135 136 141
f 141 146 135
f 136 137 142
f 142 141 136
f 137 138 143
f 143 142 137
f 138 139 144
f 144 143 138
f 139 140 145
f 145 144 139
f 141 142 147
f 147 146 141
f 147 144 148
f 148 151 147
f 144 145 149
f 149 148 144
f 147 150 146
f 148 149 152
f 152 151 148
f 154 152 155
f 156 157 166
f 166 176 156
f 157 158 167
f 167 166 157
f 158 159 168
f 168 167 158
f 159 160 169
f 169 168 159
f 160 153 170
f 170 169 160
f 165 164 174
f 174 175 165
f 164 163 173
f 173 174 164
f 163 162 172
f 172 173 163
f 162 161 171
f 171 172 162
f 182 171 161
f 176 166 177
f 166 167 178
f 178 177 166
f 167 168 179
f 179 178 167
f 168 169 180
f 180 179 168
f 169 170 181
f 181 180 169
f 175 174 185
f 185 185 175
f 174 173 184
f 184 185 174
f 172 184 173
f 172 171 183
f 182 183 171
f 176 177 186
f 177 178 187
f 187 186 177
f 178 179 188
f 188 187 178
f 179 180 189
f 189 188 179
f 180 181 190
f 190 189 180
f 183 182 197
f 186 192 176
f 194 195 196
f 196 198 194
f 198 196 200
f 200 199 198
f 196 197 201
f 201 200 196
f 202 201 197
f 199 200 203
f 203 207 199
f 200 201 204
f 204 203 200
f 201 202 205
f 205 204 201
f 206 205 202
f 207 203 209
f 209 208 207
f 203 204 210
f 210 209 203
f 204 205 211
f 211 210 204
f 205 206 212
f 212 211 205
f 208 209 213
f 213 219 208
f 209 210 214
f 214 213 209
f 210 211 216
f 216 214 210
f 211 212 217
f 217 216 211
f 212 206 218
f 218 217 212
f 219 213 221
f 221 220 219
f 215 221 213
f 216 217 218
f 218 223 216
f 220 221 222
f 222 224 220
f 192 223 218
f 1303 226 228
f 228 1314 1303
f 225 228 226
f 1326 225 227
f 226 227 225
f 226 1303 1311
f 230 227 1311
f 1314 228 1326
f 228 225 1326
f 233 53 1326
f 227 233 1326
f 230 234 227
f 230 1311 231
f 233 227 234
f 234 230 238
f 231 238 230
f 53 233 239
f 234 239 233
f 238 240 234
f 239 47 53
f 239 234 240
f 238 231 1305
f 47 239 240
f 1305 240 238
f 243 242 241
f 240 243 241
f 245 244 1307
f 246 245 1307
f 247 246 1307
f 242 243 249
f 249 248 242
f 243 240 250
f 250 249 243
f 244 245 251
f 251 1329 244
f 245 246 252
f 252 251 245
f 246 247 253
f 253 252 246
f 1314 1324 1325
f 1324 1326 1325
f 1315 1325 1326
f 1318 1327 1328
f 1328 1319 1318
f 1327 1330 1331
f 1331 1328 1327
f 1329 1332 1333
f 1333 261 1329
f 1332 1334 1335
f 1335 1333 1332
f 1314 254 259
f 259 34 1314
f 42 256 1190
f 256 257 262
f 262 1190 256
f 258 1335 263
f 263 261 258
f 254 263 259
f 263 254 260
f 262 264 1190
f 261 263 264
f 263 260 264
f 271 270 281
f 281 282 271
f 270 269 280
f 280 281 270
f 269 268 267
f 267 280 269
f 267 265 106
f 265 266 273
f 273 272 265
f 266 268 274
f 274 273 266
f 268 269 275
f 275 274 268
f 269 270 276
f 276 275 269
f 270 271 277
f 277 276 270
f 272 273 284
f 284 283 272
f 273 274 285
f 285 284 273
f 274 275 286
f 286 285 274
f 275 276 287
f 287 286 275
f 276 277 451
f 451 287 276
f 282 281 339
f 339 340 282
f 281 280 338
f 338 339 281
f 280 267 337
f 337 338 280
f 279 278 336
f 336 337 279
f 278 106 335
f 335 336 278
f 283 284 288
f 288 292 283
f 284 285 289
f 289 288 284
f 285 286 290
f 290 289 285
f 286 287 291
f 291 290 286
f 451 291 287
f 292 288 294
f 294 293 292
f 288 289 295
f 295 294 288
f 289 290 296
f 296 295 289
f 290 291 297
f 297 296 290
f 291 451 303
f 303 297 291
f 293 294 298
f 298 304 293
f 294 295 299
f 299 298 294
f 295 296 300
f 300 299 295
f 296 297 301
f 301 300 296
f 297 303 302
f 302 301 297
f 304 298 306
f 306 305 304
f 298 299 307
f 307 306 298
f 299 300 308
f 308 307 299
f 300 301 309
f 309 308 300
f 302 309 301
f 305 306 310
f 310 314 305
f 306 307 311
f 311 310 306
f 307 308 312
f 312 311 307
f 308 309 313
f 313 312 308
f 309 302 473
f 473 313 309
f 314 310 316
f 316 315 314
f 310 311 317
f 317 316 310
f 311 312 318
f 318 317 311
f 312 313 319
f 319 318 312
f 473 319 313
f 315 316 320
f 320 324 315
f 317 318 322
f 322 321 317
f 318 319 323
f 323 322 318
f 473 323 319
f 324 320 325
f 325 153 324
f 320 321 326
f 326 325 320
f 321 322 327
f 327 326 321
f 322 323 328
f 328 327 322
f 323 473 329
f 329 328 323
f 326 327 333
f 333 332 326
f 327 328 334
f 334 333 327
f 329 334 328
f 330 331 342
f 342 341 330
f 331 332 343
f 343 342 331
f 332 333 344
f 344 343 332
f 333 334 345
f 345 344 333
f 334 329 346
f 346 345 334
f 340 339 351
f 351 352 340
f 339 338 350
f 350 351 339
f 338 337 349
f 349 350 338
f 337 336 348
f 348 349 337
f 336 335 347
f 347 348 336
f 341 342 354
f 354 353 341
f 342 343 355
f 355 354 342
f 343 344 356
f 356 355 343
f 344 345 357
f 357 356 344
f 345 346 358
f 358 357 345
f 352 351 363
f 363 364 352
f 351 350 362
f 362 363 351
f 350 349 361
f 361 362 350
f 349 348 360
f 360 361 349
f 348 347 359
f 359 360 348
f 353 354 366
f 366 365 353
f 354 355 367
f 367 366 354
f 355 356 368
f 368 367 355
f 356 357 369
f 369 368 356
f 357 358 370
f 370 369 357
f 364 363 374
f 374 375 364
f 363 362 373
f 373 374 363
f 362 361 372
f 372 373 362
f 360 359 371
f 367 368 378
f 378 376 367
f 368 369 379
f 379 378 368
f 369 370 380
f 380 379 369
f 375 374 390
f 390 391 375
f 374 373 389
f 389 390 374
f 373 372 388
f 388 389 373
f 376 378 436
f 436 435 376
f 378 379 437
f 437 436 378
f 379 380 438
f 438 437 379
f 386 385 396
f 396 397 386
f 385 384 395
f 395 396 385
f 384 383 394
f 394 395 384
f 383 382 393
f 393 394 383
f 382 381 392
f 392 393 382
f 381 382 387
f 387 191 381
f 382 383 388
f 388 387 382
f 383 384 389
f 389 388 383
f 384 385 390
f 390 389 384
f 385 386 391
f 391 390 385
f 397 396 398
f 398 403 397
f 396 395 399
f 399 398 396
f 395 394 400
f 400 399 395
f 394 393 401
f 401 400 394
f 393 392 402
f 402 401 393
f 403 398 408
f 408 409 403
f 398 399 407
f 407 408 398
f 399 400 406
f 406 407 399
f 400 401 405
f 405 406 400
f 401 402 404
f 404 405 401
f 409 408 410
f 410 415 409
f 408 407 411
f 411 410 408
f 407 406 412
f 412 411 407
f 406 405 413
f 413 412 406
f 405 404 414
f 414 413 405
f 415 410 420
f 420 421 415
f 410 411 419
f 419 420 410
f 411 412 418
f 418 419 411
f 412 413 417
f 417 418 412
f 413 414 416
f 416 417 413
f 421 420 422
f 422 427 421
f 420 419 423
f 423 422 420
f 419 418 424
f 424 423 419
f 418 417 425
f 425 424 418
f 417 416 426
f 426 425 417
f 427 422 432
f 432 433 427
f 422 423 431
f 431 432 422
f 423 424 430
f 430 431 423
f 424 425 429
f 429 430 424
f 425 426 428
f 428 429 425
f 433 432 439
f 439 444 433
f 432 431 440
f 440 439 432
f 431 430 441
f 441 440 431
f 430 429 442
f 442 441 430
f 429 428 443
f 443 442 429
f 434 435 442
f 442 443 434
f 435 436 440
f 436 437 439
f 439 440 436
f 437 438 444
f 444 439 437
f 446 24 44
f 2 445 450
f 450 451 2
f 445 448 449
f 449 450 445
f 451 450 452
f 450 449 453
f 453 452 450
f 454 453 449
f 451 452 455
f 452 453 456
f 456 455 452
f 451 455 459
f 459 302 451
f 455 456 460
f 460 459 455
f 456 457 461
f 461 460 456
f 457 458 462
f 462 461 457
f 45 462 458
f 302 459 463
f 459 460 464
f 464 463 459
f 460 461 465
f 465 464 460
f 461 462 466
f 466 465 461
f 462 45 467
f 467 466 462
f 302 463 468
f 463 464 469
f 469 468 463
f 464 465 470
f 470 469 464
f 465 466 471
f 471 470 465
f 466 467 472
f 472 471 466
f 302 468 473
f 468 469 474
f 474 473 468
f 469 470 475
f 475 474 469
f 470 471 476
f 476 475 470
f 471 472 477
f 477 476 471
f 473 474 479
f 479 478 473
f 474 475 479
f 479 476 480
f 476 477 95
f 95 480 476
f 473 478 481
f 478 479 482
f 482 481 478
f 480 95 487
f 473 481 485
f 481 482 486
f 486 485 481
f 483 486 482
f 103 104 488
f 82 69 72
f 495 494 606
f 606 607 495
f 494 492 605
f 605 606 494
f 492 491 604
f 604 605 492
f 491 490 603
f 603 604 491
f 24 603 490
f 493 495 496
f 497 498 501
f 501 511 497
f 498 503 502
f 502 501 498
f 503 499 504
f 499 500 505
f 505 504 499
f 500 500 506
f 506 505 500
f 501 502 507
f 507 511 501
f 502 504 508
f 508 507 502
f 504 505 509
f 509 508 504
f 505 506 510
f 510 509 505
f 507 508 512
f 512 511 507
f 508 509 513
f 513 512 508
f 509 510 514
f 514 513 509
f 512 513 515
f 515 511 512
f 513 514 516
f 516 515 513
f 511 515 518
f 518 517 511
f 515 516 519
f 519 518 515
f 517 518 520
f 518 519 521
f 521 520 518
f 520 521 523
f 523 517 520
f 522 523 524
f 575 23 517
f 575 524 577
f 525 580 579
f 579 578 525
f 526 527 583
f 527 528 584
f 584 583 527
f 529 530 532
f 532 536 529
f 530 531 534
f 534 532 530
f 553 535 533
f 536 532 538
f 538 537 536
f 532 534 539
f 539 538 532
f 534 535 540
f 540 539 534
f 535 553 541
f 541 540 535
f 537 538 542
f 542 546 537
f 538 539 543
f 543 542 538
f 540 541 545
f 545 544 540
f 541 553 551
f 551 545 541
f 548 547 546
f 551 548 546
f 547 548 549
f 548 551 550
f 550 549 548
f 553 15 551
f 547 549 552
f 550 552 549
f 557 558 555
f 558 557 563
f 563 564 558
f 557 561 562
f 562 563 557
f 556 554 559
f 559 560 556
f 564 563 568
f 568 569 564
f 563 562 567
f 567 568 563
f 560 567 562
f 560 559 565
f 23 565 559
f 569 568 574
f 574 576 569
f 568 567 573
f 573 574 568
f 567 566 572
f 572 573 567
f 566 565 571
f 571 572 566
f 565 23 570
f 570 571 565
f 576 575 577
f 575 570 23
f 578 579 586
f 586 585 578
f 579 581 587
f 587 586 579
f 581 582 588
f 588 587 581
f 582 583 589
f 589 588 582
f 583 584 590
f 590 589 583
f 585 586 592
f 592 591 585
f 586 587 593
f 593 592 586
f 587 588 594
f 594 593 587
f 588 589 595
f 595 594 588
f 589 590 596
f 596 595 589
f 591 592 598
f 598 597 591
f 592 593 599
f 599 598 592
f 593 594 600
f 600 599 593
f 594 595 601
f 601 600 594
f 595 596 602
f 602 601 595
f 597 598 603
f 603 24 597
f 598 599 604
f 604 603 598
f 599 600 605
f 605 604 599
f 600 601 606
f 606 605 600
f 601 602 607
f 607 606 601
f 608 1072 960
f 1119 1150 1151
f 960 969 608
f 972 977 608
f 977 981 610
f 982 983 981
f 1168 577 1154
f 611 787 987
f 988 987 787
f 999 994 787
f 1007 1004 822
f 1014 1010 822
f 785 1016 822
f 1035 1029 1024
f 1135 1161 1162
f 1041 1035 1024
f 1162 577 1138
f 1138 1135 1162
f 983 1041 1024
f 1024 981 983
f 905 1046 904
f 1046 1051 904
f 1051 1058 612
f 612 904 1051
f 1058 1065 612
f 1072 612 1065
f 1151 1167 1147
f 1147 1119 1151
f 969 972 608
f 994 988 787
f 1016 1014 822
f 1010 1007 822
f 1004 999 787
f 787 822 1004
f 610 608 977
f 1072 608 625
f 625 617 1072
f 1122 1145 637
f 637 631 1122
f 642 625 608
f 1123 1122 631
f 631 647 1123
f 660 654 608
f 1124 1123 672
f 672 665 1124
f 697 691 1124
f 708 702 981
f 1168 1124 720
f 720 713 1168
f 732 726 981
f 1126 1127 744
f 744 737 1126
f 787 611 763
f 818 1130 836
f 1024 1019 840
f 840 850 1024
f 850 862 1024
f 862 872 1024
f 872 884 1024
f 1132 1133 891
f 891 879 1132
f 884 896 1024
f 1133 1136 903
f 903 891 1133
f 981 1024 896
f 896 732 981
f 1136 1126 737
f 737 903 1136
f 1139 1142 748
f 748 914 1139
f 914 923 1139
f 1140 1139 923
f 923 934 1140
f 941 904 612
f 1143 1140 934
f 934 946 1143
f 612 1072 953
f 953 941 612
f 1144 1143 946
f 946 958 1144
f 617 953 1072
f 1145 1144 958
f 958 637 1145
f 654 642 608
f 647 672 1123
f 726 708 981
f 1127 1168 713
f 713 744 1127
f 610 981 702
f 702 685 610
f 691 720 1124
f 608 610 677
f 677 660 608
f 665 697 1124
f 617 616 948
f 948 953 617
f 616 615 949
f 949 948 616
f 614 613 951
f 951 615 614
f 613 618 952
f 952 951 613
f 618 613 623
f 623 624 618
f 613 614 622
f 622 623 613
f 615 622 614
f 615 616 619
f 619 620 615
f 616 617 625
f 625 619 616
f 624 623 640
f 640 641 624
f 623 622 639
f 639 640 623
f 621 639 622
f 620 619 638
f 638 621 620
f 619 625 642
f 642 638 619
f 631 630 646
f 646 647 631
f 630 628 645
f 645 646 630
f 627 626 643
f 643 644 627
f 626 632 648
f 648 643 626
f 632 626 635
f 635 636 632
f 626 627 634
f 634 635 626
f 629 634 627
f 628 630 633
f 633 629 628
f 630 631 637
f 637 633 630
f 636 635 954
f 954 959 636
f 635 634 955
f 955 954 635
f 629 955 634
f 629 633 957
f 957 956 629
f 633 637 958
f 958 957 633
f 641 640 649
f 649 655 641
f 640 639 650
f 650 649 640
f 621 638 653
f 653 652 621
f 638 642 654
f 654 653 638
f 647 646 667
f 667 672 647
f 646 645 668
f 668 667 646
f 645 644 669
f 644 643 670
f 670 669 644
f 643 648 671
f 671 670 643
f 655 649 658
f 658 659 655
f 649 650 657
f 657 658 649
f 651 657 650
f 652 653 656
f 656 651 652
f 653 654 660
f 660 656 653
f 659 658 673
f 673 678 659
f 658 657 674
f 674 673 658
f 657 651 675
f 675 674 657
f 651 656 676
f 676 675 651
f 656 660 677
f 677 676 656
f 665 664 693
f 693 697 665
f 664 663 688
f 688 693 664
f 663 662 694
f 694 688 663
f 662 661 695
f 695 694 662
f 661 666 696
f 696 695 661
f 666 661 670
f 670 671 666
f 661 662 669
f 669 670 661
f 662 663 668
f 668 669 662
f 663 664 667
f 667 668 663
f 664 665 672
f 672 667 664
f 678 673 683
f 683 684 678
f 673 674 682
f 682 683 673
f 674 675 680
f 680 682 674
f 675 676 679
f 679 680 675
f 676 677 685
f 685 679 676
f 684 683 698
f 698 703 684
f 683 682 699
f 699 698 683
f 681 699 682
f 680 679 701
f 701 681 680
f 679 685 702
f 702 701 679
f 691 690 715
f 715 720 691
f 690 689 716
f 716 715 690
f 689 687 717
f 687 686 718
f 718 717 687
f 686 692 719
f 719 718 686
f 692 686 695
f 695 696 692
f 686 687 694
f 694 695 686
f 688 694 687
f 689 690 693
f 693 688 689
f 690 691 697
f 697 693 690
f 703 698 706
f 706 707 703
f 698 699 705
f 705 706 698
f 700 705 699
f 681 701 704
f 704 700 681
f 701 702 708
f 708 704 701
f 707 706 721
f 721 727 707
f 706 705 722
f 722 721 706
f 700 704 725
f 725 723 700
f 704 708 726
f 726 725 704
f 713 712 739
f 739 744 713
f 712 711 740
f 740 739 712
f 711 710 741
f 710 709 742
f 742 741 710
f 709 714 743
f 743 742 709
f 714 709 718
f 718 719 714
f 709 710 717
f 717 718 709
f 711 712 715
f 715 716 711
f 712 713 720
f 720 715 712
f 727 721 730
f 730 731 727
f 721 722 729
f 729 730 721
f 724 729 722
f 723 725 728
f 728 724 723
f 725 726 732
f 732 728 725
f 731 730 892
f 892 897 731
f 730 729 893
f 893 892 730
f 724 893 729
f 724 728 895
f 895 894 724
f 728 732 896
f 896 895 728
f 737 736 898
f 898 903 737
f 736 735 899
f 899 898 736
f 734 733 901
f 901 735 734
f 733 738 902
f 902 901 733
f 738 733 742
f 742 743 738
f 733 734 741
f 741 742 733
f 735 741 734
f 735 736 739
f 739 740 735
f 736 737 744
f 744 739 736
f 748 747 913
f 913 914 748
f 912 746 911
f 746 745 910
f 910 911 746
f 745 749 915
f 915 910 745
f 749 745 752
f 752 753 749
f 745 746 751
f 751 752 745
f 753 752 765
f 765 766 753
f 752 751 764
f 764 765 752
f 750 764 751
f 787 757 770
f 757 759 769
f 769 770 757
f 755 754 767
f 767 768 755
f 754 758 771
f 771 767 754
f 758 754 761
f 761 762 758
f 754 755 760
f 760 761 754
f 756 760 755
f 757 787 763
f 763 759 757
f 762 761 908
f 908 909 762
f 761 760 907
f 907 908 761
f 766 765 772
f 772 777 766
f 765 764 773
f 773 772 765
f 770 769 784
f 784 787 770
f 769 768 788
f 768 767 789
f 789 788 768
f 767 771 790
f 790 789 767
f 777 772 780
f 780 781 777
f 772 773 779
f 779 780 772
f 775 779 773
f 776 775 774
f 781 780 791
f 791 794 781
f 780 779 792
f 792 791 780
f 778 792 779
f 775 776 793
f 793 778 775
f 800 793 776
f 803 783 805
f 783 782 806
f 806 805 783
f 782 786 807
f 807 806 782
f 786 782 789
f 789 790 786
f 782 783 788
f 788 789 782
f 784 788 783
f 787 784 785
f 794 791 798
f 798 799 794
f 791 792 797
f 797 798 791
f 778 797 792
f 778 793 795
f 795 796 778
f 800 795 793
f 799 798 808
f 808 811 799
f 797 808 798
f 796 795 810
f 810 809 796
f 800 810 795
f 823 801 824
f 801 804 825
f 825 824 801
f 804 801 806
f 806 807 804
f 801 802 805
f 805 806 801
f 803 805 802
f 785 822 787
f 811 808 816
f 816 817 811
f 814 816 808
f 809 810 812
f 812 813 809
f 810 800 818
f 818 812 810
f 817 816 826
f 826 830 817
f 816 815 827
f 827 826 816
f 813 812 829
f 829 832 813
f 818 829 812
f 842 820 843
f 820 819 844
f 844 843 820
f 819 821 845
f 845 844 819
f 821 819 824
f 824 825 821
f 820 824 819
f 830 826 834
f 834 835 830
f 826 827 833
f 833 834 826
f 828 833 827
f 829 818 836
f 836 832 829
f 835 834 856
f 856 857 835
f 834 833 855
f 855 856 834
f 828 831 852
f 852 854 828
f 879 852 831
f 840 839 849
f 849 850 840
f 848 838 847
f 838 837 846
f 846 847 838
f 837 841 851
f 851 846 837
f 841 837 844
f 844 845 841
f 837 838 843
f 843 844 837
f 850 849 861
f 861 862 850
f 849 839 860
f 860 861 849
f 839 847 859
f 859 860 839
f 847 846 858
f 858 859 847
f 846 851 863
f 863 858 846
f 857 856 866
f 866 867 857
f 856 855 865
f 865 866 856
f 853 865 855
f 854 852 864
f 864 853 854
f 879 864 852
f 862 861 871
f 871 872 862
f 861 860 870
f 870 871 861
f 860 859 869
f 869 870 860
f 859 858 868
f 868 869 859
f 858 863 873
f 873 868 858
f 867 866 877
f 877 878 867
f 866 865 876
f 876 877 866
f 865 853 875
f 875 876 865
f 853 864 874
f 874 875 853
f 879 874 864
f 872 871 883
f 883 884 872
f 871 870 882
f 882 883 871
f 870 869 881
f 881 882 870
f 869 868 880
f 880 881 869
f 868 873 885
f 885 880 868
f 878 877 889
f 889 890 878
f 877 876 888
f 888 889 877
f 876 875 887
f 887 888 876
f 875 874 886
f 886 887 875
f 874 879 891
f 891 886 874
f 884 883 895
f 895 896 884
f 883 882 894
f 894 895 883
f 881 880 892
f 892 882 881
f 880 885 897
f 897 892 880
f 890 889 901
f 901 902 890
f 889 888 900
f 900 901 889
f 888 887 899
f 899 900 888
f 887 886 898
f 898 899 887
f 886 891 903
f 903 898 886
f 909 908 917
f 917 918 909
f 908 907 916
f 916 917 908
f 906 916 907
f 904 906 905
f 914 913 922
f 922 923 914
f 913 747 921
f 921 922 913
f 747 911 920
f 920 921 747
f 911 910 919
f 919 920 911
f 910 915 924
f 924 919 910
f 918 917 928
f 928 929 918
f 917 916 927
f 927 928 917
f 916 906 926
f 926 927 916
f 906 904 925
f 925 926 906
f 923 922 933
f 933 934 923
f 922 921 932
f 932 933 922
f 921 920 931
f 931 932 921
f 920 919 930
f 930 931 920
f 919 924 935
f 935 930 919
f 929 928 939
f 939 940 929
f 928 927 938
f 938 939 928
f 927 926 937
f 937 938 927
f 926 925 936
f 936 937 926
f 925 904 941
f 941 936 925
f 934 933 945
f 945 946 934
f 933 932 944
f 944 945 933
f 932 931 943
f 943 944 932
f 931 930 942
f 942 943 931
f 930 935 947
f 947 942 930
f 940 939 951
f 951 952 940
f 939 938 950
f 950 951 939
f 938 937 949
f 949 950 938
f 937 936 948
f 948 949 937
f 936 941 953
f 953 948 936
f 946 945 957
f 957 958 946
f 945 944 956
f 956 957 945
f 943 942 954
f 954 944 943
f 942 947 959
f 959 954 942
f 965 964 1076
f 1076 1077 965
f 964 963 1075
f 1075 1076 964
f 963 962 1074
f 1074 1075 963
f 962 961 1073
f 1073 1074 962
f 961 960 1072
f 1072 1073 961
f 963 964 967
f 967 966 963
f 964 965 968
f 968 967 964
f 969 970 973
f 973 972 969
f 970 975 974
f 974 973 970
f 972 973 978
f 978 977 972
f 973 974 979
f 979 978 973
f 974 971 980
f 980 979 974
f 971 976 30
f 30 980 971
f 977 978 30
f 978 979 30
f 979 980 30
f 977 30 981
f 983 984 1042
f 1042 1041 983
f 984 985 1043
f 1043 1042 984
f 985 986 1044
f 1044 1043 985
f 986 982 1045
f 1045 1044 986
f 31 1045 982
f 993 992 998
f 998 1003 993
f 992 991 997
f 997 998 992
f 990 997 991
f 990 989 995
f 995 996 990
f 989 988 994
f 994 995 989
f 998 997 1002
f 1002 1003 998
f 997 996 1001
f 1001 1002 997
f 996 995 1000
f 1000 1001 996
f 995 994 999
f 999 1000 995
f 1003 1002 1009
f 1002 1001 1006
f 1006 1009 1002
f 1001 1000 1005
f 1005 1006 1001
f 1000 999 1004
f 1004 1005 1000
f 1006 1005 1008
f 1008 1009 1006
f 1005 1004 1007
f 1007 1008 1005
f 1012 1013 1009
f 1009 1008 1011
f 1011 1012 1009
f 1008 1007 1010
f 1010 1011 1008
f 1012 1011 1015
f 1011 1010 1014
f 1014 1015 1011
f 1009 1013 1017
f 1017 1018 1009
f 1013 1012 1017
f 1015 1014 1016
f 1016 1017 1015
f 1023 1022 1027
f 1027 1028 1023
f 1021 1027 1022
f 1026 1020 1025
f 1020 1019 1024
f 1024 1025 1020
f 1028 1027 1032
f 1032 1034 1028
f 1021 1032 1027
f 1026 1025 1030
f 1025 1024 1029
f 1029 1030 1025
f 1033 1040 1034
f 1031 1029 1035
f 1040 1039 1045
f 1045 31 1040
f 1039 1038 1044
f 1044 1045 1039
f 1038 1037 1043
f 1043 1044 1038
f 1037 1036 1042
f 1042 1043 1037
f 1036 1035 1041
f 1041 1042 1036
f 1046 1047 1052
f 1052 1051 1046
f 1047 1054 1053
f 1053 1052 1047
f 1054 1048 1055
f 1048 1049 1056
f 1056 1055 1048
f 1049 1050 1057
f 1057 1056 1049
f 1051 1052 1060
f 1060 1058 1051
f 1052 1053 1061
f 1061 1060 1052
f 1053 1055 1062
f 1062 1061 1053
f 1055 1056 1063
f 1063 1062 1055
f 1056 1057 1064
f 1064 1063 1056
f 1059 1065 1058
f 1069 1064 1071
f 1065 1066 1073
f 1073 1072 1065
f 1066 1067 1074
f 1074 1073 1066
f 1067 1068 1075
f 1075 1074 1067
f 1068 1070 1076
f 1076 1075 1068
f 1070 1071 1077
f 1077 1076 1070
f 1078 1080 1079
f 1079 1084 1078
f 1084 1079 1086
f 1086 1085 1084
f 1081 1086 1079
f 1083 1088 1082
f 1085 1086 1089
f 1089 1094 1085
f 1086 1087 1090
f 1090 1089 1086
f 1087 1088 1092
f 1088 1083 1093
f 1093 1092 1088
f 1094 1089 1096
f 1096 1095 1094
f 1089 1090 1097
f 1097 1096 1089
f 1091 1097 1090
f 1092 1093 1098
f 1098 1091 1092
f 1093 1083 1099
f 1099 1098 1093
f 1095 1096 1100
f 1100 1106 1095
f 1096 1097 1101
f 1101 1100 1096
f 1097 1091 1103
f 1091 1098 1104
f 1104 1103 1091
f 1098 1099 1105
f 1105 1104 1098
f 1106 1100 1107
f 1107 1107 1106
f 1102 1107 1100
f 1103 1104 1108
f 1108 1110 1103
f 1104 1105 1109
f 1109 1108 1104
f 1108 1109 1111
f 1111 1110 1108
f 1150 1115 1122
f 1115 1114 1121
f 1121 1122 1115
f 1114 1113 1120
f 1120 1121 1114
f 1113 1114 1117
f 1117 1145 1113
f 1114 1115 1118
f 1118 1117 1114
f 1115 1150 1119
f 1119 1118 1115
f 1145 1116 1144
f 1117 1118 1146
f 1146 1145 1117
f 1118 1119 1147
f 1147 1146 1118
f 1123 1150 1122
f 1125 1168 1123
f 1123 1168 1150
f 1124 1168 1125
f 1124 1125 1123
f 577 1126 1138
f 1138 1126 1137
f 1126 1126 1136
f 1136 1137 1126
f 1126 577 1168
f 1168 1127 1126
f 1128 1129 1157
f 774 1128 1157
f 774 1157 776
f 800 776 1130
f 1130 776 1131
f 1130 818 800
f 1131 1160 1130
f 831 1132 879
f 1161 1134 1132
f 1134 1161 1135
f 1137 1136 1133
f 1138 1137 1133
f 1134 1135 1138
f 1142 1139 1140
f 1141 1140 1143
f 1142 1147 1167
f 1116 1143 1144
f 1151 1148 1167
f 1154 1149 1151
f 1150 1154 1151
f 1154 1150 1168
f 1154 1436 1149
f 1154 1153 1436
f 1152 1155 1153
f 1155 1154 577
f 1157 1129 776
f 1159 1129 1156
f 776 1129 1158
f 1129 1159 1158
f 1158 1159 547
f 1158 1131 776
f 1158 1160 1131
f 1158 547 552
f 1162 1161 1132
f 1164 1163 1162
f 1166 1165 528
f 1166 1142 1167
f 1169 1168 1150
f 1168 1169 1150
f 1173 1170 1168
f 1169 1173 1168
f 1169 1168 1170
f 1173 1287 1170
f 1169 1170 1287
f 82 1177 1227
f 96 94 1227
f 104 96 1227
f 1227 1177 104
f 94 85 1176
f 1176 1227 94
f 554 6 1178
f 6 8 1178
f 14 24 1179
f 446 9 1179
f 9 14 1179
f 1179 24 446
f 255 63 1183
f 63 42 1185
f 1185 1183 63
f 254 255 1183
f 1183 1182 254
f 1183 1180 1184
f 42 1190 1186
f 1186 1185 42
f 1185 1187 1181
f 1182 1183 1188
f 1183 1184 1188
f 1184 1182 1188
f 1185 1186 1189
f 1186 1187 1189
f 1187 1185 1189
f 254 1190 260
f 264 260 1190
f 1180 1181 1191
f 254 1182 1192
f 1182 1184 1193
f 1193 1192 1182
f 1184 1180 1191
f 1191 1193 1184
f 1181 1187 1194
f 1194 1191 1181
f 1187 1186 1195
f 1195 1194 1187
f 1190 1195 1186
f 1190 254 1196
f 1196 1197 1190
f 254 1192 1196
f 1192 1193 1196
f 1193 1191 1196
f 1191 1194 1197
f 1197 1196 1191
f 1194 1195 1197
f 1195 1190 1197
f 1199 1226 1174
f 1174 1175 1198
f 1198 1199 1174
f 1200 73 1201
f 134 135 1203
f 1203 1202 134
f 48 1203 135
f 1205 123 1204
f 1202 1204 123
f 236 237 1207
f 1207 1206 236
f 1321 1322 1336
f 1336 1341 1321
f 54 41 1209
f 1209 1208 54
f 1255 229 1210
f 229 236 1206
f 1206 1210 229
f 1337 1339 1260
f 41 64 1212
f 1212 1209 41
f 1263 1213 303
f 1214 1263 303
f 50 4 1215
f 1215 51 50
f 33 49 1217
f 1217 1216 33
f 51 1217 49
f 4 59 1218
f 1218 1215 4
f 59 58 1219
f 1219 1218 59
f 1216 1219 58
f 38 52 1221
f 1221 1220 38
f 1221 231 1222
f 231 235 1223
f 1223 1222 231
f 235 232 1224
f 1224 1223 235
f 61 38 1220
f 1220 1225 61
f 1267 78 1268
f 84 1268 78
f 1227 1176 82
f 1199 1198 1226
f 1200 1201 1247
f 1201 73 1247
f 1202 1203 48
f 1204 1202 1248
f 1205 1204 1248
f 1206 1207 1236
f 1206 1236 1289
f 1341 1336 1338
f 1208 1209 1300
f 1255 1210 1252
f 1210 1206 1289
f 1210 1289 1291
f 1210 1291 1252
f 1209 1212 1262
f 1213 1263 1264
f 51 1215 1228
f 1216 1217 1265
f 51 1265 1217
f 1215 1218 1228
f 1219 1228 1218
f 1219 1216 1228
f 1220 1221 1246
f 1221 1222 1302
f 1222 1223 1302
f 1223 1224 1266
f 1225 1220 1301
f 1229 1230 65
f 1230 1229 29
f 1235 1234 1238
f 1238 1239 1235
f 1234 1233 1237
f 1237 1238 1234
f 1232 1237 1233
f 1341 1232 1231
f 1239 1238 1242
f 1242 1243 1239
f 1238 1237 1241
f 1241 1242 1238
f 1237 1232 1240
f 1240 1241 1237
f 1341 1245 1232
f 1340 1442 1317
f 1245 1341 1338
f 30 1229 65
f 1291 1255 1252
f 1259 1251 1254
f 1251 1250 1253
f 1253 1254 1251
f 1250 1249 1256
f 1256 1253 1250
f 1259 1254 1258
f 1254 1253 1257
f 1257 1258 1254
f 1253 1256 1261
f 1261 1257 1253
f 1214 1264 1263
f 1268 84 1267
f 678 684 1269
f 684 692 1269
f 692 696 1269
f 696 678 1269
f 17 55 1271
f 1271 1270 17
f 55 56 1272
f 1272 1271 55
f 56 21 1273
f 1273 1272 56
f 21 17 1270
f 1270 1273 21
f 1286 1171 1274
f 1275 1274 1171
f 609 610 1277
f 1277 1276 609
f 610 685 1278
f 1278 1277 610
f 685 677 1279
f 1279 1278 685
f 677 609 1276
f 1276 1279 677
f 1170 1172 1280
f 1281 1280 1172
f 1281 1170 1280
f 1270 1271 1283
f 1283 1282 1270
f 1271 1272 1284
f 1284 1283 1271
f 1272 1273 1285
f 1285 1284 1272
f 1273 1270 1282
f 1282 1285 1273
f 1274 1275 1286
f 1276 1277 1288
f 1277 1278 1288
f 1278 1279 1288
f 1279 1276 1288
f 1287 1173 1169
f 1293 1292 1290
f 1294 1293 1290
f 1295 1294 1290
f 1292 1293 1296
f 1296 1296 1292
f 1293 1294 1297
f 1297 1296 1293
f 1294 1295 1298
f 1298 1297 1294
f 1249 1323 1342
f 1289 1236 1291
f 1304 1311 60
f 60 231 1304
f 1311 1304 231
f 39 40 1308
f 1308 1306 39
f 1309 1308 40
f 1305 231 1310
f 231 60 1310
f 1305 1310 60
f 3 60 1311
f 1311 1303 3
f 1314 3 1303
f 1306 1308 1312
f 1312 1320 1306
f 1308 1309 1313
f 1313 1312 1308
f 1313 1320 1343
f 1326 62 1316
f 1316 1315 1326
f 63 255 1315
f 1315 1316 63
f 1298 1243 1317
f 63 248 1318
f 63 1319 42
f 1261 1342 1323
f 1314 1326 1324
f 1314 1325 254
f 255 254 1325
f 1325 1315 255
f 248 249 1327
f 1327 1318 248
f 256 42 1319
f 1319 1328 256
f 249 250 1330
f 1330 1327 249
f 257 256 1328
f 1328 1331 257
f 1329 251 1332
f 261 1333 258
f 251 252 1332
f 252 253 1334
f 1334 1332 252
f 1335 258 1333
f 54 1208 1336
f 1336 1322 54
f 1341 1231 1321
f 62 1211 1337
f 1337 1260 62
f 1338 1336 1208
f 1339 1337 1211
f 1243 1242 1317
f 1242 1241 1317
f 1241 1240 1340
f 1340 1317 1241
f 1340 1244 1442
f 1208 1245 1338
f 1211 1260 1339
f 1299 1261 1323
f 1323 1249 1299
f 1296 1297 1442
f 1297 1298 1317
f 1317 1442 1297
f 1320 1312 1343
f 1312 1313 1343
f 1003 17 1083
f 1003 1083 1365
f 1345 1365 1083
f 1377 1372 1344
f 1377 1344 1372
f 1360 1003 1361
f 1361 1362 1360
f 1407 1408 1406
f 1409 1406 1408
f 1408 1410 1409
f 1411 1409 1410
f 1410 1424 1411
f 1365 1370 1371
f 1372 1373 1374
f 1412 1413 1414
f 1414 1415 1412
f 1413 1416 1417
f 1417 1414 1413
f 1416 1418 1419
f 1419 1417 1416
f 1380 1383 1377
f 1420 1419 1418
f 1384 1377 1383
f 1383 1385 1384
f 1361 1346 1362
f 1360 1363 1003
f 1346 1347 1364
f 1364 1362 1346
f 1345 1003 1363
f 1363 1366 1345
f 1347 1348 1367
f 1367 1364 1347
f 1365 1361 1003
f 1366 1368 1345
f 1348 1349 1369
f 1369 1367 1348
f 1365 1345 1370
f 1365 1371 1350
f 1368 1370 1345
f 1349 1350 1371
f 1371 1369 1349
f 1352 1351 1372
f 1372 1374 1352
f 1372 1377 1375
f 1375 1373 1372
f 1353 1352 1374
f 1374 1376 1353
f 1351 1354 1377
f 1377 1372 1351
f 1378 1375 1377
f 1355 1353 1376
f 1376 1379 1355
f 1354 1356 1380
f 1380 1377 1354
f 1381 1378 1377
f 1357 1355 1379
f 1379 1382 1357
f 1356 1358 1383
f 1383 1380 1356
f 1384 1381 1377
f 1359 1357 1382
f 1382 1385 1359
f 1358 1359 1385
f 1385 1383 1358
f 1363 1360 1386
f 1386 1387 1363
f 1360 1362 1388
f 1388 1386 1360
f 1362 1364 1389
f 1389 1388 1362
f 1366 1363 1387
f 1387 1390 1366
f 1364 1367 1391
f 1391 1389 1364
f 1368 1366 1390
f 1390 1392 1368
f 1367 1369 1393
f 1393 1391 1367
f 1370 1368 1392
f 1392 1394 1370
f 1369 1371 1395
f 1395 1393 1369
f 1371 1370 1394
f 1394 1395 1371
f 1373 1375 1397
f 1397 1396 1373
f 1376 1374 1399
f 1399 1398 1376
f 1374 1373 1396
f 1396 1399 1374
f 1375 1378 1400
f 1400 1397 1375
f 1379 1376 1398
f 1398 1401 1379
f 1378 1381 1402
f 1402 1400 1378
f 1382 1379 1401
f 1401 1403 1382
f 1381 1384 1404
f 1404 1402 1381
f 1384 1385 1405
f 1405 1404 1384
f 1385 1382 1403
f 1403 1405 1385
f 1387 1386 1406
f 1386 1388 1407
f 1407 1406 1386
f 1390 1387 1406
f 1406 1409 1390
f 1392 1390 1409
f 1409 1411 1392
f 1394 1392 1411
f 1411 1424 1394
f 1395 1394 1424
f 1396 1397 1413
f 1413 1412 1396
f 1399 1396 1412
f 1412 1415 1399
f 1397 1400 1416
f 1416 1413 1397
f 1400 1402 1418
f 1418 1416 1400
f 1431 1430 1428
f 1428 1432 1431
f 1402 1404 1418
f 1404 1405 1420
f 1420 1418 1404
f 1388 1389 1423
f 1423 1421 1388
f 1408 1407 1422
f 1422 1429 1408
f 1407 1388 1421
f 1421 1422 1407
f 1389 1391 1423
f 1410 1408 1429
f 1391 1393 1424
f 1424 1423 1391
f 1424 1410 1429
f 1393 1395 1424
f 1398 1399 1425
f 1425 1426 1398
f 1399 1415 1427
f 1427 1425 1399
f 1415 1414 1428
f 1428 1427 1415
f 1401 1398 1426
f 1414 1417 1428
f 1403 1401 1426
f 1426 1431 1403
f 1417 1419 1428
f 1405 1403 1431
f 1419 1420 1432
f 1432 1428 1419
f 1420 1405 1431
f 1431 1432 1420
f 1421 1423 1429
f 1424 1429 1423
f 1426 1425 1430
f 1428 1430 1427
f 1431 1426 1430
f 1422 1421 1429
f 1425 1427 1430
f 1148 1151 1434
f 1434 1433 1148
f 496 495 1435
f 1435 1149 496
f 495 1148 1433
f 1433 1435 495
f 1149 1434 1151
f 500 496 1149
f 510 506 1149
f 516 514 1436
f 521 519 1436
f 1153 1155 1437
f 1437 1436 1153
f 1155 524 1438
f 1438 1437 1155
f 524 523 1439
f 1439 1438 524
f 506 500 1149
f 523 521 1436
f 1436 1439 523
f 519 516 1436
f 514 510 1149
f 1149 1436 514
f 1433 1434 1149
f 1149 1440 1433
f 1149 1435 1440
f 1435 1433 1440
f 1436 1437 1441
f 1437 1438 1441
f 1438 1439 1436
f 1436 1441 1438
f 1244 1296 1442
f 1444 1445 1443
f 1445 1444 1446
f 1443 1447 1444
f 1446 1449 1445
f 1449 1448 1445
f 1447 1450 1448
f 1448 1449 1447
f 1449 1446 1447
f 1446 1444 1447
f 1447 1443 1451
f 1447 1451 1450
f 1516 1452 1454
f 1519 1454 1452
f 1524 1455 1531
f 1524 1525 1455
f 1529 1455 1525
f 1634 1627 1731
f 1618 1638 1642
f 1647 1634 1731
f 1618 1642 1651
f 1651 1731 1618
f 1686 1678 1730
f 1730 1682 1691
f 1695 1686 1730
f 1730 1456 1695
f 1730 1691 1700
f 1700 1456 1730
f 1703 1695 1456
f 1714 1703 1456
f 1456 1732 1714
f 1715 1732 1456
f 1742 1743 1749
f 1742 1749 1748
f 1740 1460 1734
f 1537 1478 1620
f 1620 1478 1453
f 1532 1772 1736
f 1458 1704 1461
f 1704 1637 1462
f 1468 1463 1467
f 1477 1769 1468
f 1662 1622 1629
f 1629 1643 1662
f 1628 1629 1622
f 1518 1516 1454
f 1765 1767 1735
f 1464 1765 1735
f 1537 1762 1465
f 1777 1780 1781
f 1781 1779 1777
f 1780 1782 1783
f 1783 1781 1780
f 1537 1783 1782
f 1739 1466 1537
f 1537 1784 1785
f 1784 1786 1787
f 1787 1785 1784
f 1786 1788 1790
f 1790 1787 1786
f 1468 1472 1470
f 1470 1471 1468
f 1537 1469 1478
f 1475 1478 1469
f 1471 1477 1468
f 1471 1470 1473
f 1472 1771 1620
f 1620 1476 1472
f 1537 1620 1771
f 1473 1477 1471
f 1476 1620 1474
f 1475 1764 1637
f 1637 1657 1475
f 1474 1480 1476
f 1477 1473 1479
f 1474 1620 1480
f 1453 1480 1620
f 1478 1475 1481
f 1585 1586 1587
f 1585 1587 1588
f 1585 1588 1589
f 1590 1585 1589
f 1590 1589 1591
f 1590 1591 1592
f 1586 1593 1594
f 1594 1587 1586
f 1593 1595 1596
f 1596 1594 1593
f 1595 1597 1598
f 1595 1598 1552
f 1595 1552 1596
f 1597 1599 1600
f 1597 1600 1601
f 1597 1601 1598
f 1602 1590 1592
f 1592 1603 1602
f 1599 1604 1605
f 1605 1600 1599
f 1606 1602 1603
f 1604 1607 1608
f 1608 1605 1604
f 1578 1554 1606
f 1578 1606 1609
f 1578 1609 1610
f 1611 1578 1610
f 1610 1612 1611
f 1613 1611 1612
f 1612 1614 1613
f 1607 1615 1616
f 1607 1616 1608
f 1615 1613 1614
f 1615 1614 1617
f 1507 1508 1550
f 1550 1540 1507
f 1483 1508 1507
f 1507 1548 1483
f 1550 1509 1510
f 1510 1540 1550
f 1510 1509 1482
f 1482 1540 1510
f 1541 1540 1482
f 1484 1495 1494
f 1494 1545 1484
f 1496 1495 1483
f 1483 1548 1496
f 1482 1497 1498
f 1498 1541 1482
f 1498 1497 1484
f 1484 1545 1498
f 1513 1511 1485
f 1485 1492 1513
f 1486 1514 1513
f 1513 1492 1486
f 1485 1487 1492
f 1487 1488 1492
f 1515 1492 1488
f 1541 1492 1515
f 1546 1486 1492
f 1493 1492 1541
f 1489 1502 1501
f 1501 1492 1489
f 1501 1500 1546
f 1546 1492 1501
f 1490 1489 1492
f 1491 1490 1492
f 1492 1493 1491
f 1541 1506 1505
f 1505 1493 1541
f 1505 1504 1491
f 1491 1493 1505
f 1507 1540 1548
f 1621 1531 1455
f 1533 1477 1479
f 1518 1517 1516
f 1479 1521 1533
f 1517 1518 1523
f 1523 1522 1517
f 1524 1523 1518
f 1454 1524 1518
f 1519 1452 1520
f 1520 1525 1519
f 1522 1523 1527
f 1527 1526 1522
f 1524 1527 1523
f 1526 1527 1528
f 1528 1530 1526
f 1524 1528 1527
f 1525 1520 1529
f 1528 1524 1530
f 1531 1530 1524
f 1704 1658 1657
f 1704 1657 1637
f 1662 1643 1652
f 1461 1535 1458
f 1462 1461 1704
f 1622 1662 1533
f 1521 1622 1533
f 1459 1754 1534
f 1534 1733 1459
f 1457 1459 1733
f 1532 1736 1535
f 1535 1462 1532
f 1535 1461 1462
f 1637 1532 1462
f 1710 1767 1536
f 1710 1536 1662
f 1767 1533 1536
f 1533 1662 1536
f 1481 1453 1478
f 1485 1511 1539
f 1539 1538 1485
f 1511 1512 1539
f 1512 1514 1486
f 1486 1539 1512
f 1487 1485 1538
f 1538 1540 1487
f 1488 1487 1540
f 1515 1488 1540
f 1541 1515 1540
f 1499 1502 1543
f 1543 1542 1499
f 1502 1489 1543
f 1489 1490 1545
f 1545 1543 1489
f 1490 1491 1547
f 1547 1545 1490
f 1503 1506 1541
f 1541 1544 1503
f 1494 1496 1545
f 1548 1545 1496
f 1500 1499 1542
f 1542 1546 1500
f 1547 1541 1498
f 1545 1547 1498
f 1491 1504 1544
f 1544 1547 1491
f 1504 1503 1544
f 1538 1539 1548
f 1539 1486 1548
f 1540 1538 1548
f 1486 1546 1548
f 1542 1543 1545
f 1544 1541 1547
f 1546 1542 1545
f 1545 1548 1546
f 1550 1508 1549
f 1559 1549 1508
f 1483 1559 1508
f 1551 1552 1509
f 1509 1550 1551
f 1482 1509 1552
f 1454 1553 1524
f 1484 1609 1495
f 1553 1554 1524
f 1483 1495 1606
f 1609 1606 1495
f 1554 1525 1524
f 1482 1555 1497
f 1484 1497 1555
f 1557 1556 1454
f 1556 1560 1454
f 1559 1483 1562
f 1562 1561 1559
f 1563 1557 1454
f 1550 1549 1558
f 1558 1564 1550
f 1454 1519 1565
f 1565 1563 1454
f 1551 1550 1564
f 1564 1566 1551
f 1567 1565 1519
f 1552 1551 1568
f 1566 1568 1551
f 1569 1567 1519
f 1553 1454 1560
f 1560 1571 1553
f 1606 1562 1483
f 1572 1569 1519
f 1482 1552 1570
f 1570 1573 1482
f 1571 1574 1553
f 1525 1572 1519
f 1573 1575 1482
f 1609 1484 1576
f 1577 1576 1484
f 1554 1553 1574
f 1579 1577 1484
f 1525 1554 1578
f 1578 1580 1525
f 1484 1555 1581
f 1581 1579 1484
f 1584 1583 1555
f 1555 1482 1575
f 1575 1584 1555
f 1580 1582 1525
f 1615 1581 1555
f 1583 1615 1555
f 1556 1557 1586
f 1586 1585 1556
f 1558 1549 1588
f 1588 1587 1558
f 1549 1559 1589
f 1589 1588 1549
f 1560 1556 1585
f 1585 1590 1560
f 1559 1561 1591
f 1591 1589 1559
f 1561 1562 1592
f 1592 1591 1561
f 1557 1563 1593
f 1593 1586 1557
f 1564 1558 1587
f 1587 1594 1564
f 1563 1565 1595
f 1595 1593 1563
f 1566 1564 1594
f 1594 1596 1566
f 1565 1567 1597
f 1597 1595 1565
f 1568 1566 1596
f 1596 1552 1568
f 1567 1569 1599
f 1599 1597 1567
f 1570 1552 1601
f 1601 1600 1570
f 1598 1601 1552
f 1571 1560 1590
f 1590 1602 1571
f 1562 1606 1603
f 1603 1592 1562
f 1569 1572 1604
f 1604 1599 1569
f 1573 1570 1600
f 1600 1605 1573
f 1574 1571 1602
f 1602 1606 1574
f 1572 1525 1607
f 1607 1604 1572
f 1575 1573 1605
f 1605 1608 1575
f 1576 1577 1610
f 1610 1609 1576
f 1554 1574 1606
f 1577 1579 1612
f 1612 1610 1577
f 1580 1578 1611
f 1611 1613 1580
f 1579 1581 1614
f 1614 1612 1579
f 1525 1582 1615
f 1615 1607 1525
f 1583 1584 1616
f 1616 1615 1583
f 1584 1575 1608
f 1608 1616 1584
f 1582 1580 1613
f 1613 1615 1582
f 1581 1615 1617
f 1617 1614 1581
f 1621 1455 1618
f 1731 1627 1720
f 1720 1618 1731
f 1455 1529 1619
f 1619 1618 1455
f 1729 1638 1618
f 1725 1628 1622
f 1618 1720 1621
f 1521 1725 1622
f 1619 1729 1618
f 1627 1626 1721
f 1721 1720 1627
f 1626 1625 1722
f 1722 1721 1626
f 1625 1624 1723
f 1723 1722 1625
f 1624 1623 1724
f 1623 1628 1725
f 1725 1724 1623
f 1628 1623 1630
f 1630 1629 1628
f 1623 1624 1631
f 1631 1630 1623
f 1624 1625 1632
f 1632 1631 1624
f 1625 1626 1633
f 1633 1632 1625
f 1626 1627 1634
f 1634 1633 1626
f 1629 1630 1644
f 1644 1643 1629
f 1630 1631 1645
f 1645 1644 1630
f 1632 1633 1646
f 1646 1631 1632
f 1633 1634 1647
f 1647 1646 1633
f 1726 1636 1727
f 1636 1635 1728
f 1728 1727 1636
f 1635 1638 1729
f 1729 1728 1635
f 1638 1635 1641
f 1641 1642 1638
f 1635 1636 1640
f 1640 1641 1635
f 1636 1726 1639
f 1639 1640 1636
f 1642 1641 1650
f 1650 1651 1642
f 1641 1640 1649
f 1649 1650 1641
f 1640 1639 1648
f 1648 1649 1640
f 1646 1647 1656
f 1656 1654 1646
f 1651 1650 1660
f 1660 1661 1651
f 1649 1660 1650
f 1664 1653 1665
f 1653 1655 1666
f 1666 1665 1653
f 1655 1656 1667
f 1667 1666 1655
f 1661 1660 1673
f 1673 1674 1661
f 1660 1669 1672
f 1672 1673 1660
f 1659 1658 1668
f 1668 1670 1659
f 1704 1668 1658
f 1663 1665 1676
f 1676 1675 1663
f 1665 1666 1677
f 1677 1676 1665
f 1666 1667 1678
f 1678 1677 1666
f 1674 1673 1681
f 1681 1682 1674
f 1673 1672 1680
f 1680 1681 1673
f 1671 1680 1672
f 1670 1668 1679
f 1679 1671 1670
f 1704 1679 1668
f 1675 1676 1684
f 1684 1683 1675
f 1676 1677 1685
f 1685 1684 1676
f 1677 1678 1686
f 1686 1685 1677
f 1682 1681 1690
f 1690 1691 1682
f 1681 1680 1689
f 1689 1690 1681
f 1680 1671 1688
f 1688 1689 1680
f 1671 1679 1687
f 1687 1688 1671
f 1704 1687 1679
f 1683 1684 1693
f 1693 1692 1683
f 1684 1685 1694
f 1694 1693 1684
f 1685 1686 1695
f 1695 1694 1685
f 1691 1690 1699
f 1699 1700 1691
f 1690 1689 1698
f 1698 1699 1690
f 1689 1688 1697
f 1697 1698 1689
f 1688 1687 1696
f 1696 1697 1688
f 1704 1696 1687
f 1692 1693 1701
f 1701 1711 1692
f 1693 1694 1702
f 1702 1701 1693
f 1694 1695 1703
f 1703 1702 1694
f 1700 1699 1708
f 1708 1456 1700
f 1699 1698 1707
f 1707 1708 1699
f 1698 1697 1706
f 1706 1707 1698
f 1697 1696 1705
f 1705 1706 1697
f 1704 1705 1696
f 1652 1710 1662
f 1711 1701 1712
f 1701 1702 1713
f 1713 1712 1701
f 1702 1703 1714
f 1714 1713 1702
f 1456 1708 1716
f 1716 1715 1456
f 1708 1707 1717
f 1717 1716 1708
f 1707 1706 1718
f 1718 1717 1707
f 1706 1705 1719
f 1705 1704 1458
f 1458 1719 1705
f 1656 1647 1730
f 1647 1731 1730
f 1651 1661 1731
f 1667 1656 1730
f 1661 1674 1730
f 1730 1731 1661
f 1678 1667 1730
f 1674 1682 1730
f 1733 1732 1715
f 1715 1457 1733
f 1709 1714 1732
f 1732 1733 1709
f 1534 1709 1733
f 1459 1820 1754
f 1809 1807 1797
f 1797 1798 1809
f 1797 1799 1800
f 1800 1798 1797
f 1799 1801 1802
f 1802 1800 1799
f 1801 1813 1811
f 1811 1802 1801
f 1744 1741 1459
f 1465 1734 1537
f 1460 1739 1537
f 1537 1734 1460
f 1735 1767 1710
f 1457 1744 1459
f 1465 1754 1734
f 1738 1737 1740
f 1737 1460 1740
f 1738 1747 1760
f 1738 1760 1744
f 1740 1734 1758
f 1820 1741 1742
f 1741 1744 1743
f 1743 1742 1741
f 1748 1738 1740
f 1740 1742 1748
f 1820 1742 1757
f 1758 1742 1740
f 1758 1757 1742
f 1743 1744 1760
f 1747 1746 1750
f 1750 1749 1747
f 1746 1745 1751
f 1751 1750 1746
f 1738 1751 1745
f 1753 1752 1756
f 1756 1755 1753
f 1752 1820 1757
f 1757 1756 1752
f 1738 1745 1746
f 1738 1746 1747
f 1754 1820 1752
f 1754 1752 1753
f 1754 1753 1755
f 1760 1759 1743
f 1747 1749 1759
f 1759 1760 1747
f 1749 1743 1759
f 1754 1758 1734
f 1492 1493 1761
f 1493 1492 1761
f 1467 1463 1766
f 1766 1770 1467
f 1463 1468 1768
f 1768 1766 1463
f 1533 1767 1774
f 1769 1768 1468
f 1468 1467 1770
f 1472 1468 1770
f 1762 1464 1465
f 1466 1763 1537
f 1537 1782 1762
f 1537 1785 1469
f 1532 1637 1773
f 1637 1764 1773
f 1770 1766 1774
f 1767 1765 1774
f 1766 1768 1774
f 1768 1769 1774
f 1769 1477 1774
f 1774 1775 1533
f 1775 1774 1477
f 1477 1533 1775
f 1776 1774 1765
f 1774 1776 1770
f 1765 1464 1778
f 1778 1776 1765
f 1472 1770 1776
f 1776 1778 1472
f 1464 1762 1780
f 1780 1777 1464
f 1771 1472 1779
f 1779 1781 1771
f 1782 1780 1762
f 1781 1783 1771
f 1537 1771 1783
f 1784 1537 1763
f 1786 1784 1763
f 1785 1787 1469
f 1763 1466 1788
f 1788 1786 1763
f 1475 1469 1787
f 1787 1790 1475
f 1772 1532 1791
f 1791 1789 1772
f 1764 1475 1789
f 1789 1791 1764
f 1773 1791 1532
f 1791 1773 1764
f 1459 1792 1804
f 1820 1459 1804
f 1804 1803 1820
f 1459 1805 1792
f 1459 1741 1806
f 1806 1805 1459
f 1803 1804 1793
f 1793 1794 1803
f 1805 1806 1795
f 1795 1792 1805
f 1793 1796 1817
f 1794 1793 1817
f 1817 1815 1794
f 1792 1818 1796
f 1792 1795 1819
f 1819 1818 1792
f 1798 1816 1809
f 1816 1817 1808
f 1799 1797 1796
f 1801 1799 1796
f 1796 1818 1810
f 1796 1810 1813
f 1796 1813 1801
f 1818 1819 1814
f 1814 1810 1818
f 1804 1792 1796
f 1804 1796 1793
f 1807 1816 1808
f 1814 1813 1810
f 1811 1812 1814
f 1817 1796 1797
f 1817 1797 1807
f 1817 1807 1808
f 1819 1820 1802
f 1819 1802 1811
f 1819 1811 1814
f 1806 1741 1820
f 1803 1794 1820
f 1794 1815 1820
f 1815 1816 1820
f 1816 1798 1820
f 1819 1795 1820
f 1798 1800 1820
f 1800 1802 1820
f 1795 1806 1820
f 1857 1855 1858
f 1858 1855 1839
f 1847 1854 1851
f 1840 1883 1826
f 1822 1821 1883
f 1883 1840 1822
f 1823 1822 1840
f 1824 1823 1840
f 1840 1841 1824
f 1840 1826 1841
f 1841 1826 1824
f 1858 1839 1843
f 1825 1824 1826
f 1851 1858 1843
f 1821 1825 1826
f 1851 1843 1842
f 1826 1883 1821
f 1890 1848 1849
f 1839 1827 1843
f 1890 1849 1844
f 1891 1890 1844
f 1848 1891 1844
f 1846 1827 1839
f 1839 1870 1846
f 1848 1844 1845
f 1846 1870 1847
f 1847 1850 1846
f 1850 1847 1851
f 1848 1845 1849
f 1851 1842 1850
f 1851 1853 1858
f 1852 1881 1858
f 1853 1852 1858
f 1852 1853 1869
f 1853 1851 1869
f 1869 1851 1854
f 1854 1847 1869
f 1839 1865 1870
f 1839 1855 1865
f 1855 1889 1865
f 1857 1889 1855
f 1857 1836 1889
f 1857 1858 1836
f 1859 1829 1860
f 1860 1861 1859
f 1860 1837 1861
f 1861 1836 1858
f 1859 1861 1858
f 1862 1828 1863
f 1863 1884 1862
f 1863 1838 1864
f 1864 1884 1863
f 1864 1837 1860
f 1860 1884 1864
f 1860 1829 1862
f 1862 1884 1860
f 1862 1829 1867
f 1867 1885 1862
f 1867 1858 1868
f 1868 1885 1867
f 1868 1830 1866
f 1866 1885 1868
f 1866 1828 1862
f 1862 1885 1866
f 1867 1829 1859
f 1859 1858 1867
f 1870 1865 1869
f 1868 1858 1832
f 1869 1847 1870
f 1832 1858 1871
f 1871 1858 1873
f 1873 1886 1871
f 1873 1834 1874
f 1874 1886 1873
f 1874 1833 1872
f 1872 1886 1874
f 1872 1831 1871
f 1871 1886 1872
f 1875 1834 1873
f 1873 1858 1875
f 1874 1834 1877
f 1877 1887 1874
f 1877 1878 1879
f 1879 1887 1877
f 1879 1835 1876
f 1876 1887 1879
f 1876 1833 1874
f 1874 1887 1876
f 1875 1858 1880
f 1880 1881 1882
f 1882 1878 1877
f 1877 1880 1882
f 1877 1834 1875
f 1875 1880 1877
f 1880 1858 1881
f 1888 1869 1856
f 1888 1856 1878
f 1888 1878 1882
f 1882 1869 1888
f 1881 1852 1882
f 1852 1869 1882
f 1889 1836 1861
f 1861 1837 1889
f 1889 1837 1865
f 1890 1891 1848
f 1892 1893 1918
f 1918 1936 1892
f 1892 1895 1896
f 1892 1896 1897
f 1892 1897 1898
f 1892 1898 1893
f 1895 1894 1899
f 1899 1896 1895
f 1900 1896 1899
f 1899 1901 1900
f 1903 1900 1901
f 1904 1902 1903
f 1903 1905 1904
f 1906 1904 1905
f 1905 1907 1906
f 1897 1906 1907
f 1907 1908 1897
f 1897 1908 1909
f 1909 1898 1897
f 1909 1910 1911
f 1911 1898 1909
f 1910 1912 1913
f 1913 1911 1910
f 1914 1913 1912
f 1914 1916 1917
f 1917 1915 1914
f 1916 1918 1893
f 1893 1917 1916
f 1894 1895 1892
f 1919 1901 1899
f 1899 1894 1919
f 1903 1901 1919
f 1921 1905 1903
f 1903 1920 1921
f 1922 1905 1921
f 1923 1907 1905
f 1905 1922 1923
f 1924 1907 1923
f 1925 1908 1907
f 1907 1924 1925
f 1926 1908 1925
f 1926 1909 1908
f 1929 1910 1909
f 1909 1926 1929
f 1930 1910 1929
f 1931 1912 1910
f 1910 1930 1931
f 1914 1912 1931
f 1933 1916 1914
f 1914 1932 1933
f 1934 1916 1933
f 1935 1918 1916
f 1916 1934 1935
f 1936 1918 1935
f 1940 1941 1942
f 1942 1941 1943
f 1943 1944 1942
f 1944 1943 1945
f 1945 1943 1946
f 1946 1947 1945
f 1947 1946 1948
f 1948 1946 1949
f 1949 1950 1948
f 1949 1951 1952
f 1952 1951 1953
f 1953 1968 1952
f 1954 1955 1956
f 1956 1955 1957
f 1957 1958 1956
f 1958 1957 1959
f 1959 1957 1960
f 1960 1961 1959
f 1960 1962 1963
f 1963 1962 1964
f 1964 1965 1963
f 1965 1964 1966
f 1966 1940 1965
f 1967 1968 1953
f 1953 1969 1967
f 1970 1971 1955
f 1955 1954 1970
f 1940 1966 1941
f 1970 1967 1969
f 1970 1969 1977
f 1970 1977 1978
f 1970 1978 1971
f 1943 1941 1977
f 1977 1979 1943
f 1946 1943 1979
f 1979 1980 1946
f 1949 1946 1980
f 1980 1981 1949
f 1949 1982 1951
f 1953 1951 1982
f 1982 1969 1953
f 1957 1955 1971
f 1971 1983 1957
f 1960 1957 1983
f 1983 1984 1960
f 1960 1985 1962
f 1964 1962 1985
f 1985 1986 1964
f 1966 1964 1986
f 1986 1978 1966
f 1966 1978 1977
f 1977 1941 1966
f 1937 1928 2032
f 2042 1976 2039
f 1993 1994 1988
f 1995 1996 1994
f 1994 1993 1995
f 1997 1998 2000
f 2000 1999 1997
f 2001 2002 2004
f 2004 2003 2001
f 2005 2006 2008
f 2008 2007 2005
f 2010 2040 2016
f 2016 2039 1972
f 2044 2039 2040
f 2044 2040 2024
f 1972 2028 1974
f 1976 1975 1939
f 1976 1939 1942
f 1976 1942 1944
f 1976 1944 1974
f 1976 1974 2028
f 1976 2028 2039
f 2039 2029 2043
f 1937 2032 2043
f 1937 2043 2029
f 1938 1937 2029
f 1938 2029 2030
f 1928 1927 1938
f 1928 1938 2030
f 1928 2030 2041
f 1928 2041 2032
f 2031 2032 2041
f 1973 2031 2038
f 2011 2009 2033
f 2012 2011 2033
f 2009 2012 2033
f 2034 2036 2035
f 2036 2037 2035
f 2037 2034 2035
f 2010 2016 2038
f 2016 2040 2039
f 2041 2039 2024
f 2040 2010 2024
f 2024 2010 2041
f 1987 2041 2010
f 2010 2038 1987
f 1972 2039 2028
f 2029 2039 2041
f 2030 2029 2041
f 2041 1987 2031
f 2038 2031 1987
f 2043 2031 2042
f 2042 2039 2043
f 2031 2043 2032
f 2031 1973 2042
f 2044 2024 2039
f 2013 2045 2046
f 2047 1991 2048
f 2048 2013 2047
f 2049 2051 2052
f 2052 2050 2049
f 2051 1994 1996
f 1996 2052 2051
f 2000 2053 2054
f 2054 1999 2000
f 2014 2054 2053
f 1995 1997 1999
f 1995 1999 2046
f 1995 2046 2045
f 1995 2045 1996
f 1992 2047 2013
f 1991 2047 1992
f 1989 2051 2049
f 1989 2049 1990
f 1988 1994 2051
f 1988 2051 1989
f 2015 2053 2000
f 2015 2000 1998
f 2014 2053 2015
f 2007 2008 2017
f 2017 2008 2055
f 2017 2055 2018
f 2018 2055 2019
f 2018 2019 2020
f 2019 2056 2021
f 2021 2056 2057
f 2021 2057 2022
f 2022 2057 2058
f 2022 2058 2025
f 2025 2058 2059
f 2059 2026 2025
f 2027 2060 2023
f 2023 2060 2004
f 2023 2004 2002
f 2007 2001 2005
f 2055 2008 2006
f 2006 2061 2055
f 2019 2055 2061
f 2061 2062 2019
f 2019 2063 2056
f 2057 2056 2063
f 2063 2064 2057
f 2058 2057 2064
f 2064 2065 2058
f 2066 2059 2058
f 2058 2065 2066
f 2026 2059 2066
f 2027 2067 2060
f 2067 2003 2004
f 2004 2060 2067
f 2005 2001 2003
f 2005 2003 2066
f 2005 2066 2065
f 2005 2065 2006
f 2152 2068 2069
f 2155 2069 2068
f 2125 2126 2124
f 2124 2150 2125
f 2125 2137 2126
f 2159 2070 2167
f 2159 2160 2070
f 2165 2070 2160
f 2279 2272 2265
f 2265 2282 2286
f 2291 2279 2265
f 2265 2377 2291
f 2265 2286 2295
f 2295 2377 2265
f 2332 2324 2377
f 2377 2328 2337
f 2341 2332 2377
f 2377 2071 2341
f 2377 2337 2346
f 2346 2071 2377
f 2349 2341 2071
f 2360 2349 2071
f 2071 2378 2360
f 2362 2378 2071
f 2388 2389 2394
f 2388 2394 2393
f 2407 2387 2380
f 2407 2380 2384
f 2387 2075 2380
f 2076 2093 2077
f 2077 2093 2097
f 2077 2078 2076
f 2078 2077 2110
f 2077 2097 2110
f 2073 2168 2079
f 2168 2073 2361
f 2361 2350 2168
f 2350 2304 2080
f 2082 2081 2087
f 2421 2420 2416
f 2274 2287 2320
f 2273 2274 2320
f 2154 2152 2069
f 2412 2414 2381
f 2084 2412 2381
f 2084 2083 2085
f 2076 2085 2083
f 2424 2426 2427
f 2427 2425 2424
f 2426 2085 2428
f 2428 2427 2426
f 2076 2428 2085
f 2386 2086 2076
f 2076 2429 2430
f 2429 2431 2432
f 2432 2430 2429
f 2431 2433 2434
f 2434 2432 2431
f 2417 2082 2087
f 2082 2417 2094
f 2094 2421 2082
f 2417 2099 2091
f 2091 2094 2417
f 2099 2088 2104
f 2090 2093 2089
f 2090 2089 2095
f 2089 2096 2092
f 2092 2095 2089
f 2421 2094 2102
f 2091 2102 2094
f 2090 2097 2093
f 2090 2095 2101
f 2092 2101 2095
f 2096 2410 2080
f 2102 2091 2098
f 2097 2090 2103
f 2101 2103 2090
f 2101 2092 2100
f 2080 2303 2096
f 2104 2108 2099
f 2103 2101 2106
f 2100 2106 2101
f 2097 2103 2107
f 2106 2107 2103
f 2106 2100 2105
f 2421 2102 2109
f 2098 2109 2102
f 2110 2108 2104
f 2097 2107 2110
f 2107 2106 2110
f 2105 2110 2106
f 2227 2228 2229
f 2227 2229 2230
f 2227 2230 2231
f 2232 2227 2231
f 2232 2231 2233
f 2232 2233 2234
f 2228 2235 2236
f 2236 2229 2228
f 2235 2237 2238
f 2238 2236 2235
f 2237 2239 2240
f 2237 2240 2190
f 2237 2190 2238
f 2239 2241 2242
f 2239 2242 2243
f 2239 2243 2240
f 2244 2232 2234
f 2234 2245 2244
f 2241 2246 2247
f 2247 2242 2241
f 2248 2244 2245
f 2245 2249 2248
f 2246 2250 2251
f 2251 2247 2246
f 2253 2252 2254
f 2253 2254 2255
f 2253 2255 2256
f 2252 2248 2249
f 2252 2249 2257
f 2252 2257 2254
f 2258 2253 2256
f 2256 2259 2258
f 2260 2258 2259
f 2259 2261 2260
f 2250 2262 2263
f 2250 2263 2251
f 2262 2260 2261
f 2262 2261 2264
f 2141 2140 2111
f 2111 2116 2141
f 2113 2140 2139
f 2139 2187 2113
f 2183 2116 2111
f 2111 2142 2143
f 2143 2183 2111
f 2143 2142 2112
f 2112 2183 2143
f 2114 2127 2128
f 2128 2185 2114
f 2128 2127 2113
f 2113 2187 2128
f 2115 2114 2185
f 2185 2117 2115
f 2112 2129 2130
f 2130 2183 2112
f 2130 2129 2115
f 2115 2117 2130
f 2146 2145 2118
f 2118 2124 2146
f 2176 2147 2146
f 2146 2126 2176
f 2118 2119 2124
f 2119 2120 2124
f 2120 2151 2150
f 2150 2124 2120
f 2150 2148 2188
f 2188 2125 2150
f 2186 2176 2126
f 2188 2180 2125
f 2121 2134 2133
f 2133 2126 2121
f 2133 2132 2186
f 2186 2126 2133
f 2122 2121 2126
f 2123 2122 2126
f 2180 2138 2137
f 2137 2125 2180
f 2137 2135 2123
f 2123 2126 2137
f 2139 2141 2116
f 2139 2116 2183
f 2139 2183 2187
f 2146 2124 2126
f 2267 2167 2070
f 2267 2070 2265
f 2109 2320 2421
f 2154 2153 2152
f 2153 2154 2158
f 2158 2157 2153
f 2159 2158 2154
f 2069 2159 2154
f 2155 2068 2156
f 2156 2160 2155
f 2109 2161 2320
f 2157 2158 2163
f 2163 2162 2157
f 2159 2163 2158
f 2162 2163 2164
f 2164 2166 2162
f 2159 2164 2163
f 2160 2156 2165
f 2164 2159 2166
f 2167 2166 2159
f 2080 2304 2303
f 2320 2287 2297
f 2079 2168 2350
f 2171 2419 2170
f 2079 2170 2073
f 2411 2171 2173
f 2080 2411 2173
f 2357 2320 2169
f 2074 2399 2172
f 2172 2379 2074
f 2072 2074 2379
f 2170 2173 2171
f 2170 2079 2173
f 2079 2350 2173
f 2350 2080 2173
f 2357 2414 2320
f 2110 2104 2078
f 2118 2145 2175
f 2175 2174 2118
f 2145 2144 2175
f 2144 2147 2176
f 2176 2175 2144
f 2119 2118 2174
f 2174 2177 2119
f 2120 2119 2177
f 2177 2178 2120
f 2149 2151 2178
f 2178 2179 2149
f 2151 2120 2178
f 2188 2148 2179
f 2148 2149 2179
f 2131 2134 2182
f 2182 2181 2131
f 2134 2121 2182
f 2121 2122 2182
f 2123 2182 2122
f 2136 2138 2180
f 2180 2184 2136
f 2187 2185 2128
f 2132 2131 2181
f 2181 2186 2132
f 2117 2183 2130
f 2123 2135 2184
f 2135 2136 2184
f 2174 2175 2187
f 2175 2176 2187
f 2188 2187 2183
f 2177 2174 2187
f 2187 2188 2177
f 2178 2177 2188
f 2179 2178 2188
f 2176 2186 2187
f 2181 2182 2185
f 2123 2185 2182
f 2117 2185 2123
f 2184 2180 2188
f 2186 2181 2185
f 2185 2187 2186
f 2183 2117 2188
f 2123 2188 2117
f 2188 2123 2184
f 2113 2111 2140
f 2189 2190 2142
f 2142 2111 2189
f 2112 2142 2190
f 2069 2191 2159
f 2127 2114 2193
f 2191 2192 2159
f 2113 2127 2193
f 2192 2194 2159
f 2115 2193 2114
f 2194 2160 2159
f 2112 2225 2129
f 2115 2129 2262
f 2225 2262 2129
f 2196 2195 2069
f 2198 2197 2111
f 2199 2198 2111
f 2195 2200 2069
f 2201 2199 2111
f 2111 2113 2202
f 2202 2201 2111
f 2203 2196 2069
f 2189 2111 2197
f 2197 2204 2189
f 2069 2155 2205
f 2205 2203 2069
f 2204 2206 2189
f 2207 2205 2155
f 2190 2189 2208
f 2206 2208 2189
f 2209 2207 2155
f 2191 2069 2200
f 2200 2211 2191
f 2249 2202 2113
f 2212 2209 2155
f 2112 2190 2210
f 2210 2213 2112
f 2211 2214 2191
f 2215 2249 2113
f 2160 2212 2155
f 2213 2216 2112
f 2218 2217 2193
f 2219 2218 2193
f 2192 2191 2214
f 2113 2193 2217
f 2217 2215 2113
f 2193 2115 2221
f 2221 2219 2193
f 2160 2194 2220
f 2220 2222 2160
f 2115 2262 2223
f 2223 2221 2115
f 2225 2112 2216
f 2216 2226 2225
f 2222 2224 2160
f 2195 2196 2228
f 2228 2227 2195
f 2197 2198 2230
f 2230 2229 2197
f 2198 2199 2231
f 2231 2230 2198
f 2200 2195 2227
f 2227 2232 2200
f 2199 2201 2233
f 2233 2231 2199
f 2201 2202 2234
f 2234 2233 2201
f 2196 2203 2235
f 2235 2228 2196
f 2204 2197 2229
f 2229 2236 2204
f 2203 2205 2237
f 2237 2235 2203
f 2206 2204 2236
f 2236 2238 2206
f 2205 2207 2239
f 2239 2237 2205
f 2208 2206 2238
f 2238 2190 2208
f 2207 2209 2241
f 2241 2239 2207
f 2210 2190 2243
f 2243 2242 2210
f 2240 2243 2190
f 2211 2200 2232
f 2232 2244 2211
f 2202 2249 2245
f 2245 2234 2202
f 2209 2212 2246
f 2246 2241 2209
f 2213 2210 2242
f 2242 2247 2213
f 2214 2211 2244
f 2244 2248 2214
f 2212 2160 2250
f 2250 2246 2212
f 2216 2213 2247
f 2247 2251 2216
f 2194 2192 2252
f 2252 2253 2194
f 2217 2218 2255
f 2255 2254 2217
f 2218 2219 2256
f 2256 2255 2218
f 2192 2214 2248
f 2248 2252 2192
f 2215 2217 2257
f 2257 2249 2215
f 2254 2257 2217
f 2220 2194 2253
f 2253 2258 2220
f 2219 2221 2259
f 2259 2256 2219
f 2222 2220 2258
f 2258 2260 2222
f 2221 2223 2261
f 2261 2259 2221
f 2160 2224 2262
f 2262 2250 2160
f 2225 2226 2263
f 2263 2262 2225
f 2226 2216 2251
f 2251 2263 2226
f 2224 2222 2260
f 2260 2262 2224
f 2223 2262 2264
f 2264 2261 2223
f 2265 2272 2367
f 2070 2165 2266
f 2266 2265 2070
f 2376 2282 2265
f 2372 2273 2320
f 2076 2078 2104
f 2265 2367 2267
f 2297 2302 2320
f 2161 2372 2320
f 2266 2376 2265
f 2272 2271 2368
f 2368 2367 2272
f 2271 2270 2369
f 2369 2368 2271
f 2270 2269 2370
f 2370 2369 2270
f 2269 2268 2371
f 2268 2273 2372
f 2372 2371 2268
f 2273 2268 2275
f 2275 2274 2273
f 2268 2269 2276
f 2276 2275 2268
f 2269 2270 2277
f 2277 2276 2269
f 2270 2271 2278
f 2278 2277 2270
f 2271 2272 2279
f 2279 2278 2271
f 2274 2275 2288
f 2288 2287 2274
f 2275 2276 2289
f 2289 2288 2275
f 2277 2278 2290
f 2290 2276 2277
f 2278 2279 2291
f 2291 2290 2278
f 2373 2281 2374
f 2281 2280 2375
f 2375 2374 2281
f 2280 2282 2376
f 2376 2375 2280
f 2282 2280 2285
f 2285 2286 2282
f 2280 2281 2284
f 2284 2285 2280
f 2281 2373 2283
f 2283 2284 2281
f 2286 2285 2294
f 2294 2295 2286
f 2285 2284 2293
f 2293 2294 2285
f 2284 2283 2292
f 2292 2293 2284
f 2290 2291 2301
f 2301 2299 2290
f 2295 2294 2306
f 2306 2307 2295
f 2293 2306 2294
f 2302 2296 2308
f 2308 2320 2302
f 2309 2298 2310
f 2298 2300 2311
f 2311 2310 2298
f 2300 2301 2312
f 2312 2311 2300
f 2307 2306 2318
f 2318 2319 2307
f 2306 2315 2317
f 2317 2318 2306
f 2305 2304 2313
f 2313 2316 2305
f 2350 2313 2304
f 2308 2296 2321
f 2321 2320 2308
f 2296 2310 2322
f 2322 2321 2296
f 2310 2311 2323
f 2323 2322 2310
f 2311 2312 2324
f 2324 2323 2311
f 2319 2318 2327
f 2327 2328 2319
f 2318 2317 2326
f 2326 2327 2318
f 2314 2326 2317
f 2316 2313 2325
f 2325 2314 2316
f 2350 2325 2313
f 2320 2321 2329
f 2321 2322 2330
f 2330 2329 2321
f 2322 2323 2331
f 2331 2330 2322
f 2323 2324 2332
f 2332 2331 2323
f 2328 2327 2336
f 2336 2337 2328
f 2327 2326 2335
f 2335 2336 2327
f 2326 2314 2334
f 2334 2335 2326
f 2314 2325 2333
f 2333 2334 2314
f 2350 2333 2325
f 2329 2169 2320
f 2329 2330 2339
f 2339 2338 2329
f 2330 2331 2340
f 2340 2339 2330
f 2331 2332 2341
f 2341 2340 2331
f 2337 2336 2345
f 2345 2346 2337
f 2336 2335 2344
f 2344 2345 2336
f 2335 2334 2343
f 2343 2344 2335
f 2334 2333 2342
f 2342 2343 2334
f 2350 2342 2333
f 2338 2339 2347
f 2347 2356 2338
f 2339 2340 2348
f 2348 2347 2339
f 2340 2341 2349
f 2349 2348 2340
f 2346 2345 2354
f 2354 2071 2346
f 2345 2344 2353
f 2353 2354 2345
f 2344 2343 2352
f 2352 2353 2344
f 2343 2342 2351
f 2351 2352 2343
f 2350 2351 2342
f 2169 2329 2357
f 2356 2347 2358
f 2347 2348 2359
f 2359 2358 2347
f 2348 2349 2360
f 2360 2359 2348
f 2071 2354 2363
f 2363 2362 2071
f 2354 2353 2364
f 2364 2363 2354
f 2353 2352 2365
f 2365 2364 2353
f 2352 2351 2366
f 2351 2350 2361
f 2361 2366 2351
f 2301 2291 2377
f 2295 2307 2377
f 2312 2301 2377
f 2307 2319 2377
f 2324 2312 2377
f 2319 2328 2377
f 2379 2378 2362
f 2362 2072 2379
f 2355 2360 2378
f 2378 2379 2355
f 2172 2355 2379
f 2074 2460 2399
f 2449 2447 2442
f 2442 2441 2449
f 2442 2453 2451
f 2451 2441 2442
f 2072 2460 2074
f 2076 2385 2384
f 2384 2380 2076
f 2075 2386 2076
f 2076 2380 2075
f 2381 2414 2357
f 2083 2385 2076
f 2384 2399 2407
f 2383 2382 2387
f 2382 2075 2387
f 2383 2392 2406
f 2383 2406 2072
f 2387 2407 2404
f 2407 2399 2400
f 2460 2072 2389
f 2389 2388 2460
f 2393 2383 2387
f 2387 2388 2393
f 2460 2388 2403
f 2404 2388 2387
f 2400 2403 2388
f 2400 2388 2404
f 2389 2072 2406
f 2392 2391 2395
f 2395 2394 2392
f 2391 2390 2396
f 2396 2395 2391
f 2383 2396 2390
f 2398 2397 2402
f 2402 2401 2398
f 2397 2460 2403
f 2403 2402 2397
f 2383 2390 2391
f 2383 2391 2392
f 2399 2460 2397
f 2399 2397 2398
f 2399 2398 2401
f 2406 2405 2389
f 2392 2394 2405
f 2405 2406 2392
f 2394 2389 2405
f 2400 2404 2407
f 2126 2125 2408
f 2125 2126 2408
f 2104 2088 2076
f 2076 2418 2093
f 2089 2093 2418
f 2087 2081 2413
f 2413 2417 2087
f 2081 2082 2415
f 2415 2413 2081
f 2320 2414 2420
f 2416 2415 2082
f 2421 2416 2082
f 2320 2420 2421
f 2086 2409 2076
f 2096 2089 2418
f 2076 2430 2418
f 2080 2410 2411
f 2417 2413 2420
f 2414 2412 2420
f 2413 2415 2420
f 2416 2420 2415
f 2422 2420 2412
f 2420 2422 2417
f 2412 2084 2423
f 2423 2422 2412
f 2099 2417 2422
f 2422 2423 2099
f 2084 2085 2426
f 2426 2424 2084
f 2088 2099 2425
f 2425 2427 2088
f 2427 2428 2088
f 2076 2088 2428
f 2429 2076 2409
f 2431 2429 2409
f 2430 2432 2418
f 2409 2086 2433
f 2433 2431 2409
f 2096 2418 2432
f 2432 2434 2096
f 2419 2171 2436
f 2436 2435 2419
f 2410 2096 2435
f 2435 2436 2410
f 2411 2436 2171
f 2436 2411 2410
f 2074 2437 2444
f 2460 2074 2444
f 2444 2443 2460
f 2074 2445 2437
f 2074 2460 2446
f 2446 2445 2074
f 2443 2444 2438
f 2438 2439 2443
f 2445 2446 2440
f 2440 2437 2445
f 2438 2442 2457
f 2439 2438 2457
f 2457 2455 2439
f 2437 2458 2442
f 2437 2440 2459
f 2459 2458 2437
f 2441 2456 2449
f 2456 2457 2448
f 2442 2458 2450
f 2442 2450 2453
f 2458 2459 2454
f 2454 2450 2458
f 2444 2437 2442
f 2444 2442 2438
f 2447 2456 2448
f 2454 2453 2450
f 2451 2452 2454
f 2457 2442 2447
f 2457 2447 2448
f 2459 2441 2451
f 2459 2451 2454
f 2441 2460 2443
f 2443 2439 2441
f 2439 2455 2441
f 2455 2456 2441
f 2459 2440 2441
f 2440 2446 2460
f 2460 2441 2440
f 2497 2495 2498
f 2498 2495 2479
f 2487 2494 2491
f 2480 2523 2466
f 2462 2461 2523
f 2523 2480 2462
f 2463 2462 2480
f 2464 2463 2480
f 2480 2481 2464
f 2480 2466 2481
f 2481 2466 2464
f 2498 2479 2483
f 2465 2464 2466
f 2491 2498 2483
f 2461 2465 2466
f 2491 2483 2482
f 2466 2523 2461
f 2530 2488 2489
f 2479 2467 2483
f 2530 2489 2484
f 2531 2530 2484
f 2488 2531 2484
f 2486 2467 2479
f 2479 2510 2486
f 2488 2484 2485
f 2486 2510 2487
f 2487 2490 2486
f 2490 2487 2491
f 2488 2485 2489
f 2491 2482 2490
f 2491 2493 2498
f 2492 2521 2498
f 2493 2492 2498
f 2492 2493 2509
f 2493 2491 2509
f 2509 2491 2494
f 2494 2487 2509
f 2479 2505 2510
f 2479 2495 2505
f 2495 2529 2505
f 2497 2529 2495
f 2497 2476 2529
f 2497 2498 2476
f 2499 2469 2500
f 2500 2501 2499
f 2500 2477 2501
f 2501 2476 2498
f 2499 2501 2498
f 2502 2468 2503
f 2503 2524 2502
f 2503 2478 2504
f 2504 2524 2503
f 2504 2477 2500
f 2500 2524 2504
f 2500 2469 2502
f 2502 2524 2500
f 2502 2469 2507
f 2507 2525 2502
f 2507 2498 2508
f 2508 2525 2507
f 2508 2470 2506
f 2506 2525 2508
f 2506 2468 2502
f 2502 2525 2506
f 2507 2469 2499
f 2499 2498 2507
f 2510 2505 2509
f 2508 2498 2472
f 2509 2487 2510
f 2472 2498 2511
f 2511 2498 2513
f 2513 2526 2511
f 2513 2474 2514
f 2514 2526 2513
f 2514 2473 2512
f 2512 2526 2514
f 2512 2471 2511
f 2511 2526 2512
f 2515 2474 2513
f 2513 2498 2515
f 2514 2474 2517
f 2517 2527 2514
f 2517 2519 2518
f 2518 2527 2517
f 2518 2475 2516
f 2516 2527 2518
f 2516 2473 2514
f 2514 2527 2516
f 2515 2498 2520
f 2520 2521 2522
f 2522 2519 2517
f 2517 2520 2522
f 2517 2474 2515
f 2515 2520 2517
f 2520 2498 2521
f 2528 2509 2496
f 2528 2496 2519
f 2528 2519 2522
f 2522 2509 2528
f 2521 2492 2522
f 2492 2509 2522
f 2529 2476 2501
f 2501 2477 2529
f 2529 2477 2505
f 2530 2531 2488
f 2532 2533 2558
f 2558 2576 2532
f 2532 2535 2536
f 2532 2536 2537
f 2532 2537 2538
f 2532 2538 2533
f 2535 2534 2539
f 2539 2536 2535
f 2540 2536 2539
f 2539 2541 2540
f 2543 2540 2541
f 2544 2542 2543
f 2543 2545 2544
f 2546 2544 2545
f 2545 2547 2546
f 2537 2546 2547
f 2547 2548 2537
f 2537 2548 2549
f 2549 2538 2537
f 2549 2550 2551
f 2551 2538 2549
f 2550 2552 2553
f 2553 2551 2550
f 2554 2553 2552
f 2554 2556 2557
f 2557 2555 2554
f 2556 2558 2533
f 2533 2557 2556
f 2534 2535 2532
f 2559 2541 2539
f 2539 2534 2559
f 2543 2541 2559
f 2561 2545 2543
f 2543 2560 2561
f 2562 2545 2561
f 2563 2547 2545
f 2545 2562 2563
f 2564 2547 2563
f 2565 2548 2547
f 2547 2564 2565
f 2566 2548 2565
f 2566 2549 2548
f 2569 2550 2549
f 2549 2566 2569
f 2570 2550 2569
f 2571 2552 2550
f 2550 2570 2571
f 2554 2552 2571
f 2573 2556 2554
f 2554 2572 2573
f 2574 2556 2573
f 2575 2558 2556
f 2556 2574 2575
f 2576 2558 2575
f 2579 2581 2582
f 2582 2581 2583
f 2583 2584 2582
f 2584 2583 2586
f 2586 2583 2587
f 2587 2588 2586
f 2588 2587 2589
f 2589 2587 2590
f 2590 2591 2589
f 2590 2592 2593
f 2593 2592 2594
f 2594 2609 2593
f 2595 2596 2597
f 2597 2596 2598
f 2598 2599 2597
f 2599 2598 2600
f 2600 2598 2601
f 2601 2602 2600
f 2601 2603 2604
f 2604 2603 2605
f 2605 2606 2604
f 2606 2605 2607
f 2607 2579 2606
f 2608 2609 2594
f 2594 2610 2608
f 2611 2612 2596
f 2596 2595 2611
f 2579 2607 2581
f 2611 2608 2610
f 2611 2610 2618
f 2611 2618 2619
f 2611 2619 2612
f 2583 2581 2618
f 2618 2620 2583
f 2587 2583 2620
f 2620 2621 2587
f 2590 2587 2621
f 2621 2622 2590
f 2590 2623 2592
f 2594 2592 2623
f 2623 2610 2594
f 2598 2596 2612
f 2612 2624 2598
f 2601 2598 2624
f 2624 2625 2601
f 2601 2626 2603
f 2605 2603 2626
f 2626 2627 2605
f 2607 2605 2627
f 2627 2619 2607
f 2607 2619 2618
f 2618 2581 2607
f 2577 2568 2681
f 2614 2617 2673
f 2634 2635 2629
f 2636 2637 2635
f 2635 2634 2636
f 2638 2639 2641
f 2641 2640 2638
f 2642 2643 2645
f 2645 2644 2642
f 2646 2647 2649
f 2649 2648 2646
f 2665 2680 2656
f 2656 2673 2613
f 2663 2673 2680
f 2663 2680 2665
f 2613 2669 2615
f 2617 2616 2580
f 2617 2580 2582
f 2617 2582 2585
f 2617 2585 2615
f 2617 2615 2669
f 2617 2669 2673
f 2577 2681 2673
f 2577 2673 2670
f 2578 2577 2670
f 2578 2670 2671
f 2568 2567 2578
f 2568 2578 2671
f 2568 2671 2665
f 2568 2665 2681
f 2672 2681 2665
f 2614 2672 2679
f 2651 2650 2674
f 2652 2651 2674
f 2650 2652 2674
f 2675 2677 2676
f 2677 2678 2676
f 2678 2675 2676
f 2665 2656 2679
f 2656 2680 2673
f 2665 2679 2628
f 2613 2673 2669
f 2670 2673 2665
f 2671 2670 2665
f 2665 2628 2672
f 2679 2672 2628
f 2673 2681 2614
f 2614 2681 2672
f 2663 2665 2673
f 2653 2682 2683
f 2684 2632 2685
f 2685 2653 2684
f 2686 2688 2689
f 2689 2687 2686
f 2688 2635 2637
f 2637 2689 2688
f 2641 2690 2691
f 2691 2640 2641
f 2654 2691 2690
f 2636 2638 2640
f 2636 2640 2683
f 2636 2683 2682
f 2636 2682 2637
f 2633 2684 2653
f 2632 2684 2633
f 2630 2688 2686
f 2630 2686 2631
f 2629 2635 2688
f 2629 2688 2630
f 2655 2690 2641
f 2655 2641 2639
f 2654 2690 2655
f 2648 2649 2657
f 2657 2649 2692
f 2657 2692 2658
f 2658 2692 2660
f 2658 2660 2659
f 2660 2693 2661
f 2661 2693 2694
f 2661 2694 2662
f 2662 2694 2695
f 2662 2695 2666
f 2666 2695 2696
f 2696 2667 2666
f 2668 2697 2664
f 2664 2697 2645
f 2664 2645 2643
f 2648 2642 2646
f 2692 2649 2647
f 2647 2698 2692
f 2660 2692 2698
f 2698 2699 2660
f 2660 2700 2693
f 2694 2693 2700
f 2700 2701 2694
f 2695 2694 2701
f 2701 2702 2695
f 2703 2696 2695
f 2695 2702 2703
f 2667 2696 2703
f 2668 2704 2697
f 2704 2644 2645
f 2645 2697 2704
f 2646 2642 2644
f 2646 2644 2703
f 2646 2703 2702
f 2646 2702 2647
f 2769 2705 2730
f 2807 2706 2784
f 2807 2776 2706
f 2782 2706 2776
f 2894 2887 2879
f 2879 2899 2904
f 2909 2894 2879
f 2879 2999 2909
f 2879 2904 2915
f 2915 2999 2879
f 2952 2944 2999
f 2999 2948 2957
f 2961 2952 2999
f 2999 2975 2961
f 2999 2957 2966
f 2966 2975 2999
f 2970 2961 2975
f 2981 2970 2975
f 2975 3000 2981
f 2982 3000 2975
f 3012 3013 3019
f 3012 3019 3018
f 3030 3010 3002
f 3030 3002 3008
f 3010 2709 3002
f 3040 3039 2790
f 2790 3039 3006
f 2788 2712 2713
f 2788 2923 2712
f 2714 2929 2794
f 2889 2905 2714
f 2888 2889 2714
f 3042 3038 3004
f 2716 3042 3004
f 2716 2715 3035
f 2719 3035 2715
f 3046 3048 3049
f 3049 3047 3046
f 3048 3035 3050
f 3050 3049 3048
f 2719 3050 3035
f 3009 2717 2719
f 2719 3051 2718
f 3051 3052 3053
f 3053 2718 3051
f 3052 3054 3055
f 3055 3053 3052
f 2719 2710 3050
f 2723 2765 2722
f 2723 3050 2710
f 2718 2720 2721
f 2721 2719 2718
f 3037 2786 2720
f 2710 2726 2723
f 2786 3037 2711
f 2765 2723 2724
f 2726 2710 2725
f 2719 2721 2727
f 2786 2711 2775
f 2725 2729 2726
f 2725 2710 2727
f 2727 2729 2725
f 2728 2719 2727
f 2785 2730 2705
f 2842 2843 2844
f 2842 2844 2845
f 2842 2845 2846
f 2847 2842 2846
f 2847 2846 2848
f 2847 2848 2849
f 2843 2850 2851
f 2851 2844 2843
f 2850 2852 2853
f 2853 2851 2850
f 2852 2854 2855
f 2852 2855 2856
f 2852 2856 2853
f 2854 2857 2858
f 2854 2858 2859
f 2854 2859 2855
f 2860 2847 2849
f 2849 2861 2860
f 2857 2862 2863
f 2863 2858 2857
f 2864 2860 2861
f 2861 2865 2864
f 2862 2866 2867
f 2867 2863 2862
f 2868 2808 2834
f 2868 2834 2869
f 2868 2869 2870
f 2808 2864 2865
f 2808 2865 2834
f 2871 2868 2870
f 2870 2872 2871
f 2873 2871 2872
f 2872 2874 2873
f 2866 2875 2876
f 2866 2876 2877
f 2866 2877 2867
f 2875 2873 2874
f 2875 2874 2878
f 2875 2878 2876
f 2754 2755 2731
f 2731 2802 2754
f 2732 2755 2754
f 2754 2801 2732
f 2731 2756 2757
f 2757 2802 2731
f 2757 2756 2806
f 2806 2802 2757
f 2797 2802 2806
f 2733 2743 2744
f 2744 2798 2733
f 2745 2743 2732
f 2732 2801 2745
f 2734 2733 2798
f 2806 2746 2747
f 2747 2797 2806
f 2747 2746 2734
f 2734 2798 2747
f 2760 2758 2735
f 2735 2741 2760
f 2736 2761 2760
f 2760 2741 2736
f 2735 2737 2741
f 2737 2738 2741
f 2762 2741 2738
f 2797 2741 2762
f 2800 2736 2741
f 2742 2741 2797
f 2739 2748 2749
f 2749 2741 2739
f 2749 2748 2800
f 2800 2741 2749
f 2740 2739 2741
f 2741 2742 2740
f 2797 2753 2752
f 2752 2742 2797
f 2752 2750 2740
f 2740 2742 2752
f 2754 2802 2801
f 2881 2784 2706
f 2705 2764 2785
f 2763 2764 2767
f 2767 2766 2763
f 2764 2705 2768
f 2768 2767 2764
f 2724 2771 2765
f 2766 2767 2773
f 2773 2772 2766
f 2767 2768 2774
f 2774 2773 2767
f 2705 2774 2768
f 2775 2993 2786
f 2769 2730 2770
f 2770 2776 2769
f 2772 2773 2778
f 2778 2777 2772
f 2773 2774 2779
f 2779 2778 2773
f 2774 2705 2807
f 2807 2779 2774
f 2777 2778 2780
f 2780 2783 2777
f 2778 2779 2781
f 2781 2780 2778
f 2807 2781 2779
f 2776 2770 2782
f 2780 2781 2783
f 2781 2807 2784
f 2784 2783 2781
f 2713 2712 2787
f 2712 2923 2922
f 2712 2922 2787
f 2922 2910 2787
f 2714 2905 2917
f 2714 2917 2929
f 3001 2982 2789
f 2788 3006 2707
f 2775 2790 2792
f 2775 2793 2993
f 2713 2993 2793
f 2794 3038 2765
f 2967 2794 2929
f 2794 2765 2714
f 2771 2714 2765
f 3003 3001 2708
f 2789 2708 3001
f 3006 2792 2790
f 3006 2788 2792
f 2788 2713 2792
f 2713 2793 2792
f 2792 2793 2775
f 2791 3038 2794
f 2967 2977 2791
f 2791 2794 2967
f 2719 2728 2710
f 2727 2710 2728
f 2735 2758 2796
f 2796 2795 2735
f 2758 2759 2796
f 2759 2761 2736
f 2736 2796 2759
f 2737 2735 2795
f 2795 2802 2737
f 2738 2737 2802
f 2762 2738 2802
f 2797 2762 2802
f 2748 2739 2798
f 2803 2798 2739
f 2739 2740 2803
f 2751 2753 2797
f 2797 2799 2751
f 2744 2745 2798
f 2801 2798 2745
f 2798 2800 2748
f 2803 2797 2747
f 2747 2798 2803
f 2740 2750 2799
f 2799 2803 2740
f 2750 2751 2799
f 2795 2796 2801
f 2796 2736 2801
f 2802 2795 2801
f 2736 2800 2801
f 2799 2797 2803
f 2798 2801 2800
f 2731 2755 2804
f 2732 2804 2755
f 2769 2805 2705
f 2731 2806 2756
f 2807 2705 2805
f 2733 2869 2743
f 2732 2743 2869
f 2808 2776 2807
f 2806 2839 2746
f 2734 2746 2841
f 2839 2841 2746
f 2810 2809 2805
f 2812 2811 2804
f 2813 2812 2804
f 2809 2814 2805
f 2815 2813 2804
f 2804 2732 2816
f 2816 2815 2804
f 2817 2810 2805
f 2731 2804 2811
f 2811 2818 2731
f 2805 2769 2819
f 2819 2817 2805
f 2818 2820 2731
f 2821 2819 2769
f 2823 2822 2806
f 2806 2731 2820
f 2820 2823 2806
f 2824 2821 2769
f 2826 2825 2806
f 2822 2826 2806
f 2807 2805 2814
f 2814 2827 2807
f 2865 2816 2732
f 2828 2824 2769
f 2825 2829 2806
f 2827 2830 2807
f 2834 2865 2732
f 2776 2828 2769
f 2829 2831 2806
f 2869 2733 2832
f 2833 2832 2733
f 2808 2807 2830
f 2732 2869 2834
f 2733 2734 2835
f 2835 2833 2733
f 2776 2808 2868
f 2868 2836 2776
f 2837 2835 2734
f 2839 2806 2831
f 2831 2840 2839
f 2836 2838 2776
f 2841 2837 2734
f 2809 2810 2843
f 2843 2842 2809
f 2811 2812 2845
f 2845 2844 2811
f 2812 2813 2846
f 2846 2845 2812
f 2814 2809 2842
f 2842 2847 2814
f 2813 2815 2848
f 2848 2846 2813
f 2815 2816 2849
f 2849 2848 2815
f 2810 2817 2850
f 2850 2843 2810
f 2818 2811 2844
f 2844 2851 2818
f 2817 2819 2852
f 2852 2850 2817
f 2820 2818 2851
f 2851 2853 2820
f 2819 2821 2854
f 2854 2852 2819
f 2822 2823 2856
f 2856 2855 2822
f 2823 2820 2853
f 2853 2856 2823
f 2821 2824 2857
f 2857 2854 2821
f 2825 2826 2859
f 2859 2858 2825
f 2826 2822 2855
f 2855 2859 2826
f 2827 2814 2847
f 2847 2860 2827
f 2816 2865 2861
f 2861 2849 2816
f 2824 2828 2862
f 2862 2857 2824
f 2829 2825 2858
f 2858 2863 2829
f 2830 2827 2860
f 2860 2864 2830
f 2828 2776 2866
f 2866 2862 2828
f 2831 2829 2863
f 2863 2867 2831
f 2832 2833 2870
f 2870 2869 2832
f 2808 2830 2864
f 2833 2835 2872
f 2872 2870 2833
f 2836 2868 2871
f 2871 2873 2836
f 2835 2837 2874
f 2874 2872 2835
f 2776 2838 2875
f 2875 2866 2776
f 2839 2840 2877
f 2877 2876 2839
f 2840 2831 2867
f 2867 2877 2840
f 2838 2836 2873
f 2873 2875 2838
f 2837 2841 2878
f 2878 2874 2837
f 2841 2839 2876
f 2876 2878 2841
f 2881 2706 2879
f 2879 2887 2987
f 2706 2782 2880
f 2880 2879 2706
f 2998 2899 2879
f 2992 2888 2714
f 2879 2987 2881
f 2771 2882 2714
f 2910 2916 2713
f 2910 2713 2787
f 2771 2992 2714
f 2771 2714 2882
f 2880 2998 2879
f 2887 2886 2988
f 2988 2987 2887
f 2886 2885 2989
f 2989 2988 2886
f 2885 2884 2990
f 2990 2989 2885
f 2884 2883 2991
f 2883 2888 2992
f 2992 2991 2883
f 2888 2883 2890
f 2890 2889 2888
f 2883 2884 2891
f 2891 2890 2883
f 2884 2885 2892
f 2892 2891 2884
f 2885 2886 2893
f 2893 2892 2885
f 2886 2887 2894
f 2894 2893 2886
f 2889 2890 2906
f 2906 2905 2889
f 2890 2891 2907
f 2907 2906 2890
f 2892 2893 2908
f 2908 2891 2892
f 2893 2894 2909
f 2909 2908 2893
f 2713 2898 2994
f 2994 2993 2713
f 2898 2897 2995
f 2995 2994 2898
f 2897 2896 2996
f 2896 2895 2997
f 2997 2996 2896
f 2895 2899 2998
f 2998 2997 2895
f 2899 2895 2903
f 2903 2904 2899
f 2895 2896 2902
f 2902 2903 2895
f 2896 2897 2901
f 2901 2902 2896
f 2897 2898 2900
f 2900 2916 2897
f 2713 2900 2898
f 2904 2903 2914
f 2914 2915 2904
f 2903 2902 2913
f 2913 2914 2903
f 2902 2901 2912
f 2912 2913 2902
f 2900 2713 2916
f 2908 2909 2921
f 2921 2920 2908
f 2915 2914 2927
f 2927 2928 2915
f 2913 2927 2914
f 2912 2911 2924
f 2911 2910 2922
f 2922 2924 2911
f 2931 2918 2932
f 2918 2919 2933
f 2933 2932 2918
f 2919 2921 2934
f 2934 2933 2919
f 2928 2927 2939
f 2939 2940 2928
f 2927 2926 2938
f 2938 2939 2927
f 2925 2923 2935
f 2935 2936 2925
f 2788 2935 2923
f 2930 2932 2942
f 2942 2941 2930
f 2932 2933 2943
f 2943 2942 2932
f 2933 2934 2944
f 2944 2943 2933
f 2940 2939 2947
f 2947 2948 2940
f 2939 2938 2946
f 2946 2947 2939
f 2937 2946 2938
f 2936 2935 2945
f 2945 2937 2936
f 2788 2945 2935
f 2941 2942 2950
f 2950 2949 2941
f 2942 2943 2951
f 2951 2950 2942
f 2943 2944 2952
f 2952 2951 2943
f 2948 2947 2956
f 2956 2957 2948
f 2947 2946 2955
f 2955 2956 2947
f 2946 2937 2954
f 2954 2955 2946
f 2937 2945 2953
f 2953 2954 2937
f 2788 2953 2945
f 2917 2967 2929
f 2949 2950 2959
f 2959 2958 2949
f 2950 2951 2960
f 2960 2959 2950
f 2951 2952 2961
f 2961 2960 2951
f 2957 2956 2965
f 2965 2966 2957
f 2956 2955 2964
f 2964 2965 2956
f 2955 2954 2963
f 2963 2964 2955
f 2954 2953 2962
f 2962 2963 2954
f 2788 2962 2953
f 2958 2959 2968
f 2968 2978 2958
f 2959 2960 2969
f 2969 2968 2959
f 2960 2961 2970
f 2970 2969 2960
f 2966 2965 2974
f 2974 2975 2966
f 2965 2964 2973
f 2973 2974 2965
f 2964 2963 2972
f 2972 2973 2964
f 2963 2962 2971
f 2971 2972 2963
f 2788 2971 2962
f 2967 2917 2977
f 2978 2968 2979
f 2968 2969 2980
f 2980 2979 2968
f 2969 2970 2981
f 2981 2980 2969
f 2975 2974 2983
f 2983 2982 2975
f 2974 2973 2984
f 2984 2983 2974
f 2973 2972 2985
f 2985 2984 2973
f 2972 2971 2986
f 2971 2788 2707
f 2707 2986 2971
f 2921 2909 2999
f 2915 2928 2999
f 2934 2921 2999
f 2928 2940 2999
f 2944 2934 2999
f 2940 2948 2999
f 3001 3000 2982
f 2976 2981 3000
f 3000 3001 2976
f 3003 2976 3001
f 3025 3003 2708
f 2708 3026 3025
f 3073 3070 3061
f 3061 3062 3073
f 3061 3063 3064
f 3064 3062 3061
f 3063 3065 3066
f 3066 3064 3063
f 3065 3077 3075
f 3075 3066 3065
f 3014 3011 2708
f 2719 2715 3008
f 3008 3002 2719
f 2709 3009 2719
f 2719 3002 2709
f 3004 3038 2791
f 2789 3014 2708
f 3008 3025 3030
f 3007 3005 3010
f 3005 2709 3010
f 3007 3017 3033
f 3007 3033 3014
f 3010 3030 3031
f 3026 3011 3012
f 3011 3014 3013
f 3013 3012 3011
f 3018 3007 3010
f 3010 3012 3018
f 3026 3012 3029
f 3031 3012 3010
f 3024 3029 3012
f 3024 3012 3031
f 3013 3014 3033
f 3017 3016 3020
f 3020 3019 3017
f 3016 3015 3021
f 3021 3020 3016
f 3007 3021 3015
f 3023 3022 3028
f 3028 3027 3023
f 3022 3026 3029
f 3029 3028 3022
f 3007 3015 3016
f 3007 3016 3017
f 3025 3026 3022
f 3025 3022 3023
f 3025 3023 3027
f 3033 3032 3013
f 3017 3019 3032
f 3032 3033 3017
f 3019 3013 3032
f 3025 3024 3030
f 3024 3031 3030
f 2741 2742 3034
f 2742 2741 3034
f 2790 2775 3040
f 3043 2765 3038
f 2717 3036 2719
f 2711 3037 3040
f 3040 3041 2711
f 3040 2775 3041
f 2775 2711 3041
f 3043 3042 2722
f 3043 3038 3042
f 2722 2765 3043
f 3042 3044 2722
f 3042 2716 3045
f 3045 3044 3042
f 2723 2722 3044
f 3044 3045 2723
f 2716 3035 3048
f 3048 3046 2716
f 3050 2723 3047
f 3047 3049 3050
f 3051 2719 3036
f 3052 3051 3036
f 3036 2717 3054
f 3054 3052 3036
f 2720 2718 3053
f 3053 3055 2720
f 3039 3040 3057
f 3057 3056 3039
f 3037 2720 3056
f 3056 3057 3037
f 3057 3040 3037
f 2708 3059 3067
f 3026 2708 3067
f 2708 3068 3059
f 2708 3011 3069
f 3069 3068 2708
f 3058 3026 3067
f 3068 3069 3060
f 3060 3059 3068
f 3026 3058 3081
f 3081 3079 3026
f 3074 3058 3059
f 3059 3082 3074
f 3059 3060 3082
f 3062 3080 3073
f 3080 3081 3071
f 3063 3061 3058
f 3058 3074 3065
f 3065 3063 3058
f 3074 3077 3065
f 3078 3074 3082
f 3067 3059 3058
f 3070 3080 3071
f 3078 3077 3074
f 3072 3073 3080
f 3075 3076 3078
f 3081 3058 3061
f 3081 3061 3070
f 3081 3070 3071
f 3082 3060 3066
f 3082 3066 3075
f 3082 3075 3078
f 3069 3011 3026
f 3079 3080 3026
f 3080 3062 3026
f 3062 3064 3026
f 3064 3066 3026
f 3060 3026 3066
f 3060 3069 3026
f 3119 3117 3120
f 3120 3117 3101
f 3109 3116 3113
f 3102 3145 3088
f 3084 3083 3145
f 3145 3102 3084
f 3085 3084 3102
f 3086 3085 3102
f 3102 3103 3086
f 3102 3088 3103
f 3103 3088 3086
f 3120 3101 3105
f 3087 3086 3088
f 3113 3120 3105
f 3083 3087 3088
f 3113 3105 3104
f 3088 3145 3083
f 3152 3110 3111
f 3101 3089 3105
f 3152 3111 3106
f 3153 3152 3106
f 3110 3153 3106
f 3108 3089 3101
f 3101 3132 3108
f 3110 3106 3107
f 3108 3132 3109
f 3109 3112 3108
f 3112 3109 3113
f 3110 3107 3111
f 3113 3104 3112
f 3113 3115 3120
f 3114 3143 3120
f 3115 3114 3120
f 3114 3115 3131
f 3115 3113 3131
f 3131 3113 3116
f 3116 3109 3131
f 3101 3127 3132
f 3101 3117 3127
f 3117 3151 3127
f 3119 3151 3117
f 3119 3098 3151
f 3119 3120 3098
f 3121 3091 3122
f 3122 3123 3121
f 3122 3099 3123
f 3123 3098 3120
f 3121 3123 3120
f 3124 3090 3125
f 3125 3146 3124
f 3125 3100 3126
f 3126 3146 3125
f 3126 3099 3122
f 3122 3146 3126
f 3122 3091 3124
f 3124 3146 3122
f 3124 3091 3129
f 3129 3147 3124
f 3129 3120 3130
f 3130 3147 3129
f 3130 3092 3128
f 3128 3147 3130
f 3128 3090 3124
f 3124 3147 3128
f 3129 3091 3121
f 3121 3120 3129
f 3132 3127 3131
f 3130 3120 3093
f 3131 3109 3132
f 3093 3120 3133
f 3133 3120 3135
f 3135 3148 3133
f 3135 3096 3136
f 3136 3148 3135
f 3136 3095 3134
f 3134 3148 3136
f 3134 3094 3133
f 3133 3148 3134
f 3137 3096 3135
f 3135 3120 3137
f 3136 3096 3139
f 3139 3149 3136
f 3139 3140 3141
f 3141 3149 3139
f 3141 3097 3138
f 3138 3149 3141
f 3138 3095 3136
f 3136 3149 3138
f 3137 3120 3142
f 3142 3143 3144
f 3144 3140 3139
f 3139 3142 3144
f 3139 3096 3137
f 3137 3142 3139
f 3142 3120 3143
f 3150 3131 3118
f 3150 3118 3140
f 3150 3140 3144
f 3144 3131 3150
f 3143 3114 3144
f 3114 3131 3144
f 3151 3098 3123
f 3123 3099 3151
f 3151 3099 3127
f 3152 3153 3110
f 3154 3155 3180
f 3180 3196 3154
f 3154 3157 3158
f 3154 3158 3159
f 3154 3159 3160
f 3154 3160 3155
f 3157 3156 3161
f 3161 3158 3157
f 3162 3158 3161
f 3161 3163 3162
f 3165 3162 3163
f 3166 3164 3165
f 3165 3167 3166
f 3168 3166 3167
f 3167 3169 3168
f 3159 3168 3169
f 3169 3170 3159
f 3159 3170 3171
f 3171 3160 3159
f 3171 3172 3173
f 3173 3160 3171
f 3172 3174 3175
f 3175 3173 3172
f 3176 3175 3174
f 3176 3178 3179
f 3179 3177 3176
f 3178 3180 3155
f 3155 3179 3178
f 3156 3157 3154
f 3181 3163 3161
f 3161 3156 3181
f 3165 3163 3181
f 3183 3167 3165
f 3165 3182 3183
f 3184 3167 3183
f 3185 3169 3167
f 3167 3184 3185
f 3186 3169 3185
f 3187 3170 3169
f 3169 3186 3187
f 3188 3170 3187
f 3188 3171 3170
f 3189 3172 3171
f 3171 3188 3189
f 3190 3172 3189
f 3191 3174 3172
f 3172 3190 3191
f 3176 3174 3191
f 3193 3178 3176
f 3176 3192 3193
f 3194 3178 3193
f 3195 3180 3178
f 3178 3194 3195
f 3196 3180 3195
f 3198 3200 3201
f 3201 3200 3202
f 3202 3203 3201
f 3203 3202 3204
f 3204 3202 3205
f 3205 3206 3204
f 3206 3205 3207
f 3207 3205 3208
f 3208 3209 3207
f 3208 3210 3211
f 3211 3210 3212
f 3212 3227 3211
f 3213 3214 3215
f 3215 3214 3216
f 3216 3217 3215
f 3217 3216 3218
f 3218 3216 3219
f 3219 3220 3218
f 3219 3221 3222
f 3222 3221 3223
f 3223 3224 3222
f 3224 3223 3225
f 3225 3198 3224
f 3226 3227 3212
f 3212 3228 3226
f 3229 3230 3214
f 3214 3213 3229
f 3198 3225 3200
f 3229 3226 3228
f 3229 3228 3235
f 3229 3235 3236
f 3229 3236 3230
f 3202 3200 3235
f 3235 3237 3202
f 3205 3202 3237
f 3237 3238 3205
f 3208 3205 3238
f 3238 3239 3208
f 3208 3240 3210
f 3212 3210 3240
f 3240 3228 3212
f 3216 3214 3230
f 3230 3241 3216
f 3219 3216 3241
f 3241 3242 3219
f 3219 3243 3221
f 3223 3221 3243
f 3243 3244 3223
f 3225 3223 3244
f 3244 3236 3225
f 3225 3236 3235
f 3235 3200 3225
f 3287 3234 3278
f 3250 3251 3245
f 3252 3253 3251
f 3251 3250 3252
f 3254 3255 3257
f 3257 3256 3254
f 3258 3259 3261
f 3261 3260 3258
f 3262 3263 3265
f 3265 3264 3262
f 3281 3279 3231
f 3231 3279 3278
f 3294 3278 3279
f 3294 3279 3281
f 3231 3285 3232
f 3234 3233 3199
f 3234 3199 3201
f 3234 3201 3203
f 3234 3203 3232
f 3234 3232 3285
f 3234 3285 3278
f 3197 3293 3278
f 3197 3278 3281
f 3197 3281 3286
f 3197 3286 3293
f 3267 3266 3288
f 3268 3267 3288
f 3266 3268 3288
f 3289 3291 3290
f 3291 3292 3290
f 3292 3289 3290
f 3231 3278 3285
f 3231 3286 3281
f 3293 3286 3287
f 3287 3278 3293
f 3286 3231 3287
f 3294 3281 3278
f 3269 3295 3296
f 3297 3248 3298
f 3298 3269 3297
f 3299 3301 3302
f 3302 3300 3299
f 3301 3251 3253
f 3253 3302 3301
f 3257 3303 3304
f 3304 3256 3257
f 3270 3304 3303
f 3252 3254 3256
f 3252 3256 3296
f 3252 3296 3295
f 3252 3295 3253
f 3249 3297 3269
f 3248 3297 3249
f 3246 3301 3299
f 3246 3299 3247
f 3245 3251 3301
f 3245 3301 3246
f 3271 3303 3257
f 3271 3257 3255
f 3270 3303 3271
f 3264 3265 3272
f 3272 3265 3305
f 3272 3305 3273
f 3273 3305 3274
f 3273 3274 3275
f 3274 3306 3276
f 3276 3306 3307
f 3276 3307 3277
f 3277 3307 3308
f 3277 3308 3282
f 3282 3308 3309
f 3309 3283 3282
f 3284 3310 3280
f 3280 3310 3261
f 3280 3261 3259
f 3264 3258 3262
f 3305 3265 3263
f 3263 3311 3305
f 3274 3305 3311
f 3311 3312 3274
f 3274 3313 3306
f 3307 3306 3313
f 3313 3314 3307
f 3308 3307 3314
f 3314 3315 3308
f 3316 3309 3308
f 3308 3315 3316
f 3283 3309 3316
f 3284 3317 3310
f 3317 3260 3261
f 3261 3310 3317
f 3262 3258 3260
f 3262 3260 3316
f 3262 3316 3315
f 3262 3315 3263
f 3385 3318 3319
f 3388 3319 3318
f 3360 3632 3359
f 3359 3382 3360
f 3632 3361 3367
f 3360 3369 3361
f 3393 3320 3400
f 3393 3394 3320
f 3398 3320 3394
f 3507 3500 3492
f 3492 3510 3515
f 3520 3507 3492
f 3492 3515 3524
f 3559 3551 3601
f 3601 3555 3564
f 3568 3559 3601
f 3601 3321 3568
f 3601 3564 3573
f 3573 3321 3601
f 3576 3568 3321
f 3585 3576 3321
f 3321 3602 3585
f 3586 3602 3321
f 3612 3613 3618
f 3612 3618 3617
f 3631 3611 3604
f 3631 3604 3609
f 3611 3325 3604
f 3404 3610 3326
f 3402 3638 3606
f 3334 3327 3333
f 3340 3347 3384
f 3502 3516 3329
f 3501 3502 3329
f 3387 3385 3319
f 3330 3635 3605
f 3404 3633 3331
f 3642 3640 3635
f 3644 3646 3647
f 3647 3645 3644
f 3646 3633 3648
f 3648 3647 3646
f 3404 3648 3633
f 3610 3332 3326
f 3404 3649 3337
f 3649 3650 3651
f 3651 3337 3649
f 3650 3652 3653
f 3653 3651 3650
f 3336 3404 3337
f 3339 3340 3334
f 3339 3648 3338
f 3345 3335 3511
f 3340 3328 3334
f 3338 3344 3339
f 3344 3338 3341
f 3340 3339 3342
f 3341 3338 3343
f 3342 3346 3340
f 3341 3348 3344
f 3511 3530 3345
f 3340 3346 3347
f 3346 3342 3347
f 3341 3343 3349
f 3349 3348 3341
f 3343 3338 3349
f 3336 3349 3404
f 3458 3459 3460
f 3458 3460 3461
f 3458 3461 3462
f 3463 3458 3462
f 3463 3462 3464
f 3463 3464 3465
f 3459 3466 3467
f 3467 3460 3459
f 3466 3468 3469
f 3469 3467 3466
f 3468 3470 3471
f 3468 3471 3422
f 3468 3422 3469
f 3470 3472 3473
f 3470 3473 3474
f 3470 3474 3471
f 3475 3463 3465
f 3465 3476 3475
f 3472 3477 3478
f 3478 3473 3472
f 3479 3475 3476
f 3477 3480 3481
f 3481 3478 3477
f 3450 3426 3479
f 3450 3479 3482
f 3450 3482 3483
f 3484 3450 3483
f 3483 3485 3484
f 3486 3484 3485
f 3485 3487 3486
f 3480 3488 3489
f 3480 3489 3490
f 3480 3490 3481
f 3488 3486 3487
f 3488 3487 3491
f 3488 3491 3489
f 3372 3373 3420
f 3420 3417 3372
f 3350 3373 3372
f 3372 3416 3350
f 3420 3374 3375
f 3375 3417 3420
f 3375 3374 3424
f 3424 3417 3375
f 3413 3417 3424
f 3351 3363 3362
f 3362 3411 3351
f 3362 3363 3350
f 3350 3416 3362
f 3352 3351 3411
f 3424 3364 3365
f 3365 3413 3424
f 3365 3364 3352
f 3352 3411 3365
f 3416 3417 3418
f 3378 3376 3353
f 3353 3359 3378
f 3354 3379 3378
f 3378 3632 3354
f 3353 3355 3359
f 3355 3356 3359
f 3356 3383 3382
f 3382 3359 3356
f 3382 3381 3418
f 3418 3360 3382
f 3415 3354 3632
f 3418 3410 3360
f 3357 3366 3367
f 3367 3361 3357
f 3367 3366 3415
f 3415 3632 3367
f 3358 3357 3361
f 3410 3370 3369
f 3369 3360 3410
f 3369 3368 3358
f 3358 3361 3369
f 3372 3417 3416
f 3378 3359 3632
f 3494 3400 3320
f 3494 3320 3492
f 3387 3386 3385
f 3347 3390 3384
f 3386 3387 3392
f 3392 3391 3386
f 3393 3392 3387
f 3319 3393 3387
f 3388 3318 3389
f 3389 3394 3388
f 3391 3392 3396
f 3396 3395 3391
f 3393 3396 3392
f 3395 3396 3397
f 3397 3399 3395
f 3393 3397 3396
f 3394 3389 3398
f 3397 3393 3399
f 3400 3399 3393
f 3401 3531 3530
f 3401 3530 3511
f 3329 3516 3525
f 3329 3525 3535
f 3323 3401 3511
f 3511 3606 3323
f 3329 3535 3384
f 3390 3329 3384
f 3324 3624 3403
f 3403 3603 3324
f 3322 3324 3603
f 3606 3511 3402
f 3349 3338 3404
f 3353 3376 3406
f 3406 3405 3353
f 3376 3377 3406
f 3377 3379 3354
f 3354 3406 3377
f 3355 3353 3405
f 3405 3407 3355
f 3356 3355 3407
f 3407 3408 3356
f 3380 3383 3408
f 3408 3409 3380
f 3383 3356 3408
f 3418 3381 3409
f 3381 3380 3409
f 3366 3357 3411
f 3412 3411 3357
f 3357 3358 3412
f 3371 3370 3410
f 3410 3414 3371
f 3416 3411 3362
f 3411 3415 3366
f 3365 3411 3413
f 3358 3368 3414
f 3414 3412 3358
f 3368 3371 3414
f 3405 3406 3416
f 3406 3354 3416
f 3407 3405 3416
f 3416 3418 3407
f 3408 3407 3418
f 3409 3408 3418
f 3354 3415 3416
f 3418 3417 3413
f 3411 3412 3413
f 3414 3410 3413
f 3418 3413 3410
f 3411 3416 3415
f 3412 3414 3413
f 3420 3373 3419
f 3431 3419 3373
f 3350 3431 3373
f 3421 3422 3374
f 3374 3420 3421
f 3424 3374 3422
f 3319 3423 3393
f 3425 3482 3363
f 3363 3351 3425
f 3423 3426 3393
f 3350 3363 3479
f 3482 3479 3363
f 3352 3425 3351
f 3426 3394 3393
f 3424 3427 3364
f 3352 3364 3427
f 3429 3428 3319
f 3428 3432 3319
f 3431 3350 3434
f 3434 3433 3431
f 3435 3429 3319
f 3420 3419 3430
f 3430 3436 3420
f 3319 3388 3437
f 3437 3435 3319
f 3421 3420 3436
f 3436 3438 3421
f 3439 3437 3388
f 3422 3421 3440
f 3438 3440 3421
f 3441 3439 3388
f 3423 3319 3432
f 3432 3443 3423
f 3479 3434 3350
f 3444 3441 3388
f 3424 3422 3442
f 3442 3445 3424
f 3443 3446 3423
f 3394 3444 3388
f 3445 3447 3424
f 3482 3425 3448
f 3449 3448 3425
f 3426 3423 3446
f 3425 3352 3451
f 3451 3449 3425
f 3394 3426 3450
f 3450 3452 3394
f 3352 3427 3453
f 3453 3451 3352
f 3456 3455 3427
f 3427 3424 3447
f 3447 3456 3427
f 3452 3454 3394
f 3457 3453 3427
f 3455 3457 3427
f 3428 3429 3459
f 3459 3458 3428
f 3430 3419 3461
f 3461 3460 3430
f 3419 3431 3462
f 3462 3461 3419
f 3432 3428 3458
f 3458 3463 3432
f 3431 3433 3464
f 3464 3462 3431
f 3433 3434 3465
f 3465 3464 3433
f 3429 3435 3466
f 3466 3459 3429
f 3436 3430 3460
f 3460 3467 3436
f 3435 3437 3468
f 3468 3466 3435
f 3438 3436 3467
f 3467 3469 3438
f 3437 3439 3470
f 3470 3468 3437
f 3440 3438 3469
f 3469 3422 3440
f 3439 3441 3472
f 3472 3470 3439
f 3442 3422 3474
f 3474 3473 3442
f 3471 3474 3422
f 3443 3432 3463
f 3463 3475 3443
f 3434 3479 3476
f 3476 3465 3434
f 3441 3444 3477
f 3477 3472 3441
f 3445 3442 3473
f 3473 3478 3445
f 3446 3443 3475
f 3475 3479 3446
f 3444 3394 3480
f 3480 3477 3444
f 3447 3445 3478
f 3478 3481 3447
f 3448 3449 3483
f 3483 3482 3448
f 3426 3446 3479
f 3449 3451 3485
f 3485 3483 3449
f 3452 3450 3484
f 3484 3486 3452
f 3451 3453 3487
f 3487 3485 3451
f 3394 3454 3488
f 3488 3480 3394
f 3455 3456 3490
f 3490 3489 3455
f 3456 3447 3481
f 3481 3490 3456
f 3454 3452 3486
f 3486 3488 3454
f 3453 3457 3491
f 3491 3487 3453
f 3457 3455 3489
f 3489 3491 3457
f 3492 3500 3591
f 3320 3398 3493
f 3493 3492 3320
f 3600 3510 3492
f 3596 3501 3329
f 3492 3591 3494
f 3390 3495 3329
f 3390 3596 3329
f 3390 3329 3495
f 3493 3600 3492
f 3500 3499 3592
f 3592 3591 3500
f 3499 3498 3593
f 3593 3592 3499
f 3498 3497 3594
f 3594 3593 3498
f 3497 3496 3595
f 3496 3501 3596
f 3596 3595 3496
f 3501 3496 3503
f 3503 3502 3501
f 3496 3497 3504
f 3504 3503 3496
f 3497 3498 3505
f 3505 3504 3497
f 3498 3499 3506
f 3506 3505 3498
f 3499 3500 3507
f 3507 3506 3499
f 3502 3503 3517
f 3517 3516 3502
f 3503 3504 3518
f 3518 3517 3503
f 3505 3506 3519
f 3519 3504 3505
f 3506 3507 3520
f 3520 3519 3506
f 3597 3509 3598
f 3509 3508 3599
f 3599 3598 3509
f 3508 3510 3600
f 3600 3599 3508
f 3510 3508 3514
f 3514 3515 3510
f 3508 3509 3513
f 3513 3514 3508
f 3509 3597 3512
f 3512 3513 3509
f 3515 3514 3523
f 3523 3524 3515
f 3514 3513 3522
f 3522 3523 3514
f 3513 3512 3521
f 3521 3522 3513
f 3519 3520 3529
f 3529 3527 3519
f 3524 3523 3533
f 3533 3534 3524
f 3522 3533 3523
f 3536 3526 3538
f 3526 3528 3539
f 3539 3538 3526
f 3528 3529 3540
f 3540 3539 3528
f 3534 3533 3546
f 3546 3547 3534
f 3533 3543 3545
f 3545 3546 3533
f 3532 3531 3541
f 3541 3544 3532
f 3401 3541 3531
f 3537 3538 3549
f 3549 3548 3537
f 3538 3539 3550
f 3550 3549 3538
f 3539 3540 3551
f 3551 3550 3539
f 3547 3546 3554
f 3554 3555 3547
f 3546 3545 3553
f 3553 3554 3546
f 3542 3553 3545
f 3544 3541 3552
f 3552 3542 3544
f 3401 3552 3541
f 3548 3549 3557
f 3557 3556 3548
f 3549 3550 3558
f 3558 3557 3549
f 3550 3551 3559
f 3559 3558 3550
f 3555 3554 3563
f 3563 3564 3555
f 3554 3553 3562
f 3562 3563 3554
f 3553 3542 3561
f 3561 3562 3553
f 3542 3552 3560
f 3560 3561 3542
f 3401 3560 3552
f 3556 3557 3566
f 3566 3565 3556
f 3557 3558 3567
f 3567 3566 3557
f 3558 3559 3568
f 3568 3567 3558
f 3564 3563 3572
f 3572 3573 3564
f 3563 3562 3571
f 3571 3572 3563
f 3562 3561 3570
f 3570 3571 3562
f 3561 3560 3569
f 3569 3570 3561
f 3401 3569 3560
f 3565 3566 3574
f 3574 3582 3565
f 3566 3567 3575
f 3575 3574 3566
f 3567 3568 3576
f 3576 3575 3567
f 3573 3572 3580
f 3580 3321 3573
f 3572 3571 3579
f 3579 3580 3572
f 3571 3570 3578
f 3578 3579 3571
f 3570 3569 3577
f 3577 3578 3570
f 3401 3577 3569
f 3582 3574 3583
f 3574 3575 3584
f 3584 3583 3574
f 3575 3576 3585
f 3585 3584 3575
f 3321 3580 3587
f 3587 3586 3321
f 3580 3579 3588
f 3588 3587 3580
f 3579 3578 3589
f 3589 3588 3579
f 3578 3577 3590
f 3577 3401 3323
f 3323 3590 3577
f 3529 3520 3492
f 3492 3601 3529
f 3524 3534 3492
f 3540 3529 3601
f 3534 3547 3492
f 3551 3540 3601
f 3547 3555 3601
f 3601 3492 3547
f 3603 3602 3586
f 3586 3322 3603
f 3581 3585 3602
f 3602 3603 3581
f 3403 3581 3603
f 3324 3678 3624
f 3668 3666 3661
f 3661 3660 3668
f 3661 3671 3670
f 3670 3660 3661
f 3322 3678 3324
f 3404 3331 3609
f 3609 3604 3404
f 3325 3610 3404
f 3404 3604 3325
f 3605 3535 3525
f 3605 3635 3535
f 3609 3624 3631
f 3608 3607 3611
f 3607 3325 3611
f 3608 3616 3630
f 3608 3630 3322
f 3611 3631 3628
f 3631 3624 3623
f 3678 3322 3613
f 3613 3612 3678
f 3617 3608 3611
f 3611 3612 3617
f 3678 3612 3627
f 3628 3612 3611
f 3623 3627 3612
f 3623 3612 3628
f 3613 3322 3630
f 3616 3615 3619
f 3619 3618 3616
f 3615 3614 3620
f 3620 3619 3615
f 3608 3620 3614
f 3622 3621 3626
f 3626 3625 3622
f 3621 3678 3627
f 3627 3626 3621
f 3608 3614 3615
f 3608 3615 3616
f 3624 3678 3621
f 3624 3621 3622
f 3624 3622 3625
f 3630 3629 3613
f 3616 3618 3629
f 3629 3630 3616
f 3618 3613 3629
f 3623 3628 3631
f 3632 3360 3361
f 3404 3338 3648
f 3333 3327 3634
f 3634 3637 3333
f 3327 3334 3636
f 3636 3634 3327
f 3328 3636 3334
f 3384 3535 3635
f 3334 3333 3637
f 3339 3334 3637
f 3633 3330 3331
f 3337 3345 3336
f 3402 3511 3639
f 3511 3335 3639
f 3637 3634 3640
f 3634 3636 3640
f 3636 3328 3640
f 3641 3640 3328
f 3384 3635 3640
f 3640 3641 3384
f 3328 3340 3641
f 3340 3384 3641
f 3640 3642 3637
f 3635 3330 3643
f 3643 3642 3635
f 3339 3637 3642
f 3642 3643 3339
f 3330 3633 3646
f 3646 3644 3330
f 3648 3339 3645
f 3645 3647 3648
f 3649 3404 3326
f 3650 3649 3326
f 3326 3332 3652
f 3652 3650 3326
f 3345 3337 3651
f 3651 3653 3345
f 3638 3402 3655
f 3655 3654 3638
f 3335 3345 3654
f 3654 3655 3335
f 3639 3655 3402
f 3655 3639 3335
f 3324 3656 3663
f 3678 3324 3663
f 3663 3662 3678
f 3324 3664 3656
f 3324 3678 3665
f 3665 3664 3324
f 3662 3663 3657
f 3657 3658 3662
f 3664 3665 3659
f 3659 3656 3664
f 3657 3661 3675
f 3658 3657 3675
f 3675 3673 3658
f 3656 3676 3661
f 3656 3659 3677
f 3677 3676 3656
f 3660 3674 3668
f 3674 3675 3667
f 3661 3676 3669
f 3661 3669 3671
f 3676 3677 3672
f 3672 3669 3676
f 3663 3656 3661
f 3663 3661 3657
f 3666 3674 3667
f 3672 3671 3669
f 3675 3661 3666
f 3675 3666 3667
f 3677 3660 3670
f 3677 3670 3672
f 3660 3678 3662
f 3662 3658 3660
f 3658 3673 3660
f 3673 3674 3660
f 3677 3659 3660
f 3659 3665 3678
f 3678 3660 3659
f 3715 3713 3716
f 3716 3713 3697
f 3705 3712 3709
f 3698 3741 3684
f 3680 3679 3741
f 3741 3698 3680
f 3681 3680 3698
f 3682 3681 3698
f 3698 3699 3682
f 3698 3684 3699
f 3699 3684 3682
f 3716 3697 3701
f 3683 3682 3684
f 3709 3716 3701
f 3679 3683 3684
f 3709 3701 3700
f 3684 3741 3679
f 3748 3706 3707
f 3697 3685 3701
f 3748 3707 3702
f 3749 3748 3702
f 3706 3749 3702
f 3704 3685 3697
f 3697 3728 3704
f 3706 3702 3703
f 3704 3728 3705
f 3705 3708 3704
f 3708 3705 3709
f 3706 3703 3707
f 3709 3700 3708
f 3709 3711 3716
f 3710 3739 3716
f 3711 3710 3716
f 3710 3711 3727
f 3711 3709 3727
f 3727 3709 3712
f 3712 3705 3727
f 3697 3723 3728
f 3697 3713 3723
f 3713 3747 3723
f 3715 3747 3713
f 3715 3694 3747
f 3715 3716 3694
f 3717 3687 3718
f 3718 3719 3717
f 3718 3695 3719
f 3719 3694 3716
f 3717 3719 3716
f 3720 3686 3721
f 3721 3742 3720
f 3721 3696 3722
f 3722 3742 3721
f 3722 3695 3718
f 3718 3742 3722
f 3718 3687 3720
f 3720 3742 3718
f 3720 3687 3725
f 3725 3743 3720
f 3725 3716 3726
f 3726 3743 3725
f 3726 3688 3724
f 3724 3743 3726
f 3724 3686 3720
f 3720 3743 3724
f 3725 3687 3717
f 3717 3716 3725
f 3728 3723 3727
f 3726 3716 3689
f 3727 3705 3728
f 3689 3716 3729
f 3729 3716 3731
f 3731 3744 3729
f 3731 3692 3732
f 3732 3744 3731
f 3732 3691 3730
f 3730 3744 3732
f 3730 3690 3729
f 3729 3744 3730
f 3733 3692 3731
f 3731 3716 3733
f 3732 3692 3735
f 3735 3745 3732
f 3735 3736 3737
f 3737 3745 3735
f 3737 3693 3734
f 3734 3745 3737
f 3734 3691 3732
f 3732 3745 3734
f 3733 3716 3738
f 3738 3739 3740
f 3740 3736 3735
f 3735 3738 3740
f 3735 3692 3733
f 3733 3738 3735
f 3738 3716 3739
f 3746 3727 3714
f 3746 3714 3736
f 3746 3736 3740
f 3740 3727 3746
f 3739 3710 3740
f 3710 3727 3740
f 3747 3694 3719
f 3719 3695 3747
f 3747 3695 3723
f 3748 3749 3706
f 3750 3751 3776
f 3776 3793 3750
f 3750 3753 3754
f 3750 3754 3755
f 3750 3755 3756
f 3750 3756 3751
f 3753 3752 3757
f 3757 3754 3753
f 3758 3754 3757
f 3757 3759 3758
f 3761 3758 3759
f 3762 3760 3761
f 3761 3763 3762
f 3764 3762 3763
f 3763 3765 3764
f 3755 3764 3765
f 3765 3766 3755
f 3755 3766 3767
f 3767 3756 3755
f 3767 3768 3769
f 3769 3756 3767
f 3768 3770 3771
f 3771 3769 3768
f 3772 3771 3770
f 3772 3774 3775
f 3775 3773 3772
f 3774 3776 3751
f 3751 3775 3774
f 3752 3753 3750
f 3777 3759 3757
f 3757 3752 3777
f 3761 3759 3777
f 3779 3763 3761
f 3761 3778 3779
f 3780 3763 3779
f 3781 3765 3763
f 3763 3780 3781
f 3782 3765 3781
f 3783 3766 3765
f 3765 3782 3783
f 3784 3766 3783
f 3784 3767 3766
f 3786 3768 3767
f 3767 3784 3786
f 3787 3768 3786
f 3788 3770 3768
f 3768 3787 3788
f 3772 3770 3788
f 3790 3774 3772
f 3772 3789 3790
f 3791 3774 3790
f 3792 3776 3774
f 3774 3791 3792
f 3793 3776 3792
f 3797 3798 3799
f 3799 3798 3800
f 3800 3801 3799
f 3801 3800 3802
f 3802 3800 3803
f 3803 3804 3802
f 3804 3803 3805
f 3805 3803 3806
f 3806 3807 3805
f 3806 3808 3809
f 3809 3808 3810
f 3810 3825 3809
f 3811 3812 3813
f 3813 3812 3814
f 3814 3815 3813
f 3815 3814 3816
f 3816 3814 3817
f 3817 3818 3816
f 3817 3819 3820
f 3820 3819 3821
f 3821 3822 3820
f 3822 3821 3823
f 3823 3797 3822
f 3824 3825 3810
f 3810 3826 3824
f 3827 3828 3812
f 3812 3811 3827
f 3797 3823 3798
f 3827 3824 3826
f 3827 3826 3833
f 3827 3833 3834
f 3827 3834 3828
f 3800 3798 3833
f 3833 3835 3800
f 3803 3800 3835
f 3835 3836 3803
f 3806 3803 3836
f 3836 3837 3806
f 3806 3838 3808
f 3810 3808 3838
f 3838 3826 3810
f 3814 3812 3828
f 3828 3839 3814
f 3817 3814 3839
f 3839 3840 3817
f 3817 3841 3819
f 3821 3819 3841
f 3841 3842 3821
f 3823 3821 3842
f 3842 3834 3823
f 3823 3834 3833
f 3833 3798 3823
f 3794 3785 3896
f 3895 3832 3896
f 3849 3850 3844
f 3851 3852 3850
f 3850 3849 3851
f 3853 3854 3856
f 3856 3855 3853
f 3857 3858 3860
f 3860 3859 3857
f 3861 3862 3864
f 3864 3863 3861
f 3866 3894 3869
f 3883 3866 3869
f 3869 3894 3829
f 3897 3843 3894
f 3897 3894 3866
f 3829 3884 3830
f 3832 3831 3796
f 3832 3796 3799
f 3832 3799 3802
f 3832 3802 3830
f 3832 3830 3884
f 3832 3884 3896
f 3794 3896 3885
f 3795 3794 3885
f 3795 3885 3886
f 3785 3783 3795
f 3785 3795 3886
f 3785 3886 3887
f 3785 3887 3896
f 3867 3865 3888
f 3868 3867 3888
f 3865 3868 3888
f 3889 3891 3890
f 3891 3892 3890
f 3892 3889 3890
f 3883 3869 3893
f 3829 3894 3843
f 3866 3883 3843
f 3883 3893 3843
f 3829 3843 3896
f 3829 3896 3884
f 3885 3896 3843
f 3886 3885 3843
f 3887 3886 3843
f 3893 3887 3843
f 3896 3887 3895
f 3887 3893 3895
f 3897 3866 3843
f 3870 3898 3899
f 3900 3847 3901
f 3901 3870 3900
f 3902 3904 3905
f 3905 3903 3902
f 3904 3850 3852
f 3852 3905 3904
f 3856 3906 3907
f 3907 3855 3856
f 3871 3907 3906
f 3851 3853 3855
f 3851 3855 3899
f 3851 3899 3898
f 3851 3898 3852
f 3848 3900 3870
f 3847 3900 3848
f 3845 3904 3902
f 3845 3902 3846
f 3844 3850 3904
f 3844 3904 3845
f 3872 3906 3856
f 3872 3856 3854
f 3871 3906 3872
f 3863 3864 3873
f 3873 3864 3908
f 3873 3908 3874
f 3874 3908 3876
f 3874 3876 3875
f 3876 3909 3877
f 3877 3909 3910
f 3877 3910 3878
f 3878 3910 3911
f 3878 3911 3880
f 3880 3911 3912
f 3912 3881 3880
f 3882 3913 3879
f 3879 3913 3860
f 3879 3860 3858
f 3863 3857 3861
f 3908 3864 3862
f 3862 3914 3908
f 3876 3908 3914
f 3914 3915 3876
f 3876 3916 3909
f 3910 3909 3916
f 3916 3917 3910
f 3911 3910 3917
f 3917 3918 3911
f 3919 3912 3911
f 3911 3918 3919
f 3881 3912 3919
f 3882 3920 3913
f 3920 3859 3860
f 3860 3913 3920
f 3861 3857 3859
f 3861 3859 3919
f 3861 3919 3918
f 3861 3918 3862
