v 0.1520 -0.0786 -0.0053
v 0.1383 -0.0151 -0.0044
v -0.0952 -0.0904 -0.0021
v -0.0890 -0.0740 0.0432
v 0.0129 -0.0685 0.0525
v -0.0732 -0.0947 -0.0024
v -0.0732 -0.0932 -0.0029
v -0.0188 -0.0926 -0.0036
v -0.0187 -0.0941 -0.0031
v -0.0732 -0.0917 -0.0035
v -0.0188 -0.0911 -0.0042
v 0.0357 -0.0905 -0.0049
v 0.0357 -0.0920 -0.0044
v 0.0357 -0.0934 -0.0038
v 0.0181 -0.0717 0.0555
v 0.0181 -0.0703 0.0549
v -0.0270 -0.0706 0.0568
v -0.0269 -0.0721 0.0573
v 0.0180 -0.0688 0.0543
v -0.0270 -0.0691 0.0562
v -0.0720 -0.0695 0.0581
v -0.0720 -0.0709 0.0587
v -0.0720 -0.0724 0.0592
v -0.0918 -0.0691 0.0574
v -0.0968 -0.0906 -0.0023
v 0.0380 -0.0682 0.0520
v 0.0592 -0.0887 -0.0040
v -0.0982 -0.0943 -0.0017
v -0.0942 -0.0919 -0.0032
v 0.0590 -0.0935 0.0048
v 0.0354 -0.0686 0.0536
v -0.0933 -0.0754 0.0584
v -0.0721 -0.0691 0.0561
v -0.0268 -0.0687 0.0542
v -0.0721 -0.0687 0.0574
v -0.0270 -0.0684 0.0555
v 0.0181 -0.0680 0.0536
v 0.0352 -0.0889 -0.0037
v -0.0190 -0.0895 -0.0030
v 0.0355 -0.0894 -0.0049
v -0.0188 -0.0900 -0.0041
v -0.0732 -0.0906 -0.0034
v 0.0391 -0.0711 0.0540
v -0.0941 -0.0956 -0.0014
v -0.0895 -0.0692 0.0569
v -0.0894 -0.0688 0.0581
v -0.0957 -0.0906 -0.0025
v 0.0561 -0.0887 -0.0040
v 0.0589 -0.0889 -0.0045
v 0.0565 -0.0892 -0.0052
v 0.0372 -0.0680 0.0527
v -0.0732 -0.0910 -0.0037
v -0.0188 -0.0904 -0.0044
v 0.0357 -0.0898 -0.0052
v -0.0187 -0.0947 -0.0028
v -0.0732 -0.0954 -0.0021
v 0.0605 -0.0923 -0.0038
v 0.0180 -0.0681 0.0540
v -0.0270 -0.0684 0.0560
v -0.0721 -0.0688 0.0579
v -0.0269 -0.0728 0.0576
v 0.0181 -0.0724 0.0557
v -0.0942 -0.0912 -0.0034
v -0.0941 -0.0956 -0.0019
v 0.0566 -0.0896 -0.0055
v 0.0354 -0.0680 0.0533
v 0.0355 -0.0723 0.0550
v -0.0894 -0.0689 0.0586
v -0.1171 -0.0721 0.0592
v -0.1262 -0.0888 0.0015
v -0.2183 -0.0671 0.0612
v -0.1742 -0.0898 0.0008
v -0.1225 -0.0893 0.0010
v -0.1685 -0.0683 0.0589
v -0.1851 -0.0682 0.0595
v -0.1333 -0.0691 0.0552
v -0.2265 -0.0895 0.0029
v -0.1328 -0.0716 0.0594
v -0.1328 -0.0705 0.0590
v -0.1684 -0.0703 0.0605
v -0.1684 -0.0714 0.0609
v -0.1328 -0.0694 0.0586
v -0.1684 -0.0693 0.0601
v -0.2040 -0.0691 0.0616
v -0.2040 -0.0702 0.0620
v -0.2040 -0.0712 0.0624
v -0.1121 -0.0695 0.0565
v -0.2287 -0.0951 0.0055
v -0.1328 -0.0686 0.0583
v -0.1684 -0.0685 0.0598
v -0.2040 -0.0683 0.0613
v -0.1684 -0.0722 0.0612
v -0.1328 -0.0724 0.0597
v -0.2258 -0.0722 0.0624
v -0.1204 -0.0949 0.0021
v -0.2476 -0.0652 0.0822
v -0.2480 -0.0602 0.0974
v -0.2470 -0.0507 0.0951
v -0.2997 -0.1122 -0.0044
v -0.2504 -0.0926 0.0044
v -0.2489 -0.0791 0.0433
v -0.2470 -0.0287 0.0950
v -0.2472 -0.0008 0.0953
v -0.2475 0.0044 0.0961
v -0.2481 0.0000 0.0973
v -0.2474 -0.0648 0.0816
v -0.2468 -0.0591 0.0945
v -0.2470 -0.0590 0.0942
v -0.2470 -0.0506 0.0942
v -0.2468 -0.0507 0.0945
v -0.2488 -0.0785 0.0429
v -0.2469 -0.0287 0.0944
v -0.2470 -0.0287 0.0941
v -0.2471 0.0000 0.0940
v -0.2469 0.0000 0.0943
v -0.2484 -0.0157 0.0980
v -0.2787 -0.0543 0.0840
v -0.2513 -0.0963 -0.0088
v 0.0927 0.0153 0.0656
v 0.1524 0.0719 -0.0108
v -0.0954 0.0905 -0.0021
v -0.0870 0.0696 0.0555
v 0.0410 0.0732 0.0384
v -0.0732 0.0947 -0.0024
v -0.0187 0.0941 -0.0031
v -0.0188 0.0926 -0.0036
v -0.0732 0.0932 -0.0029
v 0.0357 0.0935 -0.0038
v 0.0357 0.0920 -0.0044
v 0.0357 0.0905 -0.0049
v -0.0188 0.0911 -0.0042
v -0.0732 0.0917 -0.0035
v 0.0181 0.0718 0.0555
v -0.0269 0.0721 0.0573
v -0.0270 0.0706 0.0568
v 0.0181 0.0703 0.0549
v -0.0720 0.0725 0.0592
v -0.0720 0.0710 0.0587
v -0.0720 0.0695 0.0581
v -0.0270 0.0691 0.0562
v 0.0180 0.0688 0.0543
v 0.0383 0.0730 0.0539
v -0.0957 0.0906 -0.0025
v 0.0383 0.0683 0.0518
v 0.0589 0.0890 -0.0045
v -0.0983 0.0943 -0.0016
v -0.0942 0.0919 -0.0032
v 0.0567 0.0933 -0.0041
v 0.0354 0.0687 0.0536
v 0.0553 0.0893 0.0125
v 0.0182 0.0728 0.0554
v -0.0933 0.0757 0.0584
v -0.0268 0.0688 0.0543
v -0.0721 0.0691 0.0561
v 0.0185 0.0684 0.0524
v 0.0181 0.0681 0.0536
v -0.0270 0.0684 0.0555
v -0.0721 0.0687 0.0574
v -0.0190 0.0895 -0.0030
v 0.0352 0.0889 -0.0037
v -0.0732 0.0906 -0.0034
v -0.0188 0.0900 -0.0041
v 0.0355 0.0894 -0.0049
v 0.0565 0.0892 -0.0052
v 0.0602 0.0894 -0.0049
v 0.0389 0.0699 0.0535
v 0.0356 0.0727 0.0547
v -0.0894 0.0689 0.0581
v -0.0914 0.0690 0.0579
v -0.0965 0.0908 -0.0027
v 0.0561 0.0887 -0.0040
v 0.0592 0.0888 -0.0040
v 0.0354 0.0679 0.0528
v -0.0188 0.0904 -0.0044
v -0.0732 0.0910 -0.0037
v 0.0357 0.0898 -0.0052
v -0.0187 0.0948 -0.0028
v 0.0357 0.0942 -0.0035
v -0.0732 0.0954 -0.0021
v -0.0270 0.0685 0.0560
v 0.0180 0.0681 0.0540
v -0.0721 0.0688 0.0579
v -0.0269 0.0728 0.0576
v 0.0181 0.0725 0.0557
v -0.0942 0.0912 -0.0034
v -0.0941 0.0956 -0.0019
v 0.0597 0.0939 -0.0035
v 0.0566 0.0896 -0.0055
v 0.0354 0.0680 0.0533
v 0.0355 0.0723 0.0550
v -0.0894 0.0689 0.0586
v -0.2259 0.0727 0.0623
v -0.1347 0.0881 0.0201
v -0.1741 0.0945 0.0025
v -0.2076 0.0945 0.0035
v -0.1684 0.0730 0.0607
v -0.1329 0.0731 0.0591
v -0.2276 0.0942 0.0041
v -0.1126 0.0732 0.0578
v -0.1202 0.0932 0.0018
v -0.1258 0.0886 0.0019
v -0.2188 0.0673 0.0613
v -0.1408 0.0898 -0.0002
v -0.1240 0.0894 0.0007
v -0.1741 0.0898 0.0008
v -0.2248 0.0896 0.0027
v -0.2041 0.0682 0.0604
v -0.2016 0.0688 0.0581
v -0.1685 0.0683 0.0589
v -0.1177 0.0692 0.0545
v -0.1178 0.0791 0.0285
v -0.1248 0.0897 -0.0000
v -0.2076 0.0936 0.0023
v -0.1742 0.0935 0.0013
v -0.1742 0.0924 0.0009
v -0.2076 0.0925 0.0018
v -0.1409 0.0934 0.0004
v -0.1409 0.0923 -0.0000
v -0.1409 0.0913 -0.0004
v -0.1742 0.0913 0.0005
v -0.2076 0.0914 0.0014
v -0.1328 0.0716 0.0594
v -0.1684 0.0715 0.0609
v -0.1684 0.0704 0.0605
v -0.1328 0.0705 0.0590
v -0.2040 0.0713 0.0624
v -0.2040 0.0702 0.0620
v -0.2040 0.0691 0.0616
v -0.1684 0.0693 0.0601
v -0.1328 0.0695 0.0586
v -0.1123 0.0689 0.0561
v -0.1231 0.0904 -0.0005
v -0.2287 0.0906 0.0032
v -0.1742 0.0906 0.0002
v -0.2076 0.0907 0.0011
v -0.1409 0.0905 -0.0007
v -0.1742 0.0943 0.0016
v -0.1409 0.0942 0.0007
v -0.2076 0.0943 0.0026
v -0.1684 0.0685 0.0598
v -0.1328 0.0687 0.0583
v -0.2040 0.0684 0.0613
v -0.1684 0.0722 0.0612
v -0.2039 0.0721 0.0627
v -0.1328 0.0724 0.0597
v -0.2231 0.0926 0.0020
v -0.1169 0.0706 0.0585
v -0.2484 0.0665 0.0843
v -0.2480 0.0658 0.0832
v -0.2476 0.0504 0.0964
v -0.2470 0.0508 0.0951
v -0.2474 0.0595 0.0960
v -0.2476 0.0652 0.0822
v -0.2506 0.0950 0.0055
v -0.2494 0.0810 0.0449
v -0.2492 0.0801 0.0441
v -0.2505 0.0938 0.0050
v -0.2489 0.0791 0.0433
v -0.2504 0.0926 0.0044
v -0.2480 0.0288 0.0973
v -0.2470 0.0288 0.0950
v -0.2468 0.0592 0.0945
v -0.2474 0.0648 0.0816
v -0.2468 0.0507 0.0945
v -0.2470 0.0507 0.0942
v -0.2470 0.0591 0.0942
v -0.2475 0.0647 0.0813
v -0.2484 0.0601 0.0980
v -0.2483 0.0510 0.0980
v -0.2487 0.0668 0.0849
v -0.3604 0.0077 0.0530
v -0.2488 0.0786 0.0429
v -0.2513 0.0964 -0.0089
v -0.2926 -0.0287 0.0511
v -0.2495 0.0816 0.0454
v -0.2506 0.0957 0.0058
v -0.3236 0.1026 0.0016
v -0.2469 0.0288 0.0944
v -0.2470 0.0287 0.0941
v -0.2483 0.0288 0.0980
v -0.2537 0.0588 0.0901
v -0.2515 0.1004 -0.0073
v 0.7193 -0.3165 -0.0498
v 0.7475 -0.3165 -0.0496
v 0.7476 -0.3166 -0.0482
v 0.7194 -0.3166 -0.0477
v 0.7857 -0.3165 -0.0493
v 0.7757 -0.3166 -0.0488
v 0.7758 -0.3165 -0.0482
v 0.7469 -0.3164 -0.0467
v 0.7078 -0.1561 -0.0414
v 0.7077 -0.1142 -0.0406
v 0.7079 -0.1981 -0.0421
v 0.7085 -0.1981 -0.0435
v 0.7087 -0.2845 -0.0443
v 0.7085 -0.1561 -0.0429
v 0.7085 -0.1351 -0.0426
v 0.7085 -0.1141 -0.0424
v 0.6634 -0.3155 -0.0507
v 0.6292 -0.3011 -0.0472
v 0.7857 -0.3062 -0.0486
v 0.7857 -0.2896 -0.0486
v 0.7864 -0.2896 -0.0487
v 0.7863 -0.3007 -0.0487
v 0.7863 -0.2952 -0.0487
v 0.7865 -0.3007 -0.0490
v 0.7865 -0.2896 -0.0490
v 0.7863 -0.3165 -0.0490
v 0.7865 -0.3118 -0.0490
v 0.7863 -0.3118 -0.0493
v 0.7863 -0.3007 -0.0494
v 0.7862 -0.2853 -0.0494
v 0.7856 -0.2855 -0.0495
v 0.7083 -0.1771 -0.0517
v 0.7083 -0.1981 -0.0514
v 0.7083 -0.1561 -0.0519
v 0.7083 -0.1141 -0.0525
v 0.7082 -0.0641 -0.0532
v 0.7194 -0.2848 -0.0452
v 0.7476 -0.2849 -0.0467
v 0.7476 -0.2847 -0.0482
v 0.7860 -0.2851 -0.0487
v 0.7758 -0.2848 -0.0488
v 0.7758 -0.2850 -0.0495
v 0.7334 -0.2848 -0.0500
v 0.7476 -0.2849 -0.0498
v 0.7073 -0.3165 -0.0498
v 0.7076 -0.1561 -0.0535
v 0.7075 -0.1142 -0.0542
v 0.7077 -0.1981 -0.0527
v 0.6844 -0.3164 -0.0431
v 0.5635 0.0000 -0.0477
v 0.6015 -0.2960 -0.0448
v 0.7083 -0.2850 -0.0437
v 0.7085 -0.2718 -0.0444
v 0.7088 -0.2844 -0.0473
v 0.7089 -0.2843 -0.0503
v 0.7079 -0.2719 -0.0514
v 0.7862 -0.3164 -0.0489
v 0.7857 -0.3166 -0.0489
v 0.7858 -0.2850 -0.0487
v 0.7864 -0.2850 -0.0491
v 0.7864 -0.2855 -0.0494
v 0.7857 -0.2850 -0.0494
v 0.7086 -0.2845 -0.0506
v 0.6376 -0.3088 -0.0472
v 0.7758 -0.2854 -0.0479
v 0.7476 -0.2853 -0.0461
v 0.7476 -0.3160 -0.0464
v 0.7716 -0.3160 -0.0478
v 0.7865 -0.3160 -0.0490
v 0.6730 -0.3147 -0.0491
v 0.7864 -0.2855 -0.0487
v 0.7193 -0.2852 -0.0510
v 0.7476 -0.2853 -0.0503
v 0.7097 -0.3009 -0.0523
v 0.7858 -0.2855 -0.0485
v 0.7857 -0.3160 -0.0486
v 0.7080 -0.2401 -0.0428
v 0.7085 -0.2400 -0.0440
v 0.7085 -0.0296 -0.0412
v 0.7077 -0.0722 -0.0399
v 0.7086 -0.2226 -0.0474
v 0.7084 -0.2400 -0.0508
v 0.7082 -0.0722 -0.0531
v 0.7086 -0.1062 -0.0474
v 0.7078 -0.2401 -0.0520
v 0.5889 -0.0045 -0.0543
v 0.7086 -0.0296 -0.0474
v 0.7072 -0.0268 -0.0558
v 0.7072 0.0299 -0.0557
v 0.7082 0.0378 -0.0534
v 0.7193 0.3165 -0.0498
v 0.7323 0.3166 -0.0463
v 0.7476 0.3167 -0.0482
v 0.7475 0.3165 -0.0496
v 0.7476 0.3165 -0.0469
v 0.7758 0.3165 -0.0482
v 0.7757 0.3167 -0.0488
v 0.6528 0.3120 -0.0483
v 0.5645 0.0363 -0.0361
v 0.6447 -0.3070 -0.0479
v 0.6533 0.3155 -0.0418
v 0.7085 -0.0067 -0.0413
v 0.7085 0.1561 -0.0429
v 0.7085 0.1981 -0.0435
v 0.7085 0.1771 -0.0432
v 0.7079 0.1800 -0.0418
v 0.7085 0.0296 -0.0412
v 0.7722 0.3160 -0.0479
v 0.7858 0.3001 -0.0486
v 0.7864 0.2897 -0.0487
v 0.7863 0.2952 -0.0487
v 0.7865 0.2897 -0.0490
v 0.7865 0.3008 -0.0490
v 0.7863 0.3008 -0.0487
v 0.7861 0.2853 -0.0494
v 0.7863 0.3008 -0.0494
v 0.7863 0.3119 -0.0493
v 0.7863 0.3063 -0.0494
v 0.7865 0.3119 -0.0490
v 0.7862 0.3164 -0.0489
v 0.7118 0.3077 -0.0518
v 0.7083 0.1142 -0.0525
v 0.7083 0.1771 -0.0517
v 0.7083 0.1561 -0.0519
v 0.7083 0.1981 -0.0514
v 0.7086 0.2235 -0.0474
v 0.7194 0.2848 -0.0452
v 0.7476 0.2847 -0.0482
v 0.7476 0.2849 -0.0467
v 0.7334 0.2848 -0.0500
v 0.7090 0.2846 -0.0504
v 0.7476 0.2849 -0.0498
v 0.7758 0.2850 -0.0495
v 0.7864 0.2850 -0.0491
v 0.7758 0.2850 -0.0481
v 0.7858 0.2850 -0.0487
v 0.7075 0.1150 -0.0542
v 0.7076 0.1562 -0.0535
v 0.6580 0.3138 -0.0504
v 0.7077 0.1981 -0.0527
v 0.6970 0.3165 -0.0437
v 0.7085 0.2719 -0.0444
v 0.7091 0.2846 -0.0445
v 0.7086 0.2845 -0.0506
v 0.7088 0.2845 -0.0473
v 0.7079 0.2719 -0.0514
v 0.7857 0.3165 -0.0493
v 0.7857 0.3166 -0.0489
v 0.6528 0.3078 -0.0482
v 0.7857 0.3063 -0.0486
v 0.7863 0.2853 -0.0493
v 0.7087 0.2845 -0.0443
v 0.7476 0.2854 -0.0461
v 0.7758 0.2855 -0.0479
v 0.7476 0.3160 -0.0464
v 0.7194 0.3160 -0.0448
v 0.7865 0.3160 -0.0490
v 0.7863 0.3165 -0.0490
v 0.7863 0.2853 -0.0487
v 0.7864 0.2855 -0.0487
v 0.7193 0.2853 -0.0510
v 0.7858 0.2855 -0.0485
v 0.7857 0.3160 -0.0486
v 0.7857 0.2855 -0.0495
v 0.7082 0.2851 -0.0436
v 0.7085 0.2401 -0.0440
v 0.7075 0.0095 -0.0389
v 0.7084 0.2401 -0.0508
v 0.7082 0.0722 -0.0531
v 0.7086 0.1019 -0.0474
v 0.7082 0.0000 -0.0536
v 0.7078 0.2401 -0.0520
v -0.1338 -0.9953 0.0853
v -0.1322 -0.9973 0.0880
v -0.1858 -0.9966 0.0886
v -0.1346 -0.9992 0.0909
v -0.1994 -0.9969 0.0935
v -0.2158 -0.9528 0.1022
v -0.0608 -0.9952 0.0837
v -0.1548 -0.9848 0.0899
v -0.0623 -0.9947 0.0835
v -0.2204 -0.9172 0.1100
v -0.2265 -0.8297 0.1115
v -0.2283 -0.8297 0.1083
v -0.2339 -0.7082 0.1129
v -0.2341 -0.7352 0.1089
v -0.2476 -0.4846 0.1048
v -0.1890 -0.9970 0.0895
v 0.0264 -0.6824 0.0933
v -0.0076 -0.9578 0.0962
v 0.0227 -0.7163 0.0890
v 0.0156 -0.8297 0.0921
v -0.0073 -0.9528 0.0909
v 0.0272 -0.7173 0.0909
v -0.1905 -0.9132 0.1156
v -0.2215 -0.8285 0.1143
v 0.0511 -0.1233 0.0692
v 0.0509 -0.1217 0.0676
v 0.0501 -0.1233 0.0745
v -0.0276 -0.3800 0.0914
v -0.0275 -0.4424 0.0986
v -0.0227 -0.1239 0.0650
v -0.2376 0.0446 0.1191
v 0.0453 -0.1146 0.0653
v 0.0509 -0.1233 0.0738
v -0.0276 -0.1295 0.0935
v -0.0275 -0.4799 0.0993
v -0.2476 -0.4813 0.1047
v -0.2393 -0.0065 0.0722
v 0.0490 -0.1233 0.0667
v 0.0142 -0.1233 0.0657
v -0.0108 -0.1233 0.0650
v 0.0492 -0.1155 0.0749
v -0.0499 -0.9949 0.0837
v -0.0817 -0.9952 0.0841
v -0.0823 -0.9978 0.0879
v -0.1125 -0.9986 0.0897
v -0.0287 -0.1541 0.0661
v -0.0287 -0.2172 0.0696
v -0.0286 -0.3004 0.0742
v -0.0870 -0.1684 0.0677
v -0.0281 -0.4802 0.0841
v -0.1783 -0.9946 0.0856
v -0.0279 -0.4475 0.1053
v -0.0280 -0.3837 0.1031
v -0.0297 -0.3837 0.1035
v -0.0280 -0.3005 0.1001
v -0.0298 -0.3004 0.1006
v -0.0304 -0.4815 0.1071
v -0.0278 -0.1239 0.0645
v -0.0284 -0.4475 0.0823
v -0.0284 -0.4724 0.0836
v -0.0295 -0.4842 0.0841
v -0.0287 -0.1284 0.0647
v -0.0282 -0.1312 0.0940
v -0.0281 -0.1541 0.0948
v -0.0277 -0.4802 0.1065
v -0.0272 -0.1239 0.0935
v 0.0513 -0.1231 0.0742
v -0.2438 -0.4568 0.1192
v 0.0428 -0.4805 0.0924
v 0.0157 -0.4805 0.0983
v -0.0121 -0.4805 0.1035
v 0.0430 -0.4846 0.0861
v 0.0426 -0.4805 0.0861
v 0.0518 -0.4805 0.0885
v -0.2452 -0.5514 0.1142
v 0.0513 -0.4894 0.0897
v 0.0324 -0.6217 0.0878
v 0.0442 -0.4870 0.0861
v 0.0099 -0.7213 0.0883
v -0.0900 -0.9944 0.0837
v -0.0637 -0.9941 0.0843
v -0.0823 -0.9966 0.0860
v -0.0459 -0.9958 0.0861
v -0.0273 -0.4805 0.0841
v -0.0270 -0.4799 0.0948
v -0.0160 -0.4826 0.1044
v 0.0217 -0.4843 0.0849
v 0.0154 -0.4805 0.0849
v -0.1440 -1.0002 0.0944
v -0.2073 -0.9559 0.0958
v -0.2114 -0.9569 0.1104
v -0.0223 -0.9530 0.0904
v -0.1018 -0.9985 0.0900
v -0.0785 -0.9978 0.0883
v 0.0154 -0.4799 0.0980
v -0.0273 -0.4799 0.1060
v 0.0425 -0.4799 0.0922
v 0.0515 -0.4799 0.0882
v 0.0152 -0.4799 0.0852
v -0.0127 -0.4799 0.0847
v -0.0277 -0.4799 0.0844
v -0.0278 -0.4475 0.0826
v -0.0284 -0.4792 0.0840
v -0.0285 -0.3837 0.0788
v -0.0279 -0.3836 0.0791
v -0.0280 -0.3004 0.0745
v -0.0282 -0.1311 0.0652
v -0.0281 -0.1541 0.0665
v 0.0139 -0.1239 0.0660
v 0.0390 -0.1239 0.0668
v 0.0500 -0.1239 0.0674
v 0.0511 -0.1239 0.0708
v 0.0502 -0.1239 0.0744
v -0.0269 -0.1245 0.0713
v -0.0273 -0.1240 0.0932
v -0.0276 -0.1541 0.0943
v -0.0281 -0.2172 0.0971
v -0.0275 -0.2172 0.0966
v -0.0274 -0.3005 0.0996
v -0.0277 -0.2593 0.0861
v -0.0273 -0.4728 0.1058
v -0.0273 -0.4476 0.1049
v -0.1208 -0.9990 0.0911
v -0.0303 -0.2673 0.0995
v -0.0281 -0.2172 0.0699
v -0.0274 -0.3837 0.1026
v -0.2412 -0.5868 0.1142
v -0.2398 -0.6429 0.1096
v -0.2416 -0.5839 0.1046
v -0.2347 -0.6973 0.1044
v 0.0360 -0.5832 0.0928
v 0.0390 -0.6043 0.0898
v -0.2482 0.1174 0.0899
v 0.0510 -0.0654 0.0734
v 0.0492 -0.0298 0.0749
v 0.0516 -0.0984 0.0703
v 0.0509 -0.0654 0.0672
v 0.0509 -0.0327 0.0672
v -0.0294 -0.1016 0.0934
v -0.2281 -0.5434 0.0925
v -0.2331 -0.6245 0.1174
v -0.1549 -0.6800 0.1186
v 0.0492 0.0293 0.0749
v 0.0491 0.0000 0.0662
v 0.0491 0.0655 0.0662
v 0.0509 0.0655 0.0672
v 0.0509 0.0327 0.0672
v -0.1198 0.9953 0.0850
v -0.1890 0.9970 0.0895
v -0.1838 0.9946 0.0864
v -0.2158 0.9528 0.1022
v -0.1912 1.0038 0.1113
v 0.0442 0.4870 0.0861
v -0.2122 0.9114 0.0940
v 0.0492 0.1131 0.0750
v 0.0508 0.1233 0.0678
v -0.0285 0.1179 0.0639
v -0.0277 0.2419 0.0859
v -0.0219 0.1239 0.0919
v -0.0239 0.1256 0.0792
v -0.2476 0.4846 0.1048
v -0.2389 0.5861 0.1346
v -0.0272 0.1240 0.0935
v 0.0393 0.1233 0.0775
v 0.0509 0.1233 0.0738
v -0.0103 0.1233 0.0894
v -0.0268 0.1237 0.0645
v 0.0490 0.1233 0.0667
v -0.0964 0.9952 0.0844
v -0.0663 0.9951 0.0838
v 0.0509 0.1195 0.0675
v -0.0287 0.1541 0.0661
v -0.0287 0.2173 0.0696
v -0.0304 0.3005 0.0740
v -0.0286 0.3005 0.0742
v -0.0300 0.4821 0.0840
v -0.0281 0.4802 0.0841
v -0.0279 0.4475 0.1053
v 0.0518 0.4806 0.0885
v -0.0280 0.3837 0.1031
v 0.0507 0.1187 0.0756
v -0.0280 0.3005 0.1001
v -0.0286 0.1258 0.0646
v -0.0306 0.4023 0.0796
v -0.0307 0.4704 0.0834
v -0.0444 0.4825 0.0840
v -0.0284 0.4156 0.0805
v -0.0284 0.4475 0.0823
v -0.0284 0.4724 0.0836
v -0.0281 0.1541 0.0948
v -0.0282 0.1312 0.0940
v 0.0145 0.1233 0.0835
v -0.0277 0.4802 0.1065
v 0.0271 0.4866 0.0850
v -0.1874 0.9968 0.0889
v 0.0492 0.4963 0.0910
v -0.1129 0.9797 0.0875
v -0.1067 0.9944 0.0840
v -0.1392 0.9943 0.0845
v -0.0823 0.9945 0.0836
v -0.0258 0.4789 0.0943
v -0.0278 0.4455 0.0825
v -0.0279 0.3837 0.0791
v -0.0285 0.3837 0.0788
v -0.0280 0.3005 0.0745
v -0.0281 0.1541 0.0665
v -0.0282 0.1312 0.0652
v 0.0506 0.1239 0.0675
v 0.0142 0.1239 0.0832
v -0.0108 0.1239 0.0892
v -0.0276 0.1312 0.0935
v -0.0276 0.1541 0.0943
v -0.0275 0.2173 0.0966
v -0.0281 0.2173 0.0971
v -0.0274 0.3005 0.0996
v -0.0273 0.4476 0.1049
v -0.0273 0.4728 0.1058
v -0.0303 0.3837 0.0786
v -0.0328 0.3844 0.0786
v -0.0281 0.2172 0.0699
v -0.0274 0.3837 0.1026
v 0.0510 0.0655 0.0734
v 0.0508 0.1233 0.0726
v 0.0509 0.0984 0.0672
v -0.1707 0.1511 0.0659
v 0.0491 0.1194 0.0664
v 0.0420 0.5272 0.0867
v 0.0422 0.5740 0.0894
v 0.0510 0.0000 0.0734
v 0.0516 0.0000 0.0703
v -0.5011 0.0269 -0.1370
v -0.5140 0.0270 -0.1070
v -0.4759 0.0264 -0.1186
v -0.4777 0.0120 -0.1230
v -0.4822 -0.0212 -0.1286
v -0.4819 0.0213 -0.1318
v -0.5132 0.0215 -0.1114
v -0.4819 0.0209 -0.1325
v -0.4793 -0.0208 -0.1324
v -0.5029 0.0265 -0.1082
v -0.4699 0.0265 -0.1144
v -0.5080 0.0213 -0.1127
v -0.4952 0.0213 -0.1174
v -0.5080 -0.0212 -0.1127
v -0.4952 -0.0212 -0.1174
v -0.4698 0.0268 -0.1149
v -0.4373 0.0265 -0.1211
v -0.4951 -0.0214 -0.1177
v -0.4829 -0.0212 -0.1223
v -0.4997 0.0215 -0.1160
v -0.4248 -0.0233 -0.1299
v -0.5038 0.0263 -0.1375
v -0.5157 0.0266 -0.1064
v -0.5165 0.0187 -0.1061
v -0.5164 -0.0260 -0.1063
v -0.5165 0.0000 -0.1061
v -0.5039 0.0255 -0.1390
v -0.5164 0.0266 -0.1065
v -0.5145 -0.0216 -0.1113
v -0.5130 -0.0215 -0.1116
v -0.5051 0.0214 -0.1342
v -0.5133 0.0213 -0.1111
v -0.5133 -0.0212 -0.1111
v -0.5075 0.0000 -0.1283
v -0.5052 -0.0215 -0.1341
v -0.5145 0.0216 -0.1113
v -0.5168 -0.0184 -0.1064
v -0.5168 0.0000 -0.1064
v -0.5047 -0.0231 -0.1367
v -0.5165 0.0250 -0.1079
v -0.5162 -0.0254 -0.1086
v -0.5580 0.0215 -0.0234
v -0.5600 0.1236 -0.1388
v -0.5633 0.1280 -0.1526
v -0.5571 0.0077 -0.0387
v -0.5599 0.0058 -0.0381
v -0.5482 0.0024 -0.0157
v -0.5560 0.0189 -0.0279
v -0.5590 0.1175 -0.1345
v -0.5609 0.1163 -0.1408
v -0.5607 0.1257 -0.1252
v -0.5595 0.0234 -0.0245
v -0.5558 0.0151 -0.0343
v -0.5609 0.0075 -0.0401
v -0.5582 0.0141 -0.0303
v -0.5572 -0.0212 -0.0109
v -0.5528 -0.1232 0.1045
v -0.5555 -0.1277 0.1183
v -0.5562 -0.0073 0.0043
v -0.5591 -0.0055 0.0038
v -0.5485 0.0110 -0.0312
v -0.5478 -0.0184 -0.0095
v -0.5478 -0.0024 0.0035
v -0.5468 0.0003 -0.0173
v -0.5552 -0.0184 -0.0065
v -0.5521 -0.1171 0.1001
v -0.5539 -0.1160 0.1065
v -0.5539 -0.1253 0.0909
v -0.5587 -0.0231 -0.0098
v -0.5549 -0.0146 -0.0000
v -0.5600 -0.0073 0.0058
v -0.5498 -0.0215 -0.0205
v -0.5574 -0.0137 -0.0040
v -0.5578 0.0152 0.0043
v -0.6013 -0.0049 -0.0221
v -0.5482 0.0122 -0.0359
v 0.7356 -0.0128 -0.0123
v 0.8162 -0.0032 -0.0302
v 0.8205 -0.0012 -0.0214
v 0.8173 0.0000 -0.0308
v 0.8205 0.0000 -0.0214
v 0.8152 -0.0016 -0.0905
v 0.8138 0.0000 -0.0935
v 0.8182 -0.0059 0.0859
v 0.8321 -0.0053 0.1686
v 0.8428 0.0000 0.0381
v 0.8555 0.0000 0.0719
v 0.8555 -0.0012 0.0719
v 0.8428 -0.0012 0.0381
v 0.8682 0.0000 0.1058
v 0.8682 -0.0012 0.1058
v 0.8679 -0.0022 0.1058
v 0.8551 -0.0022 0.0719
v 0.8424 -0.0021 0.0381
v 0.8973 -0.0030 0.1860
v 0.7210 -0.0075 -0.0484
v 0.7297 -0.0129 -0.0190
v 0.7266 0.0000 -0.0247
v 0.8294 0.0040 0.1774
v 0.8904 -0.0022 0.1656
v 0.8908 -0.0012 0.1656
v 0.9088 0.0000 0.2004
v 0.8908 0.0000 0.1656
v 0.7260 -0.0135 -0.0283
v 0.7302 -0.0131 -0.0190
v 0.7241 -0.0135 -0.0368
v 0.8182 -0.0036 0.2104
v 0.7117 -0.0119 -0.0834
v 0.7096 -0.0068 -0.0921
v 0.7096 0.0000 -0.0928
v 0.7096 0.0068 -0.0921
v 0.7179 -0.0135 -0.0600
v 0.8147 0.0000 -0.0896
v 0.8539 -0.0026 0.0720
v 0.8343 -0.0026 0.0203
v 0.8667 -0.0026 0.1058
v 0.8206 -0.0050 0.1860
v 0.8161 -0.0071 0.2064
v 0.8109 -0.0072 0.1959
v 0.8894 -0.0026 0.1656
v 0.8296 -0.0049 0.1767
v 0.8257 -0.0053 0.1667
v 0.7175 -0.0133 -0.0600
v 0.7087 -0.0044 -0.0934
v 0.7237 -0.0132 -0.0367
v 0.7255 -0.0132 -0.0283
v 0.7606 -0.0106 0.0401
v 0.7780 -0.0092 0.0737
v 0.7776 -0.0089 0.0738
v 0.7602 -0.0104 0.0401
v 0.7954 -0.0078 0.1074
v 0.7950 -0.0075 0.1074
v 0.8268 -0.0046 0.1799
v 0.8129 -0.0084 0.2004
v 0.7887 -0.0085 0.0922
v 0.7618 -0.0106 0.0401
v 0.8293 -0.0046 0.1766
v 0.8253 -0.0050 0.1667
v 0.8141 -0.0079 0.2034
v 0.8228 -0.0024 -0.0127
v 0.8810 0.0000 0.1396
v 0.8810 -0.0012 0.1396
v 0.8806 -0.0022 0.1396
v 0.8296 -0.0021 0.0043
v 0.8300 -0.0012 0.0042
v 0.8300 0.0000 0.0042
v 0.8124 -0.0001 0.1410
v 0.8796 -0.0026 0.1396
v 0.8128 -0.0064 0.1410
v 0.8124 -0.0061 0.1410
v 0.7427 -0.0118 0.0065
v 0.7432 -0.0121 0.0065
v 0.7445 -0.0120 0.0064
v 0.7160 0.0133 -0.0785
v 0.8209 0.0023 -0.0184
v 0.8205 0.0012 -0.0214
v 0.8170 0.0021 -0.0306
v 0.8163 0.0020 -0.0631
v 0.8144 0.0015 -0.0911
v 0.8311 0.0056 0.1483
v 0.8428 0.0012 0.0381
v 0.8555 0.0012 0.0719
v 0.8424 0.0022 0.0381
v 0.8551 0.0022 0.0719
v 0.8679 0.0022 0.1058
v 0.8682 0.0013 0.1058
v 0.8939 0.0021 0.1743
v 0.7237 0.0112 -0.0365
v 0.7255 0.0132 -0.0283
v 0.7297 0.0129 -0.0190
v 0.9005 0.0032 0.1932
v 0.8904 0.0022 0.1656
v 0.8096 -0.0018 0.1964
v 0.7241 0.0135 -0.0368
v 0.7260 0.0135 -0.0283
v 0.7367 0.0126 -0.0063
v 0.7302 0.0132 -0.0190
v 0.8179 0.0049 0.2098
v 0.7117 0.0119 -0.0834
v 0.7179 0.0136 -0.0600
v 0.8539 0.0026 0.0720
v 0.8667 0.0026 0.1058
v 0.8296 0.0050 0.1767
v 0.8129 0.0084 0.2004
v 0.9142 -0.0001 0.2048
v 0.8109 0.0073 0.1959
v 0.8894 0.0026 0.1656
v 0.8257 0.0054 0.1667
v 0.7114 0.0117 -0.0834
v 0.7175 0.0133 -0.0600
v 0.7237 0.0133 -0.0367
v 0.7606 0.0107 0.0401
v 0.7602 0.0104 0.0401
v 0.7776 0.0090 0.0738
v 0.7780 0.0093 0.0737
v 0.7950 0.0075 0.1074
v 0.7954 0.0079 0.1074
v 0.8253 0.0000 0.1667
v 0.7713 0.0099 0.0585
v 0.8253 0.0050 0.1667
v 0.8293 0.0047 0.1766
v 0.8175 0.0048 0.2099
v 0.8810 0.0013 0.1396
v 0.8806 0.0022 0.1396
v 0.8300 0.0012 0.0042
v 0.8296 0.0022 0.0043
v 0.8796 0.0026 0.1396
v 0.8350 0.0028 0.0241
v 0.8124 0.0061 0.1410
v 0.8156 -0.0023 0.2054
v 0.8128 0.0064 0.1410
v 0.7427 0.0118 0.0065
v 0.7432 0.0121 0.0065
v 0.7445 0.0121 0.0064
v 0.8018 -0.2016 -0.0498
v 0.8087 -0.1625 -0.0500
v 0.8090 -0.1625 -0.0495
v 0.8020 -0.2016 -0.0494
v 0.8157 -0.1233 -0.0503
v 0.8160 -0.1234 -0.0496
v 0.8157 -0.1233 -0.0490
v 0.8088 -0.1625 -0.0489
v 0.8018 -0.2016 -0.0489
v 0.7776 -0.0917 -0.0522
v 0.7701 -0.0355 -0.0452
v 0.7700 -0.0351 -0.0487
v 0.8141 -0.0390 -0.0481
v 0.8141 -0.0387 -0.0496
v 0.8140 -0.0390 -0.0511
v 0.8303 -0.0404 -0.0501
v 0.7097 -0.0306 -0.0536
v 0.7699 -0.0355 -0.0521
v 0.7094 -0.1980 -0.0435
v 0.7094 -0.1574 -0.0429
v 0.7092 -0.1809 -0.0474
v 0.7095 -0.1167 -0.0424
v 0.7092 -0.1167 -0.0525
v 0.7093 -0.1574 -0.0519
v 0.7093 -0.2183 -0.0511
v 0.7093 -0.1980 -0.0514
v 0.7096 -0.2842 -0.0503
v 0.7200 -0.2843 -0.0501
v 0.7482 -0.2844 -0.0498
v 0.7864 -0.2845 -0.0494
v 0.7732 -0.2848 -0.0488
v 0.7764 -0.2845 -0.0495
v 0.7686 -0.2844 -0.0477
v 0.7201 -0.2843 -0.0452
v 0.7756 -0.2835 -0.0479
v 0.7700 -0.0364 -0.0441
v 0.7263 -0.0329 -0.0406
v 0.7895 -0.2703 -0.0487
v 0.7872 -0.2846 -0.0489
v 0.7878 -0.2810 -0.0491
v 0.7897 -0.2703 -0.0491
v 0.7876 -0.2810 -0.0494
v 0.7895 -0.2703 -0.0495
v 0.8280 -0.0546 -0.0506
v 0.8306 -0.0410 -0.0506
v 0.8283 -0.0546 -0.0499
v 0.8280 -0.0546 -0.0492
v 0.7557 -0.2835 -0.0502
v 0.8139 -0.0400 -0.0516
v 0.7093 -0.2695 -0.0505
v 0.7093 -0.2842 -0.0474
v 0.7092 -0.2741 -0.0474
v 0.7095 -0.0390 -0.0414
v 0.7092 -0.0412 -0.0474
v 0.7095 -0.0310 -0.0536
v 0.7092 -0.0989 -0.0527
v 0.8080 -0.1624 -0.0487
v 0.8149 -0.1233 -0.0488
v 0.8011 -0.2015 -0.0487
v 0.7424 -0.1275 -0.0433
v 0.7099 -0.1574 -0.0415
v 0.7098 -0.1980 -0.0422
v 0.7099 -0.1168 -0.0408
v 0.7293 -0.1950 -0.0522
v 0.7096 -0.1574 -0.0534
v 0.7096 -0.1168 -0.0541
v 0.7096 -0.1980 -0.0527
v 0.8080 -0.1624 -0.0503
v 0.8011 -0.2015 -0.0500
v 0.8149 -0.1233 -0.0505
v 0.7196 -0.0310 -0.0476
v 0.7870 -0.2845 -0.0490
v 0.7094 -0.2844 -0.0449
v 0.7164 -0.2846 -0.0476
v 0.7105 -0.2695 -0.0435
v 0.7101 -0.2695 -0.0435
v 0.7101 -0.2806 -0.0436
v 0.7097 -0.0308 -0.0398
v 0.8271 -0.0545 -0.0489
v 0.8294 -0.0413 -0.0489
v 0.7889 -0.2703 -0.0496
v 0.7866 -0.2836 -0.0495
v 0.7097 -0.0316 -0.0556
v 0.7468 -0.2834 -0.0460
v 0.7879 -0.2760 -0.0486
v 0.7097 -0.2832 -0.0437
v 0.7095 -0.2832 -0.0512
v 0.7246 -0.2833 -0.0509
v 0.7461 -0.0346 -0.0542
v 0.7094 -0.0305 -0.0474
v 0.7100 -0.0335 -0.0393
v 0.8305 -0.0404 -0.0493
v 0.8280 -0.0489 -0.0509
v 0.7097 -0.2695 -0.0434
v 0.7097 -0.2806 -0.0436
v 0.8227 -0.0842 -0.0505
v 0.8230 -0.0843 -0.0498
v 0.8227 -0.0842 -0.0491
v 0.7948 -0.2407 -0.0488
v 0.7950 -0.2407 -0.0492
v 0.7948 -0.2407 -0.0496
v 0.7095 -0.0761 -0.0419
v 0.7092 -0.0989 -0.0474
v 0.7092 -0.0551 -0.0533
v 0.7093 -0.2387 -0.0509
v 0.7094 -0.2387 -0.0440
v 0.7942 -0.2407 -0.0486
v 0.8218 -0.0842 -0.0488
v 0.7100 -0.0761 -0.0401
v 0.7098 -0.2387 -0.0429
v 0.7102 -0.2387 -0.0429
v 0.7096 -0.2387 -0.0520
v 0.7096 -0.0761 -0.0548
v 0.8218 -0.0842 -0.0507
v 0.7941 -0.2407 -0.0498
v 0.7696 0.1409 -0.0456
v 0.8018 0.2016 -0.0498
v 0.8020 0.2016 -0.0494
v 0.8090 0.1625 -0.0495
v 0.8087 0.1625 -0.0500
v 0.8018 0.2016 -0.0489
v 0.8088 0.1625 -0.0489
v 0.8157 0.1234 -0.0490
v 0.8160 0.1234 -0.0496
v 0.8157 0.1234 -0.0503
v 0.7700 0.0352 -0.0487
v 0.7701 0.0355 -0.0452
v 0.7260 0.0319 -0.0532
v 0.7699 0.0355 -0.0521
v 0.8140 0.0391 -0.0511
v 0.8141 0.0388 -0.0496
v 0.8141 0.0391 -0.0481
v 0.7094 0.1981 -0.0435
v 0.7092 0.1812 -0.0474
v 0.7094 0.1574 -0.0429
v 0.7093 0.1981 -0.0514
v 0.7093 0.1574 -0.0519
v 0.7093 0.1168 -0.0525
v 0.7092 0.0965 -0.0527
v 0.7092 0.0994 -0.0474
v 0.7095 0.1168 -0.0424
v 0.7152 0.2843 -0.0502
v 0.7482 0.2847 -0.0482
v 0.7482 0.2844 -0.0498
v 0.7764 0.2845 -0.0495
v 0.7872 0.2847 -0.0489
v 0.8139 0.0400 -0.0476
v 0.7700 0.0365 -0.0441
v 0.8292 0.0428 -0.0489
v 0.7699 0.0378 -0.0441
v 0.7262 0.0342 -0.0406
v 0.7263 0.0329 -0.0406
v 0.7895 0.2704 -0.0487
v 0.7897 0.2704 -0.0491
v 0.7878 0.2811 -0.0491
v 0.7895 0.2704 -0.0495
v 0.7876 0.2811 -0.0494
v 0.8280 0.0546 -0.0506
v 0.8283 0.0546 -0.0499
v 0.8280 0.0546 -0.0492
v 0.8302 0.0413 -0.0508
v 0.7483 0.2834 -0.0504
v 0.7200 0.2833 -0.0510
v 0.7097 0.0316 -0.0556
v 0.7689 0.0364 -0.0533
v 0.8286 0.0457 -0.0510
v 0.8139 0.0400 -0.0516
v 0.7093 0.2695 -0.0505
v 0.7096 0.2843 -0.0503
v 0.7094 0.2642 -0.0443
v 0.7093 0.2845 -0.0451
v 0.7093 0.2498 -0.0507
v 0.7094 0.0306 -0.0474
v 0.7092 0.0548 -0.0533
v 0.7094 0.0310 -0.0420
v 0.8149 0.1233 -0.0488
v 0.8080 0.1624 -0.0487
v 0.8011 0.2016 -0.0487
v 0.7098 0.1981 -0.0422
v 0.7099 0.1574 -0.0415
v 0.7099 0.1168 -0.0408
v 0.7096 0.1168 -0.0541
v 0.7096 0.1574 -0.0534
v 0.7096 0.1981 -0.0527
v 0.8011 0.2016 -0.0500
v 0.8080 0.1624 -0.0503
v 0.8149 0.1233 -0.0505
v 0.8307 0.0405 -0.0495
v 0.8302 0.0405 -0.0503
v 0.7097 0.0306 -0.0536
v 0.7870 0.2846 -0.0490
v 0.7093 0.2843 -0.0474
v 0.7097 0.2833 -0.0437
v 0.7420 0.2840 -0.0458
v 0.8271 0.0545 -0.0489
v 0.7889 0.2704 -0.0496
v 0.7874 0.2789 -0.0486
v 0.7416 0.2054 -0.0516
v 0.7095 0.2833 -0.0512
v 0.7866 0.2836 -0.0495
v 0.7100 0.0413 -0.0395
v 0.7100 0.0308 -0.0394
v 0.8230 0.0843 -0.0498
v 0.8227 0.0843 -0.0505
v 0.8227 0.0843 -0.0491
v 0.7950 0.2407 -0.0492
v 0.7948 0.2407 -0.0488
v 0.7948 0.2407 -0.0496
v 0.7095 0.0761 -0.0419
v 0.7093 0.2387 -0.0509
v 0.7942 0.2407 -0.0486
v 0.8218 0.0842 -0.0488
v 0.7098 0.2387 -0.0429
v 0.7096 0.2387 -0.0520
v 0.7096 0.0762 -0.0548
v 0.8218 0.0842 -0.0507
v 0.7941 0.2407 -0.0498
v 0.0704 -0.3586 0.0787
v 0.0703 -0.3019 0.0758
v 0.0706 -0.3019 0.0784
v 0.0707 -0.3586 0.0812
v 0.0702 -0.2451 0.0728
v 0.0705 -0.2451 0.0755
v 0.0703 -0.2451 0.0783
v 0.0704 -0.3019 0.0811
v 0.0705 -0.3586 0.0838
v -0.0252 -0.4783 0.0926
v 0.0223 -0.4783 0.0888
v 0.0701 -0.4783 0.0862
v 0.0476 -0.4783 0.0926
v -0.0087 -0.4783 0.0996
v -0.0258 -0.3586 0.0973
v -0.0259 -0.2736 0.0940
v -0.0259 -0.3019 0.0951
v -0.0259 -0.2451 0.0929
v -0.0262 -0.2451 0.0803
v -0.0261 -0.3019 0.0833
v -0.0261 -0.3586 0.0863
v 0.0023 -0.1253 0.0836
v 0.0094 -0.1251 0.0768
v 0.0532 -0.1253 0.0755
v 0.0694 -0.1253 0.0666
v 0.0219 -0.1253 0.0702
v -0.0259 -0.1253 0.0775
v 0.0221 -0.1260 0.0822
v 0.0694 -0.1258 0.0738
v 0.0224 -0.4776 0.0969
v 0.0701 -0.1458 0.0676
v 0.0704 -0.1254 0.0720
v 0.0706 -0.4579 0.0886
v 0.0708 -0.4691 0.0868
v 0.0705 -0.4579 0.0839
v 0.0468 -0.4777 0.0859
v -0.0089 -0.4776 0.0898
v 0.0542 -0.1260 0.0666
v -0.0182 -0.1260 0.0710
v -0.0261 -0.1256 0.0847
v -0.0260 -0.1458 0.0891
v -0.0263 -0.2175 0.0854
v -0.0263 -0.1853 0.0771
v -0.0262 -0.4779 0.0937
v -0.0258 -0.4776 0.1019
v -0.0237 -0.2451 0.0946
v -0.0236 -0.3019 0.0967
v -0.0211 -0.2738 0.0952
v -0.0236 -0.3586 0.0987
v 0.0670 -0.3332 0.0841
v 0.0655 -0.4669 0.0906
v 0.0417 -0.1669 0.0809
v -0.0211 -0.3510 0.0836
v 0.0127 -0.4192 0.0851
v 0.0662 -0.2750 0.0738
v 0.0681 -0.3586 0.0780
v 0.0697 -0.4785 0.0899
v -0.0251 -0.4785 0.1013
v -0.0153 -0.4786 0.0961
v -0.0079 -0.4783 0.0912
v 0.0646 -0.1251 0.0703
v -0.0253 -0.1254 0.0904
v 0.0657 -0.4310 0.0821
v 0.0697 -0.1260 0.0657
v -0.0217 -0.1549 0.0728
v -0.0256 -0.1361 0.0721
v 0.0702 -0.4777 0.0904
v -0.0250 -0.4776 0.1033
v -0.0255 -0.4777 0.0911
v -0.0260 -0.1257 0.0874
v -0.0259 -0.1254 0.0748
v -0.0262 -0.1260 0.0716
v -0.0252 -0.1458 0.0913
v -0.0192 -0.1260 0.0893
v 0.0694 -0.1458 0.0667
v 0.0655 -0.1434 0.0668
v 0.0697 -0.3019 0.0821
v 0.0697 -0.3586 0.0848
v 0.0696 -0.2451 0.0794
v 0.0695 -0.3019 0.0749
v 0.0695 -0.2451 0.0719
v 0.0696 -0.3586 0.0779
v 0.0695 -0.1458 0.0747
v 0.0697 -0.4579 0.0832
v -0.0251 -0.3019 0.0970
v -0.0252 -0.2451 0.0949
v -0.0251 -0.3586 0.0990
v -0.0254 -0.3019 0.0813
v -0.0254 -0.3586 0.0844
v -0.0255 -0.2451 0.0781
v -0.0178 -0.4453 0.1010
v 0.0702 -0.1887 0.0699
v 0.0705 -0.1887 0.0727
v 0.0703 -0.1887 0.0756
v 0.0705 -0.4150 0.0865
v 0.0707 -0.4150 0.0841
v 0.0704 -0.4150 0.0816
v 0.0702 -0.4777 0.0843
v -0.0260 -0.1887 0.0907
v -0.0260 -0.4150 0.0893
v -0.0262 -0.3902 0.0933
v -0.0258 -0.4445 0.1006
v -0.0236 -0.4150 0.1008
v -0.0237 -0.1887 0.0925
v -0.0253 -0.4267 0.0882
v 0.0682 -0.4150 0.0810
v 0.0653 -0.2214 0.0710
v 0.0696 -0.1887 0.0767
v 0.0698 -0.4150 0.0875
v 0.0697 -0.4150 0.0809
v 0.0694 -0.1887 0.0690
v -0.0250 -0.4150 0.1011
v -0.0252 -0.1887 0.0928
v -0.0256 -0.1887 0.0750
v 0.0704 0.3587 0.0787
v 0.0707 0.3587 0.0812
v 0.0706 0.3019 0.0784
v 0.0703 0.3019 0.0758
v 0.0705 0.3587 0.0838
v 0.0704 0.3019 0.0811
v 0.0703 0.2452 0.0783
v 0.0705 0.2452 0.0755
v 0.0702 0.2452 0.0728
v 0.0223 0.4784 0.0888
v -0.0087 0.4784 0.0996
v 0.0476 0.4784 0.0926
v 0.0614 0.4786 0.0884
v 0.0697 0.4784 0.0850
v -0.0258 0.3587 0.0973
v -0.0262 0.3323 0.0906
v -0.0259 0.3019 0.0951
v -0.0261 0.3587 0.0863
v -0.0261 0.3019 0.0833
v -0.0262 0.2452 0.0803
v -0.0259 0.2452 0.0929
v 0.0221 0.1253 0.0711
v 0.0224 0.4777 0.0969
v 0.0701 0.1458 0.0676
v 0.0696 0.1260 0.0657
v 0.0706 0.4579 0.0886
v 0.0708 0.4661 0.0866
v 0.0705 0.4579 0.0839
v 0.0704 0.4777 0.0843
v -0.0260 0.1458 0.0891
v -0.0260 0.1260 0.0883
v -0.0263 0.1600 0.0758
v -0.0265 0.1261 0.0752
v -0.0260 0.2320 0.0924
v -0.0262 0.4779 0.0937
v -0.0255 0.4784 0.0949
v -0.0255 0.4777 0.0911
v 0.0187 0.1254 0.0827
v 0.0415 0.4778 0.0944
v -0.0189 0.4207 0.0873
v 0.0643 0.3025 0.0754
v 0.0704 0.4782 0.0898
v -0.0258 0.4780 0.0996
v -0.0251 0.4786 0.1013
v -0.0086 0.4713 0.1008
v -0.0211 0.4579 0.1020
v -0.0250 0.4777 0.1033
v -0.0235 0.4579 0.1024
v 0.0484 0.4777 0.0858
v 0.0658 0.4737 0.0843
v 0.0682 0.4579 0.0833
v -0.0256 0.1260 0.0715
v -0.0080 0.4777 0.0897
v 0.0699 0.4730 0.0902
v -0.0253 0.4381 0.0888
v 0.0704 0.1253 0.0730
v 0.0152 0.1262 0.0690
v 0.0697 0.3587 0.0848
v 0.0697 0.3019 0.0821
v 0.0696 0.2452 0.0794
v 0.0695 0.2452 0.0719
v 0.0695 0.3019 0.0749
v 0.0696 0.3587 0.0779
v 0.0698 0.4786 0.0874
v 0.0695 0.1458 0.0747
v 0.0697 0.4579 0.0832
v -0.0252 0.2452 0.0949
v -0.0251 0.3019 0.0970
v -0.0251 0.3587 0.0990
v -0.0254 0.3587 0.0844
v -0.0254 0.3019 0.0813
v -0.0255 0.2452 0.0781
v -0.0253 0.1256 0.0905
v -0.0250 0.4579 0.1026
v 0.0705 0.1887 0.0727
v 0.0702 0.1887 0.0699
v 0.0703 0.1887 0.0756
v 0.0707 0.4150 0.0841
v 0.0705 0.4150 0.0865
v 0.0704 0.4150 0.0816
v -0.0263 0.2196 0.0855
v -0.0260 0.1887 0.0907
v -0.0262 0.4150 0.0944
v -0.0260 0.4150 0.0893
v -0.0258 0.4552 0.1010
v -0.0258 0.4150 0.0995
v -0.0236 0.4150 0.1008
v 0.0682 0.4150 0.0810
v 0.0696 0.1887 0.0767
v 0.0698 0.4150 0.0875
v 0.0697 0.4150 0.0809
v 0.0694 0.1887 0.0690
v -0.0250 0.4150 0.1011
v -0.0252 0.1887 0.0928
v -0.0256 0.1887 0.0750
v -0.0153 -0.0865 -0.0967
v 0.0023 0.0004 0.0089
v -0.0544 -0.0796 -0.1266
v -0.0019 -0.0932 -0.1250
v -0.0103 -0.0335 -0.1277
v -0.0656 -0.0333 -0.1667
v -0.1101 0.0000 -0.0987
v -0.1013 0.0825 -0.1257
v 0.0168 -0.0725 0.0106
v 0.0168 0.0726 0.0106
v -0.0501 0.0000 -0.0597
v 0.0189 0.0007 0.0157
v -0.0153 0.0866 -0.0967
v -0.1046 0.0858 -0.1255
v -0.0857 0.0813 -0.1259
v -0.0965 0.0813 -0.1256
v -0.0986 0.0866 -0.1256
v -0.0262 0.0814 -0.1271
v -0.0601 0.0813 -0.1264
v -0.0105 0.0795 -0.1304
v -0.0110 0.0802 -0.1277
v -0.0208 0.0802 -0.1275
v -0.0950 0.0801 -0.1356
v -0.0107 0.0798 -0.1277
v -0.0968 0.0798 -0.1258
v -0.0849 0.0802 -0.1261
v -0.0103 0.0366 -0.1277
v -0.0600 0.0802 -0.1266
v -0.0350 0.0802 -0.1272
v -0.0245 0.0802 -0.1274
v -0.0198 0.0803 -0.1272
v -0.0956 0.0803 -0.1257
v -0.0850 0.0803 -0.1259
v -0.0600 0.0803 -0.1264
v -0.0350 0.0803 -0.1269
v -0.0030 0.0962 -0.1250
v -0.2993 0.0457 -0.0948
v -0.3004 0.0826 -0.0948
v -0.2047 0.0035 -0.0928
v -0.1871 0.0447 0.0132
v -0.2330 0.0454 -0.0634
v -0.2907 0.0826 -0.1217
v -0.2047 0.0866 -0.0928
v -0.2006 0.0099 -0.1323
v -0.2005 0.0793 -0.1510
v -0.2000 0.0795 -0.1241
v -0.2005 0.0108 -0.1519
v -0.2006 0.0108 -0.1564
v -0.1999 0.0108 -0.1245
v -0.2895 0.0424 -0.1551
v -0.2857 0.0797 -0.1492
v -0.2009 0.0801 -0.1463
v -0.2080 0.0098 -0.1236
v -0.1999 0.0793 -0.1245
v -0.2004 0.0099 -0.1245
v -0.2003 0.0098 -0.1237
v -0.2001 0.0103 -0.1237
v -0.1997 0.0134 -0.1238
v -0.1998 0.0097 -0.1235
v -0.2858 0.0102 -0.1548
v -0.2909 0.0076 -0.1381
v -0.2003 0.0802 -0.1237
v -0.2004 0.0801 -0.1245
v -0.2672 0.0552 -0.0879
v -0.1763 0.0667 -0.0869
v -0.2958 0.0484 -0.1213
v -0.1945 0.0018 -0.1236
v -0.2006 0.0788 -0.1520
v -0.2009 0.0110 -0.1572
v -0.2011 0.0099 -0.1565
v -0.2777 0.0754 -0.1525
v -0.2011 0.0230 -0.1570
v -0.2006 0.0230 -0.1568
v -0.2011 0.0450 -0.1560
v -0.2017 0.0745 -0.1539
v -0.2005 0.0670 -0.1545
v -0.2006 0.0450 -0.1558
v -0.2003 0.0670 -0.1538
v -0.2004 0.0450 -0.1551
v -0.2004 0.0134 -0.1564
v -0.2010 0.0801 -0.1505
v -0.2047 -0.0865 -0.0928
v -0.2047 -0.0034 -0.0928
v -0.2994 -0.0450 -0.0948
v -0.1773 -0.0754 -0.0840
v -0.1869 -0.0468 0.0145
v -0.2330 -0.0454 -0.0634
v -0.2003 -0.0101 -0.1319
v -0.2663 -0.0452 -0.1298
v -0.2613 -0.0805 -0.1502
v -0.1972 -0.0013 -0.1233
v -0.2086 -0.0086 -0.1572
v -0.3255 -0.0768 -0.0339
v -0.3255 -0.0355 -0.0346
v -0.3280 -0.0746 -0.0149
v -0.3286 -0.0818 -0.0148
v -0.3464 -0.0559 -0.0339
v -0.3306 -0.0724 -0.0268
v -0.3307 -0.0755 -0.0397
v -0.3340 -0.0693 -0.0342
v -0.3385 -0.0589 -0.0304
v -0.3336 -0.0558 -0.0421
v -0.3284 -0.0371 -0.0151
v -0.3317 -0.0348 -0.0336
v -0.3281 -0.0363 -0.0233
v -0.3284 -0.0300 -0.0150
v -0.3276 -0.0310 -0.0398
v -0.3385 -0.0507 -0.0329
v -0.3385 -0.0529 -0.0304
v -0.3385 -0.0559 -0.0299
v -0.3287 -0.0520 -0.0164
v -0.3387 -0.0600 -0.0319
v -0.3387 -0.0555 -0.0299
v -0.3389 -0.0559 -0.0360
v -0.3424 -0.0574 -0.0379
v -0.3467 -0.0552 -0.0327
v -0.3388 -0.0554 -0.0329
v -0.3265 0.0742 -0.0147
v -0.3267 0.0799 -0.0410
v -0.3255 0.0764 -0.0346
v -0.3280 0.0614 -0.0342
v -0.3281 0.0566 -0.0323
v -0.3317 0.0768 -0.0337
v -0.3362 0.0623 -0.0339
v -0.3293 0.0801 -0.0399
v -0.3457 0.0555 -0.0361
v -0.3284 0.0585 -0.0319
v -0.3285 0.0623 -0.0335
v -0.3271 0.0775 -0.0325
v -0.3298 0.0742 -0.0147
v -0.3290 0.0816 -0.0145
v -0.3387 0.0604 -0.0396
v -0.3367 0.0628 -0.0371
v -0.3385 0.0599 -0.0311
v -0.3385 0.0607 -0.0326
v -0.3384 0.0599 -0.0307
v -0.3275 0.0552 -0.0145
v -0.3255 0.0351 -0.0339
v -0.3298 0.0377 -0.0147
v -0.3317 0.0310 -0.0154
v -0.3289 0.0383 -0.0149
v -0.3266 0.0355 -0.0338
v -0.3277 0.0343 -0.0321
v -0.3307 0.0367 -0.0399
v -0.3385 0.0544 -0.0302
v -0.3375 0.0586 -0.0300
v -0.3339 0.0425 -0.0340
v -0.3248 0.0308 -0.0391
v -0.3279 0.0732 -0.0149
v -0.3261 0.0368 -0.0143
v -0.3287 0.0498 -0.0331
v -0.3389 0.0617 -0.0357
v -0.3464 0.0564 -0.0325
v -0.3389 0.0545 -0.0352
v -0.3389 0.0555 -0.0356
v -0.3411 0.0563 -0.0386
v -0.3362 0.0559 -0.0413
v -0.3389 0.0504 -0.0327
v -0.2199 -0.1739 -0.0951
v -0.2162 -0.1739 -0.0951
v -0.1951 -0.2961 -0.0233
v -0.1996 -0.2961 -0.0232
v -0.2125 -0.1739 -0.0952
v -0.1905 -0.2961 -0.0234
v -0.1687 -0.4192 0.0492
v -0.1741 -0.4192 0.0493
v -0.1796 -0.4192 0.0494
v -0.2360 -0.1178 -0.1256
v -0.1592 -0.4187 0.0492
v -0.1825 -0.2958 -0.0231
v -0.1814 -0.2952 -0.0219
v -0.1578 -0.4173 0.0501
v -0.2061 -0.1739 -0.0949
v -0.2053 -0.1738 -0.0934
v -0.2055 -0.1735 -0.0911
v -0.1815 -0.2943 -0.0201
v -0.1578 -0.4153 0.0513
v -0.1752 -0.4833 0.0857
v -0.1499 -0.4631 0.0772
v -0.1499 -0.4599 0.0778
v -0.1687 -0.4114 0.0541
v -0.1741 -0.4114 0.0542
v -0.1796 -0.4114 0.0543
v -0.1891 -0.4118 0.0542
v -0.1905 -0.4133 0.0532
v -0.1842 -0.4566 0.0791
v -0.1905 -0.4153 0.0520
v -0.1843 -0.4599 0.0785
v -0.1827 -0.4537 0.0801
v -0.2136 -0.1143 -0.1135
v -0.2335 -0.1075 -0.1114
v -0.2152 -0.1251 -0.1235
v -0.2332 -0.1298 -0.1202
v -0.2264 -0.1739 -0.0944
v -0.2274 -0.1738 -0.0929
v -0.2338 -0.1331 -0.1144
v -0.1953 -0.2921 -0.0156
v -0.1999 -0.2921 -0.0155
v -0.1908 -0.2921 -0.0157
v -0.2131 -0.1727 -0.0851
v -0.2168 -0.1727 -0.0851
v -0.2205 -0.1727 -0.0850
v -0.2144 -0.1299 -0.1132
v -0.2142 -0.1299 -0.1165
v -0.2156 -0.1202 -0.1122
v -0.2066 -0.1728 -0.0860
v -0.2056 -0.1731 -0.0883
v -0.1578 -0.4133 0.0525
v -0.1498 -0.4566 0.0784
v -0.1512 -0.4584 0.0822
v -0.1513 -0.4541 0.0788
v -0.1905 -0.4173 0.0508
v -0.1843 -0.4631 0.0779
v -0.1891 -0.4187 0.0499
v -0.1828 -0.4656 0.0775
v -0.1895 -0.4795 0.0854
v -0.2359 -0.1206 -0.1114
v -0.2090 -0.2932 -0.0175
v -0.2089 -0.2943 -0.0195
v -0.2079 -0.2924 -0.0159
v -0.2269 -0.1728 -0.0856
v -0.2277 -0.1731 -0.0879
v -0.2459 -0.1087 -0.1003
v -0.1448 -0.4790 0.0845
v -0.2036 -0.1092 -0.1010
v -0.2140 -0.1299 -0.1190
v -0.2076 -0.2958 -0.0226
v -0.2088 -0.2952 -0.0213
v -0.1828 -0.2924 -0.0164
v -0.1816 -0.2932 -0.0181
v -0.2088 -0.1739 -0.0953
v -0.1859 -0.2961 -0.0235
v -0.1632 -0.4192 0.0490
v -0.1850 -0.4192 0.0495
v -0.2042 -0.2961 -0.0231
v -0.2236 -0.1739 -0.0950
v -0.1850 -0.4114 0.0544
v -0.2228 -0.0985 -0.1377
v -0.1633 -0.4114 0.0540
v -0.1862 -0.2921 -0.0158
v -0.2094 -0.1727 -0.0852
v -0.2242 -0.1727 -0.0849
v -0.2045 -0.2921 -0.0154
v -0.2326 -0.1296 -0.1090
v -0.1498 -0.4621 0.0822
v -0.1504 -0.4748 0.0831
v -0.1502 -0.4712 0.0807
v -0.1844 -0.4621 0.0791
v -0.1828 -0.4587 0.0831
v -0.1497 -0.4626 0.0826
v -0.1482 -0.4528 0.0840
v -0.1877 -0.4559 0.0839
v -0.2199 0.1740 -0.0951
v -0.1996 0.2961 -0.0232
v -0.1951 0.2961 -0.0233
v -0.2162 0.1740 -0.0951
v -0.1796 0.4192 0.0494
v -0.1741 0.4192 0.0493
v -0.1687 0.4192 0.0492
v -0.1905 0.2961 -0.0234
v -0.2125 0.1740 -0.0952
v -0.2372 0.1152 -0.1267
v -0.1592 0.4187 0.0493
v -0.1578 0.4173 0.0501
v -0.1814 0.2952 -0.0219
v -0.1825 0.2959 -0.0231
v -0.1578 0.4153 0.0513
v -0.1815 0.2943 -0.0201
v -0.2055 0.1736 -0.0911
v -0.2053 0.1738 -0.0934
v -0.2061 0.1739 -0.0949
v -0.1499 0.4632 0.0772
v -0.1498 0.4621 0.0822
v -0.1499 0.4599 0.0778
v -0.1687 0.4114 0.0541
v -0.1741 0.4114 0.0542
v -0.1796 0.4114 0.0543
v -0.1891 0.4119 0.0542
v -0.1842 0.4566 0.0791
v -0.1905 0.4134 0.0532
v -0.1843 0.4599 0.0785
v -0.1905 0.4153 0.0520
v -0.1465 0.4544 0.0844
v -0.2397 0.1092 -0.1063
v -0.2156 0.1203 -0.1122
v -0.2087 0.1022 -0.1287
v -0.2149 0.1188 -0.1249
v -0.2332 0.1298 -0.1202
v -0.2338 0.1331 -0.1144
v -0.2274 0.1738 -0.0929
v -0.2264 0.1739 -0.0944
v -0.1999 0.2922 -0.0155
v -0.1953 0.2922 -0.0156
v -0.2205 0.1727 -0.0850
v -0.2168 0.1727 -0.0851
v -0.2131 0.1727 -0.0851
v -0.1908 0.2922 -0.0157
v -0.2142 0.1300 -0.1165
v -0.2144 0.1300 -0.1132
v -0.2056 0.1732 -0.0883
v -0.2066 0.1728 -0.0860
v -0.2156 0.1212 -0.1121
v -0.1498 0.4566 0.0784
v -0.1578 0.4134 0.0525
v -0.1513 0.4542 0.0788
v -0.1512 0.4563 0.0805
v -0.1843 0.4632 0.0779
v -0.1905 0.4173 0.0508
v -0.1828 0.4656 0.0775
v -0.1891 0.4187 0.0499
v -0.2089 0.2943 -0.0195
v -0.2090 0.2933 -0.0175
v -0.2277 0.1732 -0.0879
v -0.2269 0.1728 -0.0856
v -0.2079 0.2925 -0.0159
v -0.2262 0.0964 -0.1364
v -0.2019 0.1030 -0.1287
v -0.2477 0.0993 -0.1315
v -0.2048 0.1079 -0.1020
v -0.2162 0.1280 -0.1222
v -0.2140 0.1299 -0.1190
v -0.2088 0.2952 -0.0213
v -0.2076 0.2959 -0.0226
v -0.1816 0.2933 -0.0181
v -0.1828 0.2925 -0.0164
v -0.2343 0.1285 -0.1106
v -0.1859 0.2961 -0.0235
v -0.2088 0.1740 -0.0953
v -0.1632 0.4192 0.0490
v -0.2042 0.2961 -0.0231
v -0.1850 0.4192 0.0495
v -0.2236 0.1740 -0.0950
v -0.1695 0.4775 0.0811
v -0.1850 0.4114 0.0544
v -0.1823 0.4538 0.0801
v -0.1828 0.4588 0.0831
v -0.1512 0.4584 0.0822
v -0.2346 0.1209 -0.1113
v -0.1862 0.2922 -0.0158
v -0.1633 0.4114 0.0540
v -0.2094 0.1727 -0.0852
v -0.2045 0.2922 -0.0154
v -0.2242 0.1727 -0.0849
v -0.1500 0.4687 0.0829
v -0.1511 0.4588 0.0825
v -0.1888 0.4828 0.0858
v -0.1448 0.4799 0.0847
v -0.1864 0.4540 0.0839
v -0.2445 0.1092 -0.0994
v -0.1251 0.1680 -0.1618
v -0.0984 0.1368 -0.1408
v -0.1231 0.1092 -0.1011
v -0.1354 0.1012 -0.1138
v -0.0885 0.1086 -0.1049
v -0.0803 0.0932 -0.1325
v -0.0970 0.0921 -0.1471
v -0.1074 0.1421 -0.1504
v -0.0870 0.1032 -0.1216
v -0.1271 0.1008 -0.1318
v -0.1320 0.1003 -0.1332
v -0.1263 0.1181 -0.1369
v -0.0983 -0.1686 -0.1621
v -0.1070 -0.1095 -0.1054
v -0.0865 -0.0986 -0.1323
v -0.0948 -0.1111 -0.1417
v -0.0921 -0.1153 -0.1359
v -0.1278 -0.1137 -0.1172
v -0.1225 -0.1189 -0.1193
v -0.1074 -0.1194 -0.1180
v -0.1074 -0.1197 -0.1183
v -0.0927 -0.1191 -0.1202
v -0.0926 -0.1189 -0.1199
v -0.0866 -0.1102 -0.1126
v -0.0882 -0.1174 -0.1249
v -0.0881 -0.1172 -0.1248
v -0.1215 -0.1317 -0.1406
v -0.0868 -0.1075 -0.1017
v -0.1340 -0.1065 -0.1220
v -0.1269 -0.1084 -0.1102
v -0.0900 -0.1088 -0.1075
v -0.0827 -0.0924 -0.1384
v -0.1329 -0.1057 -0.1046
v -0.1272 -0.0995 -0.1352
v -0.0849 -0.1067 -0.1144
v -0.1304 -0.0931 -0.1379
v -0.1034 -0.1409 -0.1508
v -0.1298 -0.1014 -0.1318
v -0.0928 -0.1192 -0.1203
v -0.0908 -0.1213 -0.1235
v -0.0883 -0.1056 -0.1356
v -0.0883 -0.1175 -0.1250
v -0.1120 -0.2222 -0.2037
v -0.1131 -0.2221 -0.2117
v -0.1195 -0.2181 -0.2195
v -0.1288 -0.2231 -0.2216
v -0.1089 -0.2220 -0.2131
v -0.1141 -0.2220 -0.2172
v -0.1186 -0.2233 -0.2278
v -0.1188 -0.2236 -0.2278
v -0.1242 -0.2234 -0.2255
v -0.1187 -0.2238 -0.2276
v -0.1287 -0.2235 -0.2218
v -0.1193 -0.2224 -0.2182
v -0.1242 -0.2225 -0.2108
v -0.1182 -0.2220 -0.2051
v -0.0977 -0.2222 -0.1977
v -0.1050 -0.2222 -0.1917
v -0.1111 -0.2222 -0.1895
v -0.1128 -0.2240 -0.1890
v -0.1200 -0.2224 -0.1897
v -0.1313 -0.2240 -0.1961
v -0.1309 -0.2222 -0.1958
v -0.1356 -0.2224 -0.2043
v -0.1362 -0.2222 -0.2142
v -0.1348 -0.2222 -0.2190
v -0.1308 -0.2224 -0.2252
v -0.1253 -0.2222 -0.2294
v -0.1174 -0.2222 -0.2320
v -0.1102 -0.2224 -0.2314
v -0.1039 -0.2222 -0.2287
v -0.0972 -0.2222 -0.2226
v -0.0995 -0.2240 -0.1960
v -0.1356 -0.2240 -0.2055
v -0.0959 -0.2242 -0.2251
v -0.0938 -0.2224 -0.2084
v -0.0938 -0.2223 -0.2071
v -0.0956 -0.2223 -0.2011
v -0.0980 -0.2223 -0.1972
v -0.1011 -0.2223 -0.1940
v -0.1049 -0.2223 -0.1914
v -0.1113 -0.2223 -0.1893
v -0.1181 -0.2223 -0.1890
v -0.1249 -0.2226 -0.1915
v -0.1225 -0.2223 -0.1901
v -0.1266 -0.2223 -0.1921
v -0.1302 -0.2223 -0.1949
v -0.1331 -0.2223 -0.1983
v -0.1359 -0.2223 -0.2045
v -0.1365 -0.2226 -0.2095
v -0.1369 -0.2223 -0.2101
v -0.1365 -0.2223 -0.2141
v -0.1341 -0.2239 -0.2208
v -0.1347 -0.2223 -0.2200
v -0.1307 -0.2223 -0.2255
v -0.1254 -0.2223 -0.2297
v -0.1212 -0.2223 -0.2314
v -0.1167 -0.2223 -0.2322
v -0.1100 -0.2223 -0.2315
v -0.1037 -0.2223 -0.2290
v -0.1001 -0.2223 -0.2262
v -0.0972 -0.2223 -0.2227
v -0.0945 -0.2223 -0.2171
v -0.0943 -0.2226 -0.2154
v -0.0935 -0.2223 -0.2121
v -0.1177 -0.2221 -0.2055
v -0.1184 -0.2220 -0.2160
v -0.1205 -0.2242 -0.2315
v -0.1286 -0.2238 -0.2216
v -0.1359 -0.2239 -0.2057
v -0.1212 -0.2222 -0.2140
v -0.1177 -0.2239 -0.1932
v -0.1157 -0.1956 -0.2095
v -0.0961 -0.1935 -0.1997
v -0.0937 -0.1952 -0.2081
v -0.1027 -0.1953 -0.1930
v -0.1158 -0.1953 -0.1890
v -0.1242 -0.1953 -0.1910
v -0.1334 -0.1955 -0.1993
v -0.1367 -0.1955 -0.2108
v -0.1061 -0.1955 -0.2301
v -0.0969 -0.1955 -0.2218
v -0.0937 -0.1951 -0.2124
v -0.1328 -0.1935 -0.1973
v -0.1348 -0.1934 -0.2189
v -0.0936 -0.1954 -0.2076
v -0.0935 -0.1954 -0.2121
v -0.0947 -0.1954 -0.2032
v -0.0967 -0.1954 -0.1991
v -0.1029 -0.1954 -0.1926
v -0.0995 -0.1954 -0.1955
v -0.1077 -0.1950 -0.1904
v -0.1069 -0.1954 -0.1904
v -0.1113 -0.1954 -0.1892
v -0.1158 -0.1954 -0.1888
v -0.1246 -0.1954 -0.1910
v -0.1203 -0.1954 -0.1895
v -0.1288 -0.1950 -0.1940
v -0.1284 -0.1954 -0.1934
v -0.1330 -0.1954 -0.1984
v -0.1368 -0.1954 -0.2090
v -0.1360 -0.1954 -0.2045
v -0.1367 -0.1954 -0.2135
v -0.1332 -0.1951 -0.2221
v -0.1356 -0.1954 -0.2179
v -0.1336 -0.1954 -0.2220
v -0.1274 -0.1954 -0.2285
v -0.1308 -0.1954 -0.2256
v -0.1200 -0.1952 -0.2315
v -0.1234 -0.1954 -0.2307
v -0.1190 -0.1954 -0.2319
v -0.1145 -0.1954 -0.2323
v -0.1057 -0.1954 -0.2301
v -0.1100 -0.1954 -0.2317
v -0.1014 -0.1950 -0.2270
v -0.1018 -0.1954 -0.2277
v -0.0973 -0.1954 -0.2227
v -0.0943 -0.1954 -0.2166
v -0.1182 -0.1957 -0.2051
v -0.1215 -0.1957 -0.2105
v -0.1185 -0.1957 -0.2160
v -0.1134 -0.1934 -0.1900
v -0.1119 -0.1957 -0.2052
v -0.1089 -0.1957 -0.2107
v -0.0971 -0.1934 -0.2220
v -0.1121 -0.1957 -0.2162
v -0.1177 -0.1940 -0.2315
v -0.0965 -0.1950 -0.1998
v -0.1280 -0.1952 -0.2279
v -0.1127 -0.1951 -0.2318
v -0.1162 0.2191 -0.2013
v -0.0998 0.2206 -0.1946
v -0.0938 0.2187 -0.2083
v -0.1029 0.2189 -0.1928
v -0.1244 0.2189 -0.1910
v -0.1366 0.2187 -0.2087
v -0.1335 0.2191 -0.2218
v -0.1274 0.2189 -0.2283
v -0.1061 0.2187 -0.2301
v -0.0937 0.2191 -0.2124
v -0.0988 0.2204 -0.2254
v -0.0936 0.2188 -0.2076
v -0.0935 0.2188 -0.2121
v -0.0947 0.2188 -0.2032
v -0.0967 0.2188 -0.1991
v -0.1029 0.2188 -0.1926
v -0.0995 0.2188 -0.1955
v -0.1069 0.2188 -0.1904
v -0.1113 0.2188 -0.1892
v -0.1158 0.2188 -0.1888
v -0.1246 0.2188 -0.1910
v -0.1203 0.2188 -0.1895
v -0.1319 0.2190 -0.1972
v -0.1284 0.2188 -0.1934
v -0.1317 0.2188 -0.1965
v -0.1343 0.2188 -0.2003
v -0.1368 0.2188 -0.2090
v -0.1360 0.2188 -0.2045
v -0.1363 0.2192 -0.2141
v -0.1367 0.2188 -0.2135
v -0.1356 0.2188 -0.2179
v -0.1336 0.2188 -0.2220
v -0.1274 0.2188 -0.2285
v -0.1308 0.2188 -0.2256
v -0.1234 0.2188 -0.2307
v -0.1167 0.2188 -0.2321
v -0.1057 0.2188 -0.2301
v -0.1100 0.2188 -0.2317
v -0.1018 0.2188 -0.2277
v -0.0973 0.2189 -0.2225
v -0.0973 0.2188 -0.2227
v -0.0943 0.2188 -0.2166
v -0.1240 0.2189 -0.2099
v -0.1279 0.2207 -0.1928
v -0.1089 0.2185 -0.2107
v -0.1119 0.2185 -0.2052
v -0.1182 0.2185 -0.2051
v -0.1151 0.2186 -0.2111
v -0.1121 0.2185 -0.2162
v -0.1185 0.2185 -0.2160
v -0.0967 0.2191 -0.1993
v -0.1149 0.2189 -0.1890
v -0.1350 0.2190 -0.2025
v -0.1165 0.2198 -0.2314
v -0.1381 0.2208 -0.2206
v -0.1122 0.1918 -0.2023
v -0.1160 0.1922 -0.2072
v -0.1090 0.1922 -0.2129
v -0.1105 0.1918 -0.2179
v -0.1192 0.1918 -0.2183
v -0.1239 0.1918 -0.2110
v -0.1163 0.1922 -0.2041
v -0.0960 0.1920 -0.2008
v -0.0995 0.1918 -0.1959
v -0.1050 0.1920 -0.1917
v -0.1111 0.1920 -0.1895
v -0.1156 0.1899 -0.1891
v -0.1200 0.1918 -0.1897
v -0.1309 0.1920 -0.1958
v -0.1356 0.1918 -0.2043
v -0.1362 0.1920 -0.2142
v -0.1348 0.1920 -0.2190
v -0.1308 0.1918 -0.2252
v -0.1253 0.1920 -0.2294
v -0.1174 0.1920 -0.2320
v -0.1102 0.1918 -0.2314
v -0.1039 0.1920 -0.2287
v -0.1114 0.1901 -0.2326
v -0.0972 0.1920 -0.2226
v -0.0941 0.1901 -0.2165
v -0.0937 0.1918 -0.2092
v -0.0938 0.1919 -0.2071
v -0.0956 0.1919 -0.2011
v -0.0996 0.1919 -0.1956
v -0.1049 0.1919 -0.1914
v -0.1113 0.1919 -0.1893
v -0.1181 0.1919 -0.1890
v -0.1249 0.1916 -0.1915
v -0.1225 0.1919 -0.1901
v -0.1266 0.1919 -0.1921
v -0.1302 0.1919 -0.1949
v -0.1331 0.1919 -0.1983
v -0.1359 0.1919 -0.2045
v -0.1365 0.1916 -0.2095
v -0.1369 0.1919 -0.2101
v -0.1365 0.1919 -0.2141
v -0.1347 0.1919 -0.2200
v -0.1307 0.1919 -0.2255
v -0.1254 0.1919 -0.2297
v -0.1212 0.1919 -0.2314
v -0.1167 0.1919 -0.2322
v -0.1100 0.1919 -0.2315
v -0.1037 0.1919 -0.2290
v -0.1001 0.1919 -0.2262
v -0.0972 0.1919 -0.2227
v -0.0945 0.1919 -0.2171
v -0.0943 0.1916 -0.2154
v -0.0935 0.1919 -0.2121
v -0.1315 0.1903 -0.1974
v -0.0978 0.1900 -0.1977
v -0.1337 0.1899 -0.2229
v -0.1128 0.1920 -0.2153
v -0.4369 -0.0099 -0.2284
v -0.4453 -0.0101 -0.2235
v -0.4388 -0.0114 -0.2073
v -0.4345 -0.0098 -0.2235
v -0.4356 -0.0101 -0.2286
v -0.4418 -0.0101 -0.2289
v -0.4422 -0.0101 -0.2182
v -0.4237 -0.0102 -0.2240
v -0.4293 -0.0101 -0.2114
v -0.4411 -0.0100 -0.2081
v -0.4469 -0.0100 -0.2104
v -0.4516 -0.0100 -0.2148
v -0.4541 -0.0103 -0.2220
v -0.4514 -0.0100 -0.2319
v -0.4456 -0.0101 -0.2372
v -0.4492 -0.0100 -0.2344
v -0.4290 -0.0102 -0.2349
v -0.4262 -0.0103 -0.2318
v -0.4245 -0.0100 -0.2282
v -0.4466 -0.0113 -0.2400
v -0.4233 -0.0114 -0.2225
v -0.4237 -0.0100 -0.2209
v -0.4240 -0.0100 -0.2203
v -0.4258 -0.0100 -0.2153
v -0.4256 -0.0100 -0.2159
v -0.4289 -0.0100 -0.2116
v -0.4316 -0.0100 -0.2097
v -0.4346 -0.0100 -0.2085
v -0.4377 -0.0100 -0.2080
v -0.4410 -0.0100 -0.2081
v -0.4441 -0.0100 -0.2088
v -0.4470 -0.0100 -0.2102
v -0.4496 -0.0100 -0.2122
v -0.4539 -0.0113 -0.2198
v -0.4517 -0.0100 -0.2147
v -0.4532 -0.0100 -0.2175
v -0.4542 -0.0100 -0.2218
v -0.4541 -0.0100 -0.2258
v -0.4541 -0.0100 -0.2246
v -0.4519 -0.0100 -0.2315
v -0.4488 -0.0100 -0.2352
v -0.4462 -0.0100 -0.2370
v -0.4432 -0.0100 -0.2382
v -0.4400 -0.0100 -0.2388
v -0.4398 -0.0100 -0.2386
v -0.4368 -0.0100 -0.2387
v -0.4336 -0.0100 -0.2379
v -0.4307 -0.0100 -0.2365
v -0.4282 -0.0100 -0.2345
v -0.4261 -0.0100 -0.2320
v -0.4246 -0.0100 -0.2292
v -0.4235 -0.0100 -0.2245
v -0.4403 -0.0098 -0.2213
v -0.4366 -0.0098 -0.2196
v -0.4340 -0.0102 -0.2089
v -0.4335 -0.0101 -0.2377
v -0.4392 0.0099 -0.2186
v -0.4410 0.0099 -0.2260
v -0.4234 0.0114 -0.2267
v -0.4433 0.0113 -0.2382
v -0.4359 0.0114 -0.2382
v -0.4260 0.0103 -0.2152
v -0.4295 0.0104 -0.2114
v -0.4526 0.0101 -0.2167
v -0.4542 0.0100 -0.2236
v -0.4490 0.0103 -0.2347
v -0.4457 0.0100 -0.2370
v -0.4298 0.0103 -0.2356
v -0.4516 0.0114 -0.2149
v -0.4241 0.0100 -0.2193
v -0.4236 0.0100 -0.2213
v -0.4238 0.0100 -0.2261
v -0.4243 0.0100 -0.2181
v -0.4258 0.0100 -0.2152
v -0.4302 0.0100 -0.2106
v -0.4277 0.0100 -0.2127
v -0.4331 0.0103 -0.2093
v -0.4330 0.0100 -0.2091
v -0.4361 0.0100 -0.2082
v -0.4394 0.0100 -0.2079
v -0.4461 0.0102 -0.2098
v -0.4456 0.0100 -0.2095
v -0.4426 0.0100 -0.2084
v -0.4483 0.0100 -0.2112
v -0.4507 0.0100 -0.2134
v -0.4543 0.0100 -0.2222
v -0.4542 0.0100 -0.2255
v -0.4534 0.0100 -0.2286
v -0.4521 0.0102 -0.2311
v -0.4520 0.0100 -0.2315
v -0.4500 0.0100 -0.2341
v -0.4415 0.0100 -0.2384
v -0.4461 0.0100 -0.2369
v -0.4416 0.0100 -0.2386
v -0.4384 0.0100 -0.2388
v -0.4322 0.0100 -0.2373
v -0.4352 0.0100 -0.2384
v -0.4294 0.0100 -0.2356
v -0.4271 0.0100 -0.2333
v -0.4255 0.0103 -0.2306
v -0.4253 0.0100 -0.2306
v -0.4452 0.0102 -0.2229
v -0.4366 0.0098 -0.2195
v -0.4368 0.0098 -0.2273
v -0.4411 0.0098 -0.2195
v -0.4350 0.0114 -0.2075
v -0.4362 0.0099 -0.2216
v -0.4344 0.0098 -0.2235
v -0.4348 0.0099 -0.2255
v -0.4412 0.0098 -0.2272
v -0.4503 0.0103 -0.2133
v -0.4528 0.0115 -0.2293
v -0.4382 0.0101 -0.2081
v -0.4530 0.0100 -0.2172
v -0.4369 0.0102 -0.2385
v -0.4240 0.0100 -0.2265
v -0.4693 -0.0111 -0.2312
v -0.4746 -0.0061 -0.2311
v -0.4722 0.0071 -0.2312
v -0.3873 -0.0048 -0.1583
v -0.3782 0.0000 -0.1584
v -0.4156 -0.0153 -0.2029
v -0.4091 -0.0120 -0.2322
v -0.4293 -0.0070 -0.1574
v -0.4327 -0.0057 -0.1573
v -0.4347 -0.0041 -0.1573
v -0.4719 0.0000 -0.2312
v -0.4071 0.0000 -0.1878
v -0.3819 0.0028 -0.1582
v -0.4362 0.0010 -0.1571
v -0.4697 -0.0104 -0.2313
v -0.4005 -0.0068 -0.2311
v -0.4147 -0.0091 -0.1577
v -0.4237 -0.0081 -0.1575
v -0.4360 -0.0021 -0.1572
v -0.3963 -0.0071 -0.1581
v -0.4053 -0.0088 -0.1579
v -0.4445 0.0144 -0.2317
v -0.4091 0.0120 -0.2322
v -0.3873 0.0049 -0.1583
v -0.3808 0.0025 -0.1584
v -0.3737 -0.0016 -0.2270
v -0.4327 0.0057 -0.1573
v -0.4347 0.0041 -0.1573
v -0.4223 0.0081 -0.1573
v -0.4557 0.0118 -0.1915
v -0.4586 0.0136 -0.2314
v -0.4500 -0.0001 -0.2099
v -0.4505 0.0136 -0.2317
v -0.4249 0.0078 -0.1575
v -0.4362 0.0011 -0.1572
v -0.4054 0.0088 -0.1579
v -0.3963 0.0072 -0.1581
v -0.4119 0.0093 -0.1577
v -0.4108 -0.0074 -0.1576
v -0.4212 -0.0040 -0.1574
v -0.4292 -0.0068 -0.1572
v -0.4164 -0.0009 -0.1574
v -0.3967 -0.0073 -0.1579
v -0.3787 0.0000 -0.1583
v -0.4150 -0.0091 -0.1575
v -0.4053 0.0086 -0.1577
v -0.4346 -0.0041 -0.1571
v -0.3963 0.0070 -0.1579
v -0.1065 0.2092 -0.2000
v -0.1044 0.2200 -0.2201
v -0.1664 0.2014 -0.2208
v -0.0736 0.1925 -0.2224
v -0.1193 -0.2233 -0.2216
v -0.1634 -0.1953 -0.2209
v -0.0377 -0.1968 -0.1938
v -0.1091 -0.1675 -0.1884
v -0.0196 -0.2138 -0.2165
v -0.0868 -0.2099 -0.2052
v -0.1519 -0.1931 -0.1929
v -0.1290 -0.1615 -0.1694
v -0.5454 -0.0167 -0.0041
v 0.0974 -0.0593 0.0402
v -0.5453 -0.0093 0.0018
v -0.5366 -0.0088 -0.0010
v -0.3478 -0.0899 0.0124
v -0.5139 -0.0633 0.0170
v 0.6885 -0.0408 -0.1033
v 0.1533 -0.0697 -0.0065
v 0.1424 -0.0776 -0.0063
v 0.1299 -0.0783 -0.0000
v -0.2510 -0.0999 -0.0044
v -0.2721 -0.1023 -0.0151
v -0.5424 -0.0201 -0.0290
v 0.3668 -0.0721 -0.0342
v 0.7234 -0.0135 -0.0262
v -0.5471 -0.0194 -0.0089
v -0.5470 -0.0206 -0.0127
v -0.5472 -0.0137 -0.0013
v -0.5471 -0.0211 -0.0216
v -0.5418 0.0142 -0.0033
v 0.7062 0.0000 -0.0934
v -0.3686 -0.0483 0.0324
v -0.3325 0.0845 0.0162
v -0.3389 0.0000 -0.1443
v 0.5663 -0.0313 -0.0552
v 0.7955 -0.0102 0.2199
v 0.7165 0.0000 0.1610
v 0.6671 0.0000 0.1117
v 0.5980 0.0000 0.0445
v 0.4388 0.0000 0.0086
v 0.3945 0.0000 -0.0037
v 0.5068 0.0000 0.0230
v 0.5979 -0.0054 0.0437
v -0.5466 0.0093 0.0018
v -0.5466 0.0000 0.0040
v -0.5460 -0.0164 -0.0314
v -0.5479 -0.0122 -0.0345
v -0.5448 0.0000 -0.0389
v 0.7772 0.0000 0.1974
v 0.8195 -0.0048 0.1855
v 0.7932 0.0000 0.2128
v 0.8275 0.0000 0.1767
v 0.8148 -0.0051 0.1504
v 0.7764 -0.0080 0.0755
v 0.7767 -0.0046 0.0755
v 0.8277 -0.0013 0.1763
v 0.7720 -0.0081 0.0667
v 0.7380 0.0000 0.0007
v 0.8151 0.0000 0.1504
v 0.8272 -0.0042 0.1767
v 0.7756 -0.0092 0.0756
v 0.8140 -0.0059 0.1504
v -0.5470 -0.0163 -0.0044
v -0.5469 -0.0091 0.0014
v -0.5473 -0.0212 -0.0171
v -0.5475 -0.0160 -0.0310
v -0.5476 -0.0090 -0.0362
v 0.0941 -0.0454 0.0534
v 0.3952 0.0000 -0.0010
v 0.1513 -0.0261 -0.0078
v -0.5413 -0.0209 0.0047
v -0.5326 -0.0449 -0.0193
v -0.5394 -0.0276 -0.0243
v -0.5076 -0.0794 -0.1280
v -0.5303 -0.0499 -0.0267
v -0.5299 -0.0477 -0.0104
v -0.5393 -0.0270 -0.0142
v -0.5300 -0.0475 -0.0111
v -0.5134 -0.0335 -0.0190
v 0.0991 0.0388 0.0324
v -0.2473 -0.0585 0.0989
v -0.2353 -0.0624 0.0974
v -0.2473 0.0000 0.0989
v -0.2480 -0.0559 0.0896
v -0.2499 -0.0891 0.0258
v -0.2491 -0.0812 0.0477
v -0.1207 -0.0962 0.0012
v -0.2066 -0.0968 0.0026
v 0.0509 -0.0966 -0.0039
v 0.0405 -0.0768 0.0469
v 0.0550 -0.0894 0.0029
v -0.2477 -0.0676 0.0858
v -0.2485 -0.0749 0.0655
v -0.2273 -0.0966 0.0038
v -0.1711 -0.0747 0.0605
v -0.2268 -0.0757 0.0601
v -0.1183 -0.0744 0.0592
v 0.0430 -0.0687 0.0735
v 0.0330 -0.0736 0.0544
v 0.0430 -0.0844 0.0270
v -0.0907 -0.0970 -0.0020
v -0.1121 -0.0762 0.0544
v -0.2149 -0.1139 -0.0496
v -0.0977 -0.0958 0.0014
v -0.2024 -0.0742 0.0629
v -0.1681 -0.0743 0.0613
v -0.0685 -0.0747 0.0577
v -0.0270 -0.0740 0.0564
v -0.2212 -0.0744 0.0634
v -0.0924 -0.0752 0.0578
v 0.0916 -0.0457 0.0453
v 0.0924 -0.0416 0.0532
v -0.3621 -0.0552 0.0226
v -0.3617 -0.0674 0.0205
v -0.3626 -0.0378 0.0231
v -0.3623 -0.0329 0.0242
v -0.3590 -0.0513 0.0246
v 0.1410 -0.0736 -0.0133
v 0.1507 -0.0677 -0.0145
v 0.1475 -0.1012 -0.0729
v -0.3177 -0.0906 -0.0025
v -0.2544 -0.0927 -0.0100
v -0.3512 -0.0705 0.0203
v -0.3628 0.0000 0.0241
v -0.3629 -0.0191 0.0232
v -0.3626 0.0000 0.0337
v 0.1018 -0.0226 -0.0007
v -0.0781 -0.0601 0.0752
v -0.2433 -0.0560 0.0895
v -0.0907 0.0000 0.0764
v -0.2480 0.0560 0.0896
v -0.3185 -0.1031 -0.1451
v -0.1228 -0.0932 -0.0178
v -0.2508 -0.0888 0.0016
v -0.2500 -0.0812 0.0229
v -0.2338 -0.0589 0.0833
v -0.2248 -0.0665 0.0604
v -0.1746 -0.0888 -0.0012
v -0.1143 -0.0711 0.0559
v -0.0975 -0.0885 -0.0036
v 0.0408 -0.0690 0.0437
v -0.2482 -0.0907 -0.0047
v -0.2510 -0.0919 -0.0069
v -0.2488 -0.0687 0.0578
v -0.1760 -0.0882 0.0004
v -0.1109 -0.0594 0.0781
v -0.1183 -0.0664 0.0566
v -0.1337 -0.0663 0.0572
v -0.2284 -0.0883 0.0019
v -0.0846 -0.0611 0.0733
v 0.0330 -0.0658 0.0513
v 0.0147 -0.0655 0.0522
v 0.0523 -0.0889 -0.0070
v -0.1208 -0.0882 -0.0017
v -0.0229 -0.0880 -0.0033
v -0.0924 -0.0671 0.0550
v -0.1681 -0.0662 0.0587
v -0.0271 -0.0661 0.0536
v -0.2481 -0.0611 0.0793
v -0.2180 -0.0662 0.0610
v -0.0863 -0.0670 0.0555
v 0.1274 -0.0765 0.0030
v -0.2677 -0.1002 -0.0069
v 0.0958 -0.0470 0.0487
v -0.5472 -0.0191 -0.0266
v 0.1518 -0.0645 -0.0085
v 0.1503 0.0000 -0.0024
v -0.2479 0.0000 0.0985
v -0.2497 -0.0817 0.0453
v -0.2517 -0.0938 -0.0071
v 0.0423 -0.0739 0.0402
v -0.2488 -0.0728 0.0701
v -0.2490 -0.0660 0.0667
v -0.2242 -0.0695 0.0600
v -0.2216 -0.0742 0.0625
v 0.0324 -0.0702 0.0521
v -0.1135 -0.0710 0.0527
v -0.3631 -0.0432 0.0223
v 0.0194 -0.0932 -0.0031
v 0.0507 -0.0919 -0.0041
v 0.0142 -0.0733 0.0543
v -0.0365 -0.0669 0.0534
v -0.0271 -0.0739 0.0555
v -0.0912 -0.0721 0.0551
v -0.2262 -0.0924 0.0041
v -0.1182 -0.0696 0.0563
v -0.1132 -0.0697 0.0537
v -0.1339 -0.0742 0.0588
v -0.1222 -0.0922 0.0009
v -0.1806 -0.0670 0.0584
v -0.1681 -0.0742 0.0602
v 0.1417 -0.0747 -0.0091
v -0.3610 -0.0488 0.0315
v -0.3168 -0.0915 -0.0016
v -0.3434 -0.0909 0.0188
v -0.2486 -0.0580 0.0949
v -0.2486 0.0000 0.0910
v -0.2497 -0.0737 0.0450
v -0.2505 -0.0817 0.0228
v -0.2511 -0.0965 0.0037
v -0.2504 -0.0888 0.0253
v -0.2487 -0.0775 0.0583
v -0.0961 -0.0917 -0.0014
v -0.3368 0.0000 -0.0578
v -0.3631 -0.0187 0.0227
v -0.3631 0.0000 0.0227
v -0.5476 0.0000 -0.0166
v -0.5420 0.0202 -0.0074
v -0.5409 0.0211 -0.0012
v -0.5168 0.0581 0.0187
v 0.0924 0.0417 0.0532
v 0.0950 0.0558 0.0458
v -0.3429 0.1023 -0.1529
v -0.5418 0.0138 0.0000
v -0.5316 0.0410 -0.0917
v 0.5937 0.0061 0.0405
v 0.1299 0.0783 -0.0000
v 0.1424 0.0776 -0.0063
v 0.1533 0.0697 -0.0065
v -0.3569 0.0821 0.0223
v -0.3104 0.1015 -0.0104
v -0.2635 0.1021 -0.0136
v 0.1050 0.1105 -0.0772
v 0.4003 0.0048 0.0021
v 0.5069 0.0040 0.0229
v 0.5733 0.0039 0.0379
v 0.6877 0.0285 -0.0936
v -0.5468 0.0168 -0.0041
v -0.5471 0.0209 -0.0172
v -0.5464 0.0137 -0.0011
v -0.5476 0.0171 -0.0308
v 0.6172 0.0020 0.0624
v 0.6671 0.0019 0.1117
v 0.7965 0.0101 0.2212
v 0.4388 0.0019 0.0086
v 0.5068 0.0020 0.0230
v 0.5732 0.0020 0.0381
v -0.5470 0.0000 0.0043
v -0.5446 0.0165 -0.0314
v -0.5474 0.0129 -0.0340
v 0.8148 0.0052 0.1504
v 0.7767 0.0046 0.0755
v 0.7764 0.0080 0.0755
v 0.7720 0.0081 0.0668
v 0.7231 0.0145 -0.0267
v 0.8116 0.0054 0.1922
v 0.8272 0.0042 0.1767
v 0.8277 0.0013 0.1763
v 0.7756 0.0092 0.0756
v 0.8140 0.0060 0.1504
v -0.5475 -0.0000 -0.0390
v 0.1544 0.0443 -0.0042
v 0.3957 0.0154 -0.0060
v -0.5334 0.0418 -0.0105
v -0.5342 0.0437 -0.0282
v -0.5311 0.0489 -0.0279
v -0.5290 0.0491 -0.0114
v -0.5134 0.0318 -0.0189
v -0.5297 0.0480 -0.0121
v -0.5315 0.0483 -0.0278
v -0.5394 0.0271 -0.0197
v -0.2473 0.0585 0.0989
v -0.2473 0.0271 0.0989
v -0.2510 0.1000 -0.0044
v -0.2499 0.0892 0.0258
v -0.2491 0.0813 0.0477
v -0.1086 0.0622 0.0865
v -0.2240 0.0751 0.0617
v -0.2066 0.0968 0.0026
v -0.1705 0.0749 0.0602
v -0.0976 0.0670 0.0806
v -0.0907 0.0970 -0.0020
v -0.0204 0.0968 -0.0029
v 0.0287 0.0966 -0.0036
v 0.0509 0.0966 -0.0039
v 0.0524 0.0874 0.0139
v 0.0405 0.0768 0.0469
v -0.2485 0.0747 0.0660
v 0.0469 0.0666 0.0730
v -0.1183 0.0744 0.0592
v -0.2283 0.0963 0.0048
v 0.0330 0.0736 0.0544
v -0.0974 0.0966 -0.0007
v 0.0475 0.0902 0.0124
v -0.0924 0.0753 0.0578
v -0.2024 0.0743 0.0629
v -0.1681 0.0743 0.0613
v -0.0270 0.0741 0.0564
v -0.0685 0.0747 0.0577
v -0.3621 0.0553 0.0226
v -0.3590 0.0514 0.0246
v -0.3623 0.0330 0.0242
v -0.3626 0.0378 0.0231
v 0.1281 0.0731 -0.0062
v 0.1410 0.0736 -0.0133
v 0.1507 0.0677 -0.0145
v -0.2527 0.0923 -0.0085
v 0.1122 0.0646 0.0119
v -0.3629 0.0192 0.0232
v -0.3625 0.0000 0.0254
v 0.1513 0.0263 -0.0113
v 0.1522 0.0523 -0.0132
v -0.3081 0.0919 -0.0056
v 0.0446 0.0618 0.0643
v -0.2480 0.0478 0.0903
v -0.2480 0.0270 0.0905
v -0.2489 0.0692 0.0564
v -0.2500 0.0812 0.0229
v -0.2508 0.0889 0.0016
v 0.0930 0.1094 -0.1128
v -0.2274 0.0887 0.0010
v -0.1746 0.0888 -0.0012
v -0.1757 0.0886 -0.0006
v -0.1143 0.0712 0.0559
v -0.0693 0.0891 -0.0053
v -0.0205 0.0890 -0.0062
v 0.0523 0.0889 -0.0070
v -0.0183 0.0814 0.0148
v 0.0408 0.0691 0.0437
v -0.2248 0.0666 0.0604
v -0.1337 0.0663 0.0572
v -0.3090 0.1153 -0.1242
v -0.1208 0.0882 -0.0017
v 0.0147 0.0656 0.0522
v 0.0330 0.0658 0.0513
v -0.0975 0.0886 -0.0036
v -0.1121 0.0683 0.0516
v -0.2180 0.0662 0.0610
v -0.1681 0.0663 0.0587
v -0.0271 0.0661 0.0536
v -0.0863 0.0670 0.0555
v -0.0924 0.0671 0.0550
v -0.2481 0.0611 0.0793
v 0.1515 0.0635 -0.0136
v -0.2564 0.1001 -0.0063
v 0.1247 0.0716 -0.0019
v 0.0961 0.0447 0.0498
v -0.5474 0.0210 -0.0119
v 0.1501 0.0144 -0.0043
v -0.2494 0.0788 0.0535
v -0.2517 0.0939 -0.0068
v -0.2238 0.0704 0.0607
v -0.1683 0.0887 0.0003
v -0.1977 0.0922 0.0027
v 0.0505 0.0931 -0.0038
v 0.0420 0.0750 0.0408
v -0.1186 0.0696 0.0564
v -0.0945 0.0921 -0.0017
v -0.1133 0.0687 0.0518
v -0.1204 0.0900 0.0042
v -0.0919 0.0714 0.0522
v -0.0905 0.0749 0.0571
v 0.0081 0.0662 0.0520
v -0.0902 0.0680 0.0542
v -0.3368 0.0007 -0.0558
v -0.3630 0.0458 0.0224
v -0.3789 -0.0697 -0.1191
v -0.0208 0.0889 -0.0049
v 0.0287 0.0888 -0.0057
v -0.0207 0.0958 -0.0018
v -0.0695 0.0960 -0.0011
v 0.0550 0.0894 0.0029
v 0.0316 0.0698 0.0522
v 0.0142 0.0733 0.0543
v -0.0272 0.0667 0.0531
v -0.0685 0.0674 0.0543
v -0.0271 0.0739 0.0555
v -0.2266 0.0926 0.0046
v -0.1163 0.0688 0.0562
v -0.1339 0.0742 0.0588
v -0.1225 0.0954 0.0020
v -0.1681 0.0670 0.0579
v -0.2023 0.0670 0.0593
v -0.1681 0.0742 0.0602
v 0.0981 0.0507 0.0480
v 0.1449 0.0742 -0.0086
v 0.1283 0.0767 0.0022
v -0.3551 0.0795 0.0255
v -0.3031 0.0958 -0.0042
v -0.2485 0.0601 0.0932
v -0.2479 0.0484 0.0985
v -0.2486 0.0270 0.0910
v -0.2479 0.0270 0.0985
v -0.2505 0.0818 0.0228
v -0.2497 0.0738 0.0450
v -0.2504 0.0889 0.0253
v -0.2511 0.0966 0.0037
v -0.2435 0.0999 -0.0034
v -0.1207 0.0963 0.0012
v -0.0964 0.0922 0.0023
v -0.3617 0.0674 0.0205
v -0.3356 0.0929 -0.0083
v -0.3631 0.0187 0.0227
v -0.2490 0.0660 0.0666
v -0.2376 0.0631 0.0974
f 6 7 8
f 7 10 11
f 12 13 8
f 13 14 9
f 15 16 17
f 16 19 20
f 21 22 17
f 22 23 18
f 26 27 51
f 10 7 28
f 7 6 28
f 14 13 57
f 13 12 57
f 19 16 43
f 16 15 43
f 23 22 32
f 22 21 32
f 4 33 34
f 33 35 36
f 37 5 34
f 51 38 39
f 38 50 41
f 42 3 39
f 35 33 45
f 3 42 47
f 47 24 3
f 50 38 48
f 5 37 51
f 25 28 32
f 10 52 53
f 52 42 41
f 40 54 53
f 54 12 11
f 14 30 55
f 32 56 55
f 56 6 9
f 19 58 59
f 58 37 36
f 35 60 59
f 60 21 20
f 23 32 61
f 30 62 61
f 62 15 18
f 42 52 63
f 52 10 29
f 6 56 64
f 56 32 44
f 12 54 65
f 54 40 50
f 49 57 65
f 43 26 51
f 37 58 66
f 58 19 31
f 15 62 67
f 21 60 68
f 60 35 46
f 24 32 68
f 74 87 76
f 72 77 71
f 73 70 87
f 73 72 70
f 78 79 80
f 79 82 83
f 84 85 80
f 85 86 81
f 86 85 71
f 85 84 71
f 82 79 69
f 79 78 69
f 82 89 90
f 89 87 74
f 75 91 90
f 91 84 83
f 86 94 92
f 95 93 92
f 93 78 81
f 84 91 71
f 91 75 71
f 77 94 71
f 94 86 71
f 87 89 69
f 89 82 69
f 78 93 69
f 93 95 69
f 95 87 69
f 99 96 97
f 99 100 101
f 97 98 102
f 104 105 103
f 96 106 107
f 106 274 108
f 109 110 107
f 110 98 97
f 100 118 111
f 274 106 111
f 106 96 101
f 98 110 112
f 110 109 113
f 114 115 112
f 115 103 102
f 117 109 108
f 117 114 113
f 118 100 99
f 124 125 126
f 125 128 129
f 130 131 126
f 131 132 127
f 133 134 135
f 134 137 138
f 139 140 135
f 140 141 136
f 146 124 127
f 132 147 146
f 165 130 129
f 128 148 165
f 166 133 136
f 141 149 166
f 152 139 138
f 122 123 153
f 156 157 153
f 157 158 154
f 123 121 159
f 161 162 159
f 162 164 160
f 151 167 142
f 158 168 122
f 143 161 121
f 172 123 171
f 173 156 155
f 132 131 174
f 131 130 176
f 163 162 174
f 162 161 175
f 128 125 177
f 125 124 179
f 152 150 177
f 144 145 150
f 141 140 180
f 140 139 182
f 158 157 180
f 157 156 181
f 137 134 183
f 134 133 184
f 151 150 183
f 146 147 185
f 147 132 175
f 161 170 185
f 124 146 186
f 146 152 186
f 148 128 178
f 130 165 188
f 145 164 188
f 164 163 176
f 166 149 189
f 149 141 181
f 156 173 189
f 173 144 166
f 133 166 190
f 142 167 190
f 167 151 184
f 139 152 191
f 169 168 191
f 168 158 182
f 170 169 152
f 200 194 193
f 194 195 193
f 196 197 193
f 200 193 199
f 202 206 204
f 208 202 201
f 201 210 208
f 210 231 209
f 204 211 210
f 213 214 215
f 214 217 218
f 219 220 215
f 220 221 216
f 222 223 224
f 223 226 227
f 228 229 224
f 229 230 225
f 246 213 216
f 202 228 227
f 247 222 225
f 232 219 218
f 221 220 234
f 220 219 236
f 203 205 234
f 205 206 235
f 217 214 237
f 214 213 239
f 195 194 237
f 194 200 238
f 230 229 240
f 229 228 242
f 207 209 240
f 209 231 241
f 226 223 243
f 223 222 245
f 197 196 243
f 196 192 244
f 246 221 235
f 246 233 198
f 198 195 239
f 202 207 242
f 202 226 244
f 247 230 241
f 247 231 199
f 199 197 245
f 212 203 236
f 232 217 238
f 211 212 200
f 252 253 249
f 254 255 256
f 255 248 249
f 253 258 256
f 258 259 257
f 250 260 104
f 260 105 104
f 103 261 104
f 261 251 250
f 253 252 262
f 252 251 264
f 265 266 262
f 266 267 263
f 250 252 268
f 252 248 270
f 277 271 268
f 259 258 272
f 258 253 263
f 267 274 272
f 248 255 275
f 255 254 276
f 251 261 278
f 261 103 115
f 114 279 278
f 279 265 264
f 105 260 280
f 260 250 269
f 267 266 281
f 266 265 281
f 274 267 281
f 265 279 117
f 279 114 117
f 254 257 273
f 257 259 273
f 273 277 282
f 277 276 282
f 276 254 273
f 2 1 119
f 2 120 1
f 4 51 3
f 51 4 5
f 8 9 6
f 11 8 7
f 8 11 12
f 9 8 13
f 17 18 15
f 20 17 16
f 17 20 21
f 18 17 22
f 4 3 24
f 28 29 10
f 57 30 14
f 43 31 19
f 36 34 33
f 34 36 37
f 4 34 5
f 41 39 38
f 39 41 42
f 51 39 3
f 44 32 28
f 45 4 24
f 46 45 24
f 45 46 35
f 4 45 33
f 48 51 27
f 50 48 27
f 51 48 38
f 53 11 10
f 41 53 52
f 53 41 40
f 11 53 54
f 55 9 14
f 32 55 30
f 9 55 56
f 49 43 57
f 43 49 26
f 30 57 43
f 59 20 19
f 36 59 58
f 59 36 35
f 20 59 60
f 61 18 23
f 30 61 32
f 18 61 62
f 63 29 28
f 25 63 28
f 63 25 42
f 29 63 52
f 64 28 6
f 44 64 56
f 64 44 28
f 65 57 12
f 50 65 54
f 65 50 49
f 66 31 43
f 51 66 43
f 66 51 37
f 31 66 58
f 67 43 15
f 30 67 62
f 67 30 43
f 68 32 21
f 46 68 60
f 68 46 24
f 32 24 25
f 71 70 72
f 76 75 74
f 75 76 70
f 71 75 70
f 76 87 70
f 80 81 78
f 83 80 79
f 80 83 84
f 81 80 85
f 77 88 94
f 73 87 95
f 77 95 88
f 95 77 73
f 90 83 82
f 74 90 89
f 90 74 75
f 83 90 91
f 92 81 86
f 88 92 94
f 92 88 95
f 81 92 93
f 99 101 96
f 102 103 97
f 99 97 271
f 107 97 96
f 108 107 106
f 107 108 109
f 97 107 110
f 111 101 100
f 274 111 118
f 101 111 106
f 112 102 98
f 113 112 110
f 112 113 114
f 102 112 115
f 116 103 105
f 116 271 97
f 103 116 97
f 117 108 274
f 117 113 109
f 118 99 274
f 120 119 1
f 119 120 2
f 123 122 121
f 126 127 124
f 129 126 125
f 126 129 130
f 127 126 131
f 135 136 133
f 138 135 134
f 135 138 139
f 136 135 140
f 121 169 143
f 169 121 122
f 123 172 144
f 146 127 132
f 165 129 128
f 187 165 148
f 166 136 141
f 152 138 137
f 153 154 122
f 155 153 123
f 153 155 156
f 154 153 157
f 159 160 123
f 159 121 161
f 160 159 162
f 142 150 151
f 122 154 158
f 169 122 168
f 160 171 123
f 171 160 164
f 172 171 164
f 173 155 123
f 144 173 123
f 174 175 132
f 176 174 131
f 174 176 163
f 175 174 162
f 177 178 128
f 179 177 125
f 177 179 152
f 178 177 150
f 150 166 144
f 180 181 141
f 182 180 140
f 180 182 158
f 181 180 157
f 183 152 137
f 184 183 134
f 183 184 151
f 152 183 150
f 175 185 147
f 185 175 161
f 146 185 170
f 186 179 124
f 179 186 152
f 178 187 148
f 187 178 150
f 188 176 130
f 188 165 145
f 176 188 164
f 181 189 149
f 189 181 156
f 166 189 173
f 190 184 133
f 190 166 142
f 184 190 167
f 191 182 139
f 191 152 169
f 182 191 168
f 152 146 170
f 165 150 145
f 187 150 165
f 166 150 142
f 193 192 196
f 193 198 192
f 198 193 195
f 199 193 197
f 204 201 202
f 208 209 207
f 209 208 210
f 202 208 207
f 210 201 204
f 231 210 211
f 215 216 213
f 218 215 214
f 215 218 219
f 216 215 220
f 224 225 222
f 227 224 223
f 224 227 228
f 225 224 229
f 246 216 221
f 202 227 226
f 247 225 230
f 232 218 217
f 192 233 206
f 234 235 221
f 236 234 220
f 234 236 203
f 235 234 205
f 237 238 217
f 239 237 214
f 237 239 195
f 238 237 194
f 240 241 230
f 242 240 229
f 240 242 207
f 241 240 209
f 243 244 226
f 245 243 223
f 243 245 197
f 244 243 196
f 198 233 192
f 246 235 206
f 233 246 206
f 246 239 213
f 239 246 198
f 202 242 228
f 202 192 206
f 244 192 202
f 200 231 211
f 200 199 231
f 247 241 231
f 247 245 222
f 245 247 199
f 232 236 219
f 232 200 212
f 236 232 212
f 238 200 232
f 281 117 274
f 252 249 248
f 252 250 251
f 256 257 254
f 249 256 255
f 256 249 253
f 257 256 258
f 250 104 261
f 262 263 253
f 264 262 252
f 262 264 265
f 263 262 266
f 268 269 250
f 270 268 252
f 268 270 277
f 269 268 271
f 271 277 274
f 272 273 259
f 263 272 258
f 272 263 267
f 273 272 274
f 275 270 248
f 276 275 255
f 275 276 277
f 270 275 277
f 277 273 274
f 278 264 251
f 115 278 261
f 278 115 114
f 264 278 279
f 280 116 105
f 269 280 260
f 280 269 271
f 116 280 271
f 99 271 274
f 117 281 265
f 273 282 276
f 283 284 285
f 284 287 288
f 289 290 285
f 294 296 291
f 296 298 292
f 301 302 334
f 303 304 306
f 304 308 309
f 310 311 306
f 311 312 307
f 297 295 363
f 314 318 366
f 319 320 321
f 320 322 323
f 324 325 321
f 317 316 328
f 316 315 330
f 295 335 334
f 340 289 288
f 327 283 286
f 339 305 301
f 312 324 323
f 325 345 336
f 295 319 336
f 302 347 348
f 347 341 320
f 319 334 348
f 334 290 349
f 289 350 349
f 308 310 309
f 322 303 307
f 356 354 355
f 354 337 326
f 324 313 355
f 305 353 357
f 341 347 357
f 301 350 358
f 350 289 340
f 334 319 295
f 337 354 356
f 343 352 356
f 313 324 344
f 382 327 331
f 381 331 334
f 335 360 359
f 360 294 293
f 298 361 362
f 345 314 363
f 384 297 366
f 315 364 367
f 364 337 338
f 453 365 370
f 365 317 329
f 373 374 375
f 378 379 375
f 379 429 376
f 383 389 385
f 392 394 395
f 394 433 398
f 399 401 395
f 401 440 396
f 405 408 452
f 409 427 410
f 415 416 410
f 404 419 420
f 421 422 420
f 422 407 406
f 447 424 425
f 413 428 403
f 428 421 403
f 429 379 430
f 379 378 430
f 374 373 431
f 432 390 391
f 416 415 433
f 427 409 434
f 391 447 435
f 409 411 435
f 411 418 436
f 447 390 437
f 378 377 437
f 377 374 438
f 440 401 439
f 401 399 440
f 433 394 416
f 394 392 441
f 397 414 403
f 414 413 443
f 393 391 444
f 390 432 445
f 402 430 445
f 430 378 390
f 425 409 447
f 431 383 423
f 388 386 448
f 424 447 383
f 389 383 449
f 426 427 408
f 407 422 454
f 421 428 454
f 428 413 450
f 419 404 451
f 384 369 452
f 470 455 543
f 457 460 544
f 464 465 466
f 465 467 468
f 584 470 466
f 496 473 474
f 471 472 474
f 460 469 594
f 467 465 478
f 465 464 545
f 498 499 536
f 506 507 508
f 507 509 510
f 517 487 593
f 519 506 511
f 548 498 536
f 458 577 543
f 464 459 545
f 475 461 546
f 461 535 463
f 472 547 548
f 547 499 498
f 497 462 534
f 525 524 549
f 524 523 551
f 539 489 549
f 523 528 552
f 528 527 552
f 527 542 553
f 542 538 554
f 555 539 554
f 538 504 555
f 504 514 555
f 514 513 556
f 513 558 559
f 558 502 560
f 482 489 559
f 500 516 561
f 568 488 561
f 516 512 568
f 512 494 484
f 494 493 563
f 493 492 564
f 567 484 563
f 492 479 565
f 479 481 567
f 481 520 568
f 488 568 569
f 520 517 488
f 517 518 570
f 518 571 572
f 571 509 573
f 482 574 572
f 574 488 570
f 506 519 575
f 489 483 576
f 519 525 550
f 455 496 536
f 499 458 456
f 543 577 472
f 458 499 577
f 492 557 503
f 509 571 578
f 571 517 485
f 578 485 510
f 502 501 579
f 501 500 562
f 488 574 579
f 574 482 560
f 509 507 580
f 507 506 576
f 483 482 573
f 583 584 582
f 473 532 586
f 585 471 586
f 588 589 495
f 590 588 521
f 486 591 492
f 531 475 533
f 526 531 533
f 462 503 515
f 490 583 529
f 467 581 582
f 581 467 595
f 477 522 595
f 544 594 462
f 593 589 597
f 591 486 598
f 611 599 598
f 628 629 627
f 641 638 639
f 602 623 652
f 623 624 654
f 656 642 643
f 642 656 657
f 612 659 657
f 659 629 658
f 626 660 661
f 614 621 637
f 662 610 622
f 614 618 619
f 618 614 663
f 614 664 663
f 664 620 646
f 620 664 613
f 664 614 613
f 617 613 614
f 617 614 665
f 666 644 645
f 644 666 667
f 666 665 612
f 656 669 667
f 669 636 668
f 632 670 671
f 670 656 655
f 653 651 604
f 629 628 672
f 628 679 673
f 629 659 674
f 665 660 674
f 660 626 627
f 636 669 675
f 656 670 675
f 670 632 634
f 649 616 606
f 676 635 609
f 600 677 635
f 625 678 680
f 678 601 599
f 650 633 681
f 682 606 650
f 589 588 683
f 588 590 684
f 600 676 684
f 694 695 700
f 687 686 700
f 698 699 702
f 689 714 702
f 716 690 688
f 705 709 723
f 707 694 686
f 691 720 715
f 717 698 714
f 696 716 691
f 725 721 722
f 721 709 710
f 708 724 722
f 724 712 706
f 718 725 724
f 724 708 712
f 709 721 725
f 718 723 725
f 709 725 723
f 718 724 711
f 706 711 724
f 727 729 728
f 735 738 736
f 759 739 760
f 746 745 748
f 747 746 748
f 745 747 748
f 741 743 742
f 752 755 753
f 731 759 760
f 731 760 758
f 731 756 759
f 731 758 756
f 764 765 763
f 797 764 766
f 770 771 772
f 771 774 775
f 776 777 772
f 777 778 773
f 779 784 785
f 824 761 762
f 762 788 797
f 778 777 798
f 777 776 800
f 769 804 779
f 804 784 779
f 792 796 807
f 796 790 809
f 790 788 810
f 788 789 781
f 810 780 809
f 811 812 813
f 812 815 816
f 831 782 813
f 801 803 857
f 803 818 857
f 794 793 808
f 793 792 808
f 815 812 819
f 812 811 820
f 806 805 821
f 805 801 817
f 817 783 821
f 783 882 822
f 818 802 823
f 802 791 857
f 761 824 768
f 774 825 826
f 825 786 785
f 784 827 826
f 827 776 775
f 778 828 829
f 828 824 763
f 765 830 829
f 830 770 773
f 776 827 832
f 827 784 804
f 769 768 832
f 768 824 799
f 824 828 799
f 828 778 799
f 815 833 834
f 833 806 822
f 882 831 834
f 789 836 835
f 836 811 814
f 811 836 837
f 836 788 761
f 761 768 837
f 894 833 769
f 833 815 819
f 839 840 841
f 840 765 764
f 764 842 841
f 767 843 842
f 770 845 846
f 845 847 848
f 849 850 846
f 850 774 771
f 780 782 873
f 782 854 853
f 864 860 838
f 843 767 795
f 795 864 838
f 847 892 865
f 844 866 865
f 866 849 848
f 851 856 871
f 863 873 874
f 852 875 874
f 875 858 864
f 858 875 853
f 875 852 853
f 854 861 859
f 876 877 878
f 831 880 878
f 880 881 879
f 867 783 857
f 808 780 873
f 873 863 795
f 881 844 883
f 883 876 879
f 872 884 885
f 884 882 783
f 868 857 886
f 774 850 887
f 850 849 888
f 856 851 887
f 847 845 889
f 845 770 830
f 765 840 889
f 840 839 890
f 849 866 891
f 844 871 891
f 871 856 888
f 892 847 890
f 881 880 893
f 882 884 893
f 884 872 895
f 782 877 896
f 877 876 897
f 861 854 896
f 876 883 898
f 844 881 894
f 899 900 901
f 900 903 904
f 905 906 901
f 906 907 902
f 976 909 910
f 909 911 912
f 913 915 910
f 917 918 919
f 918 920 1001
f 954 923 919
f 926 928 929
f 931 932 972
f 932 931 982
f 911 909 934
f 909 976 935
f 989 958 934
f 936 937 938
f 937 940 938
f 940 941 939
f 990 945 944
f 930 927 946
f 927 925 986
f 953 916 987
f 916 914 947
f 988 954 952
f 907 906 955
f 906 905 956
f 920 918 959
f 918 917 960
f 924 922 963
f 922 921 964
f 903 900 966
f 900 899 967
f 914 913 912
f 937 931 929
f 932 971 972
f 949 926 972
f 973 974 975
f 958 977 978
f 977 945 990
f 946 979 980
f 979 941 940
f 943 908 947
f 937 936 983
f 925 948 985
f 914 990 943
f 976 951 989
f 911 978 990
f 943 942 991
f 974 992 993
f 971 984 993
f 971 932 984
f 903 994 995
f 994 942 944
f 945 996 995
f 996 905 904
f 907 997 998
f 997 936 939
f 941 999 998
f 999 899 902
f 962 946 986
f 920 1000 1001
f 1000 951 952
f 923 949 950
f 971 1004 950
f 1004 917 919
f 958 933 1005
f 936 997 1005
f 997 907 957
f 905 996 1006
f 996 945 977
f 951 1000 1007
f 1000 920 961
f 917 1004 1008
f 1004 971 992
f 974 1009 1008
f 1009 958 960
f 962 986 985
f 948 1003 1010
f 1003 924 965
f 921 1002 1011
f 981 987 1011
f 987 962 964
f 962 908 1012
f 942 994 1012
f 994 903 968
f 899 999 1013
f 999 941 979
f 946 962 1013
f 1009 974 973
f 1015 1016 1017
f 1016 1019 1020
f 1021 1022 1017
f 1022 1023 1018
f 1028 1029 1024
f 1029 1030 1025
f 1037 1038 1032
f 1038 1039 1033
f 1040 1069 1041
f 1095 1044 1092
f 1030 1045 1046
f 1045 1047 1048
f 1049 1050 1046
f 1050 1100 1025
f 1051 1052 1053
f 1052 1054 1055
f 1056 1057 1086
f 1057 1058 1086
f 1043 1098 1060
f 1096 1061 1060
f 1061 1067 1042
f 1026 1062 1063
f 1064 1065 1063
f 1065 1087 1027
f 1014 1074 1075
f 1074 1021 1020
f 1019 1076 1075
f 1092 1077 1078
f 1077 1031 1033
f 1039 1079 1078
f 1096 1080 1081
f 1080 1036 1035
f 1034 1082 1081
f 1096 1083 1084
f 1083 1015 1018
f 1023 1085 1084
f 1030 1029 1086
f 1029 1028 1087
f 1050 1049 1100
f 1086 1058 1093
f 1067 1061 1097
f 1061 1096 1097
f 1044 1055 1098
f 1055 1054 1094
f 1087 1065 1059
f 1065 1064 1059
f 1095 1051 1044
f 1097 1066 1067
f 1043 1089 1098
f 1049 1048 1099
f 1048 1047 1099
f 1064 1056 1059
f 1069 1068 1091
f 1049 1099 1100
f 1062 1026 1088
f 1023 1022 1101
f 1022 1021 1103
f 1058 1057 1101
f 1057 1056 1102
f 1019 1016 1104
f 1016 1015 1106
f 1054 1052 1104
f 1052 1051 1105
f 1071 1073 1038
f 1070 1032 1069
f 1032 1031 1068
f 1014 1076 1109
f 1076 1019 1105
f 1051 1095 1109
f 1021 1074 1110
f 1099 1093 1110
f 1093 1058 1103
f 1014 1079 1099
f 1079 1039 1107
f 1031 1077 1111
f 1096 1082 1112
f 1082 1034 1108
f 1066 1097 1112
f 1036 1080 1113
f 1096 1085 1114
f 1085 1023 1102
f 1056 1064 1114
f 1015 1083 1115
f 1096 1094 1115
f 1094 1054 1106
f 1116 1117 1118
f 1117 1120 1121
f 1122 1123 1118
f 1123 1124 1119
f 1175 1127 1172
f 1128 1129 1174
f 1134 1135 1157
f 1135 1136 1216
f 1137 1139 1176
f 1140 1142 1138
f 1139 1137 1143
f 1167 1144 1143
f 1129 1128 1145
f 1166 1183 1145
f 1146 1179 1147
f 1148 1182 1149
f 1213 1150 1149
f 1127 1126 1151
f 1126 1125 1152
f 1220 1213 1151
f 1186 1141 1154
f 1141 1140 1153
f 1187 1158 1157
f 1161 1162 1163
f 1162 1164 1167
f 1170 1171 1169
f 1129 1173 1174
f 1139 1144 1176
f 1177 1137 1138
f 1154 1180 1187
f 1180 1181 1187
f 1184 1159 1220
f 1185 1156 1188
f 1179 1146 1190
f 1124 1123 1192
f 1123 1122 1194
f 1167 1165 1192
f 1120 1117 1195
f 1117 1116 1197
f 1171 1170 1195
f 1167 1198 1144
f 1172 1127 1182
f 1178 1199 1213
f 1199 1150 1213
f 1133 1132 1200
f 1132 1130 1202
f 1164 1162 1200
f 1162 1161 1201
f 1136 1135 1203
f 1135 1134 1205
f 1169 1168 1203
f 1125 1175 1173
f 1181 1158 1187
f 1173 1129 1183
f 1120 1207 1208
f 1207 1146 1147
f 1147 1209 1208
f 1209 1122 1121
f 1124 1210 1211
f 1210 1148 1149
f 1150 1212 1211
f 1212 1116 1119
f 1169 1178 1213
f 1131 1155 1157
f 1158 1134 1157
f 1136 1215 1216
f 1160 1131 1216
f 1164 1218 1167
f 1219 1161 1163
f 1169 1180 1154
f 1171 1221 1178
f 1169 1153 1222
f 1122 1209 1223
f 1209 1147 1198
f 1165 1166 1224
f 1148 1210 1224
f 1210 1124 1193
f 1116 1212 1225
f 1212 1150 1199
f 1178 1221 1225
f 1221 1171 1197
f 1170 1222 1226
f 1222 1191 1190
f 1146 1207 1226
f 1207 1120 1196
f 1130 1217 1227
f 1206 1218 1227
f 1218 1164 1202
f 1161 1219 1228
f 1219 1189 1188
f 1156 1214 1228
f 1214 1133 1201
f 1134 1158 1229
f 1181 1180 1229
f 1180 1169 1205
f 1159 1215 1220
f 1215 1136 1204
f 1230 1231 1232
f 1231 1234 1235
f 1236 1237 1232
f 1237 1238 1233
f 1242 1240 1241
f 1245 1247 1248
f 1249 1310 1245
f 1240 1276 1252
f 1256 1257 1258
f 1243 1258 1278
f 1282 1265 1239
f 1242 1241 1271
f 1240 1242 1273
f 1276 1277 1275
f 1265 1282 1266
f 1258 1280 1279
f 1278 1269 1282
f 1283 1255 1271
f 1269 1284 1266
f 1284 1264 1266
f 1302 1259 1260
f 1234 1287 1288
f 1287 1268 1267
f 1267 1289 1288
f 1289 1236 1235
f 1238 1290 1291
f 1270 1292 1291
f 1292 1230 1233
f 1243 1242 1293
f 1258 1257 1295
f 1250 1296 1297
f 1268 1298 1297
f 1298 1244 1246
f 1247 1299 1300
f 1286 1301 1300
f 1301 1249 1248
f 1260 1267 1302
f 1262 1261 1281
f 1276 1240 1273
f 1238 1237 1304
f 1237 1236 1306
f 1285 1253 1305
f 1234 1231 1307
f 1231 1230 1309
f 1257 1256 1307
f 1256 1255 1308
f 1310 1249 1261
f 1261 1262 1310
f 1247 1245 1312
f 1245 1263 1314
f 1314 1264 1312
f 1274 1275 1268
f 1275 1277 1316
f 1279 1280 1317
f 1278 1270 1286
f 1236 1289 1318
f 1267 1294 1318
f 1294 1285 1306
f 1268 1287 1319
f 1287 1234 1308
f 1255 1283 1319
f 1230 1292 1320
f 1292 1270 1317
f 1280 1295 1320
f 1295 1257 1309
f 1270 1290 1321
f 1290 1238 1305
f 1253 1254 1321
f 1244 1298 1322
f 1298 1268 1316
f 1277 1303 1322
f 1303 1272 1315
f 1267 1296 1323
f 1296 1250 1311
f 1259 1302 1323
f 1249 1301 1324
f 1286 1281 1324
f 1269 1299 1284
f 1299 1247 1313
f 1331 1325 1335
f 1325 1326 1335
f 1328 1327 1329
f 1329 1360 1328
f 1335 1326 1337
f 1339 1340 1341
f 1342 1343 1341
f 1343 1339 1341
f 1348 1351 1344
f 1351 1329 1330
f 1345 1346 1355
f 1349 1340 1356
f 1340 1339 1357
f 1350 1349 1356
f 1329 1351 1360
f 1351 1348 1360
f 1339 1343 1358
f 1343 1342 1359
f 1353 1352 1358
f 1352 1350 1357
f 1342 1360 1355
f 1346 1354 1355
f 1354 1353 1359
f 1365 1364 1367
f 1371 1373 1368
f 1378 1369 1376
f 1389 1382 1392
f 1380 1385 1384
f 1366 1386 1375
f 1387 1376 1375
f 1383 1382 1391
f 1388 1377 1391
f 1370 1388 1389
f 1377 1381 1383
f 1374 1366 1375
f 1393 1395 1396
f 1395 1399 1398
f 1400 1401 1398
f 1401 1397 1396
f 1392 1400 1399
f 1393 1374 1395
f 1392 1382 1403
f 1397 1401 1403
f 1401 1400 1402
f 1372 1393 1404
f 1393 1397 1404
f 1368 1384 1394
f 1392 1395 1405
f 1369 1392 1405
f 1408 1406 1411
f 1407 1408 1411
f 1406 1410 1411
f 1410 1407 1411
f 1409 1413 1415
f 1421 1441 1439
f 1425 1437 1436
f 1437 1425 1434
f 1437 1433 1432
f 1458 1471 1470
f 1462 1446 1475
f 1448 1470 1452
f 1471 1463 1467
f 1474 1462 1465
f 1476 1456 1481
f 1469 1459 1482
f 1468 1469 1482
f 1481 1468 1482
f 1483 1484 1485
f 1484 1487 1488
f 1489 1490 1485
f 1490 1491 1486
f 1493 1494 1495
f 1494 1497 1498
f 1499 1500 1495
f 1500 1501 1496
f 1491 1490 1502
f 1490 1489 1502
f 1493 1496 1503
f 1496 1501 1504
f 1505 1506 1513
f 1506 1507 1513
f 1508 1509 1510
f 1509 1511 1512
f 1517 1518 1519
f 1507 1506 1521
f 1506 1505 1523
f 1524 1525 1521
f 1525 1526 1522
f 1530 1531 1527
f 1531 1499 1528
f 1501 1532 1533
f 1534 1569 1533
f 1569 1571 1504
f 1511 1536 1537
f 1536 1538 1539
f 1502 1572 1537
f 1572 1513 1512
f 1511 1509 1542
f 1509 1508 1544
f 1545 1546 1542
f 1546 1520 1543
f 1487 1484 1516
f 1484 1483 1516
f 1497 1516 1550
f 1516 1528 1550
f 1528 1499 1498
f 1518 1551 1552
f 1551 1538 1536
f 1511 1543 1552
f 1543 1520 1519
f 1526 1525 1568
f 1525 1524 1568
f 1530 1553 1554
f 1553 1534 1532
f 1501 1500 1554
f 1500 1499 1531
f 1492 1520 1568
f 1487 1555 1556
f 1555 1497 1494
f 1493 1557 1556
f 1557 1489 1488
f 1491 1558 1559
f 1558 1538 1551
f 1518 1560 1559
f 1560 1483 1486
f 1489 1557 1502
f 1557 1493 1571
f 1507 1561 1513
f 1561 1508 1513
f 1505 1563 1564
f 1563 1535 1553
f 1530 1565 1564
f 1565 1524 1523
f 1526 1566 1567
f 1566 1545 1544
f 1508 1561 1567
f 1561 1507 1522
f 1515 1514 1547
f 1497 1555 1516
f 1555 1487 1516
f 1483 1560 1516
f 1560 1518 1517
f 1545 1566 1568
f 1566 1526 1568
f 1524 1565 1568
f 1565 1530 1529
f 1573 1513 1572
f 1571 1570 1502
f 1539 1538 1558
f 1575 1570 1573
f 1570 1548 1502
f 1540 1573 1502
f 1576 1540 1575
f 1577 1578 1579
f 1578 1581 1582
f 1583 1584 1579
f 1584 1585 1580
f 1587 1588 1589
f 1588 1591 1592
f 1593 1594 1589
f 1594 1595 1590
f 1657 1583 1582
f 1587 1657 1596
f 1597 1598 1596
f 1598 1591 1588
f 1659 1601 1600
f 1602 1659 1603
f 1657 1605 1603
f 1605 1606 1604
f 1613 1614 1586
f 1614 1615 1612
f 1601 1616 1617
f 1616 1618 1619
f 1620 1621 1617
f 1621 1599 1600
f 1611 1622 1623
f 1622 1593 1624
f 1625 1626 1623
f 1591 1598 1627
f 1661 1629 1627
f 1606 1605 1631
f 1657 1633 1631
f 1633 1634 1632
f 1606 1635 1636
f 1635 1613 1637
f 1638 1639 1636
f 1639 1602 1604
f 1644 1577 1580
f 1595 1594 1645
f 1594 1593 1622
f 1615 1614 1646
f 1614 1613 1635
f 1606 1632 1646
f 1632 1634 1647
f 1662 1620 1619
f 1625 1624 1648
f 1624 1593 1592
f 1591 1628 1648
f 1628 1629 1649
f 1638 1637 1650
f 1585 1584 1651
f 1584 1583 1653
f 1587 1590 1651
f 1590 1595 1652
f 1581 1578 1654
f 1578 1577 1656
f 1615 1647 1654
f 1647 1634 1655
f 1657 1587 1653
f 1659 1602 1658
f 1608 1586 1640
f 1611 1610 1640
f 1599 1621 1663
f 1621 1620 1665
f 1625 1649 1663
f 1649 1630 1664
f 1618 1616 1666
f 1616 1601 1658
f 1602 1639 1666
f 1639 1638 1667
f 1642 1608 1640
f 1644 1585 1652
f 1586 1612 1644
f 1612 1615 1656
f 1662 1618 1667
f 1609 1625 1665
f 1671 1668 1657
f 1581 1655 1657
f 1655 1634 1633
f 1599 1664 1659
f 1669 1668 1671
f 1660 1669 1672
f 1671 1670 1607
f 1683 1676 1678
f 1682 1678 1679
f 1678 1682 1675
f 1683 1684 1677
f 1691 1692 1693
f 1692 1700 1694
f 1695 1696 1693
f 1697 1696 1699
f 1696 1695 1698
f 1687 1704 1701
f 1704 1707 1705
f 1697 1704 1687
f 1703 1691 1687
f 1708 1697 1714
f 1712 1695 1694
f 1691 1700 1692
f 1707 1703 1706
f 1708 1704 1697
f 1711 1710 1700
f 1699 1698 1715
f 1698 1695 1712
f 1722 1719 1724
f 1782 1725 1724
f 1718 1719 1722
f 1749 1778 1750
f 1751 1752 1730
f 1755 1756 1734
f 1735 1734 1757
f 1761 1762 1737
f 1783 1737 1763
f 1763 1764 1765
f 1767 1768 1740
f 1771 1772 1743
f 1775 1776 1745
f 1777 1776 1778
f 1780 1782 1719
f 1738 1739 1766
f 1733 1735 1785
f 1749 1746 1748
f 1752 1753 1730
f 1750 1751 1730
f 1756 1758 1734
f 1760 1761 1736
f 1765 1767 1739
f 1770 1771 1742
f 1774 1775 1745
f 1725 1780 1722
f 1788 1796 1787
f 1799 1800 1788
f 1803 1804 1789
f 1806 1803 1789
f 1809 1810 1791
f 1812 1809 1791
f 1814 1815 1793
f 1816 1814 1793
f 1820 1821 1842
f 1822 1842 1840
f 1823 1820 1842
f 1826 1827 1794
f 1829 1826 1794
f 1800 1831 1796
f 1787 1789 1841
f 1790 1835 1797
f 1798 1817 1793
f 1840 1794 1843
f 1836 1787 1786
f 1846 1853 1845
f 1855 1856 1846
f 1859 1860 1847
f 1861 1859 1847
f 1864 1865 1848
f 1867 1864 1848
f 1870 1871 1849
f 1873 1870 1849
f 1876 1877 1851
f 1878 1876 1851
f 1880 1881 1852
f 1882 1880 1852
f 1856 1885 1853
f 1892 1891 1854
f 1924 1951 1925
f 1926 1927 1907
f 1929 1930 1911
f 1952 1911 1931
f 1935 1936 1913
f 1954 1913 1937
f 1937 1938 1939
f 1940 1941 1916
f 1944 1945 1919
f 1948 1949 1922
f 1950 1949 1951
f 1914 1915 1954
f 1924 1906 1923
f 1925 1926 1906
f 1930 1932 1911
f 1934 1935 1912
f 1939 1940 1915
f 1943 1944 1918
f 1947 1948 1922
f 1963 2007 1977
f 1984 1985 1965
f 1990 1991 1967
f 1994 1992 1993
f 1975 1971 1970
f 1999 2001 2000
f 2005 2006 1974
f 1976 1974 1963
f 2010 1965 1958
f 1979 1981 1964
f 1964 1976 1980
f 1977 1979 1980
f 1985 1986 1965
f 1983 1984 1965
f 1967 1968 1989
f 1991 1992 1968
f 1988 1990 1967
f 1969 1971 1975
f 1995 1996 1971
f 1993 1995 1969
f 1970 2000 1975
f 2001 2002 2011
f 1998 1999 2000
f 1973 1974 1976
f 2006 2007 1974
f 2004 2005 1973
f 2026 2027 2025
f 2025 2014 2017
f 2030 2031 2018
f 2032 2018 2061
f 2033 2030 2032
f 2037 2038 2036
f 2039 2037 2036
f 2042 2041 2020
f 2022 2021 2015
f 2048 2046 2021
f 2051 2052 2070
f 2053 2051 2023
f 2035 2068 2036
f 2033 2032 2068
f 2024 2020 2019
f 2020 2041 2069
f 2015 2021 2044
f 2056 2055 2071
f 2014 2055 2023
f 2059 2064 2016
f 2097 2078 2087
f 2072 2073 2086
f 2073 2074 2103
f 2078 2072 2087
f 2087 2094 2097
f 2093 2103 2104
f 2103 2074 2102
f 2103 2093 2094
f 2113 2111 2110
f 2114 2092 2091
f 2085 2106 2090
f 2115 2076 2096
f 2100 2105 2098
f 2092 2114 2116
f 2117 2107 2109
f 2112 2079 2089
f 2116 2110 2112
f 2081 2080 2118
f 2080 2079 2112
f 2099 2106 2085
f 2075 2076 2110
f 2095 2108 2119
f 2108 2107 2117
f 2123 2122 2120
f 2122 2121 2120
f 2124 2125 2129
f 2172 2159 2156
f 2159 2160 2164
f 2174 2175 2176
f 2179 2180 2176
f 2177 2180 2173
f 2173 2171 2177
f 2178 2175 2182
f 2175 2174 2183
f 2179 2178 2146
f 2183 2174 2181
f 2157 2156 2171
f 2162 2189 2145
f 2196 2197 2199
f 2197 2198 2199
f 2198 2194 2200
f 2234 2236 2237
f 2237 2236 2246
f 2271 2257 2267
f 2478 2205 2263
f 2147 2184 2149
f 2185 2359 2149
f 2372 2188 2168
f 2261 2324 2300
f 2300 2222 2210
f 2210 2301 2300
f 2211 2297 2292
f 2297 2273 2272
f 2262 2292 2297
f 2297 2211 2220
f 2220 2302 2297
f 2324 2225 2222
f 2222 2300 2324
f 2231 2225 2324
f 2303 2282 2279
f 2273 2297 2303
f 2297 2302 2304
f 2302 2220 2229
f 2228 2305 2304
f 2305 2277 2282
f 2282 2303 2305
f 2305 2228 2231
f 2259 2306 2310
f 2296 2230 2217
f 2307 2269 2268
f 2218 2309 2307
f 2309 2311 2307
f 2306 2259 2270
f 2311 2281 2278
f 2269 2307 2311
f 2311 2309 2312
f 2309 2218 2227
f 2226 2296 2312
f 2295 2258 2281
f 2281 2311 2295
f 2311 2296 2295
f 2296 2226 2230
f 2287 2240 2239
f 2283 2141 2140
f 2283 2313 2285
f 2291 2243 2242
f 2284 2136 2143
f 2315 2242 2244
f 2314 2244 2247
f 2136 2284 2316
f 2290 2319 2320
f 2319 2265 2256
f 2255 2291 2320
f 2291 2321 2322
f 2321 2142 2206
f 2207 2290 2322
f 2291 2255 2264
f 2142 2321 2291
f 2290 2207 2323
f 2317 2205 2280
f 2280 2294 2317
f 2294 2293 2317
f 2261 2277 2324
f 2308 2275 2298
f 2208 2223 2310
f 2299 2236 2234
f 2236 2299 2326
f 2476 2327 2326
f 2327 2245 2246
f 2345 2346 2374
f 2346 2347 2337
f 2337 2353 2354
f 2353 2160 2159
f 2158 2355 2354
f 2161 2356 2345
f 2161 2163 2357
f 2163 2160 2358
f 2347 2346 2357
f 2346 2345 2356
f 2355 2158 2170
f 2362 2369 2363
f 2179 2365 2363
f 2362 2368 2369
f 2173 2180 2369
f 2365 2366 2370
f 2367 2371 2370
f 2371 2362 2364
f 2179 2152 2366
f 2337 2347 2358
f 2368 2362 2371
f 2336 2151 2330
f 2377 2376 2381
f 2381 2379 2380
f 2376 2382 2379
f 2412 2413 2411
f 2413 2414 2411
f 2245 2420 2413
f 2420 2414 2413
f 2412 2421 2413
f 2434 2513 2443
f 2359 2165 2459
f 2436 2437 2479
f 2437 2438 2480
f 2469 2466 2481
f 2395 2394 2481
f 2394 2393 2482
f 2398 2397 2467
f 2440 2446 2484
f 2446 2445 2474
f 2403 2398 2467
f 2396 2395 2466
f 2447 2436 2469
f 2393 2404 2469
f 2473 2474 2486
f 2445 2451 2486
f 2451 2452 2487
f 2484 2474 2488
f 2410 2409 2488
f 2409 2403 2485
f 2475 2473 2487
f 2452 2453 2475
f 2406 2410 2473
f 2402 2389 2489
f 2465 2464 2492
f 2510 2390 2492
f 2441 2432 2463
f 2490 2442 2468
f 2433 2444 2471
f 2432 2433 2465
f 2390 2402 2489
f 2471 2444 2448
f 2442 2450 2493
f 2450 2449 2494
f 2468 2463 2495
f 2407 2408 2495
f 2408 2401 2491
f 2449 2441 2463
f 2389 2407 2463
f 2333 2332 2458
f 2415 2416 2497
f 2416 2417 2455
f 2340 2339 2497
f 2339 2338 2498
f 2457 2496 2458
f 2332 2419 2458
f 2419 2415 2457
f 2496 2457 2498
f 2338 2333 2496
f 2417 2423 2455
f 2423 2422 2460
f 2373 2340 2497
f 2288 2373 2460
f 2343 2342 2500
f 2341 2424 2500
f 2424 2418 2500
f 2342 2341 2499
f 2252 2426 2501
f 2289 2501 2503
f 2426 2427 2503
f 2204 2384 2504
f 2384 2383 2502
f 2461 2462 2505
f 2430 2429 2505
f 2429 2428 2506
f 2462 2461 2507
f 2387 2386 2507
f 2386 2385 2508
f 2418 2430 2462
f 2385 2343 2456
f 2428 2454 2515
f 2399 2387 2461
f 2454 2252 2501
f 2383 2399 2501
f 2391 2392 2509
f 2447 2469 2511
f 2473 2475 2472
f 2411 2414 2477
f 2414 2420 2514
f 2420 2245 2327
f 2476 2477 2514
f 2328 2459 2168
f 2328 2149 2359
f 2214 2213 2293
f 2154 2383 2509
f 2501 2461 2515
f 2515 2461 2506
f 2286 2150 2168
f 2336 2331 2334
f 285 286 283
f 288 285 284
f 285 288 289
f 286 285 290
f 291 292 381
f 293 291 381
f 291 293 294
f 292 291 296
f 334 350 301
f 306 307 303
f 309 306 304
f 306 309 310
f 307 306 311
f 363 366 297
f 366 363 314
f 321 336 319
f 323 321 320
f 321 323 324
f 336 321 325
f 328 329 317
f 330 328 316
f 328 330 299
f 329 328 299
f 356 338 337
f 338 356 299
f 340 288 287
f 339 340 287
f 331 286 290
f 286 331 327
f 302 301 305
f 342 323 322
f 323 342 312
f 348 334 302
f 320 348 347
f 348 320 319
f 349 350 334
f 349 290 289
f 351 309 308
f 309 351 308
f 342 307 312
f 307 342 322
f 355 313 356
f 326 355 354
f 355 326 324
f 357 302 305
f 341 357 353
f 302 357 347
f 340 358 350
f 358 340 339
f 301 358 339
f 334 331 290
f 352 299 356
f 356 313 343
f 313 344 343
f 331 333 382
f 300 368 299
f 368 300 332
f 331 381 333
f 346 299 352
f 299 346 300
f 359 293 381
f 334 359 381
f 359 334 335
f 293 359 360
f 362 292 298
f 449 362 361
f 362 449 381
f 292 362 381
f 336 363 295
f 363 336 345
f 367 330 315
f 338 367 364
f 367 338 299
f 330 367 299
f 370 329 299
f 329 370 365
f 366 369 384
f 369 366 318
f 370 299 368
f 370 368 371
f 453 370 371
f 375 376 373
f 377 375 374
f 375 377 378
f 376 375 379
f 385 388 383
f 388 385 386
f 449 361 389
f 449 383 381
f 369 318 372
f 447 391 390
f 395 396 392
f 398 395 394
f 395 398 399
f 396 395 401
f 452 387 384
f 387 452 408
f 410 417 409
f 412 410 427
f 410 412 415
f 417 410 416
f 420 406 404
f 421 420 419
f 406 420 422
f 429 430 402
f 431 423 374
f 432 393 402
f 393 432 391
f 446 400 397
f 400 446 403
f 416 441 417
f 427 426 412
f 435 436 391
f 435 447 409
f 436 435 411
f 437 438 447
f 437 390 378
f 438 437 377
f 440 439 401
f 441 416 394
f 403 446 397
f 443 403 414
f 403 421 380
f 444 442 393
f 436 444 391
f 444 436 418
f 442 444 418
f 402 445 432
f 390 445 430
f 438 423 447
f 423 438 374
f 403 443 413
f 403 380 400
f 447 423 383
f 381 431 382
f 431 381 383
f 380 421 368
f 368 332 380
f 448 383 388
f 383 448 424
f 408 434 387
f 408 405 426
f 434 408 427
f 452 372 405
f 454 450 407
f 421 454 422
f 450 454 428
f 371 421 419
f 451 371 419
f 371 451 453
f 382 333 381
f 372 452 369
f 371 368 421
f 543 459 470
f 456 543 455
f 543 456 458
f 472 537 496
f 545 459 543
f 546 463 535
f 463 546 461
f 466 459 464
f 468 466 465
f 466 468 584
f 459 466 470
f 474 472 496
f 476 474 473
f 474 476 471
f 594 544 460
f 478 545 477
f 545 478 465
f 521 487 480
f 482 483 489
f 521 495 593
f 515 557 504
f 508 511 506
f 510 508 507
f 508 510 485
f 511 508 485
f 522 485 490
f 503 594 491
f 503 486 492
f 593 485 517
f 567 568 484
f 521 593 487
f 529 522 490
f 528 540 530
f 540 528 519
f 528 530 532
f 596 485 522
f 485 596 511
f 534 462 535
f 537 536 496
f 536 537 548
f 472 548 537
f 541 515 504
f 539 555 489
f 596 540 511
f 535 462 546
f 511 540 519
f 515 541 533
f 515 533 462
f 526 541 504
f 544 505 457
f 544 462 505
f 477 545 543
f 498 548 547
f 462 497 457
f 497 534 535
f 535 461 497
f 549 550 525
f 551 549 524
f 549 551 539
f 550 549 489
f 552 551 523
f 551 552 539
f 553 552 527
f 554 553 542
f 553 554 539
f 552 553 539
f 555 554 538
f 556 555 514
f 555 556 489
f 559 556 513
f 560 559 558
f 559 560 482
f 556 559 489
f 561 562 500
f 568 561 516
f 562 561 488
f 484 568 512
f 563 484 494
f 564 563 493
f 563 564 567
f 565 564 492
f 564 565 567
f 566 565 479
f 567 566 479
f 565 566 567
f 568 567 481
f 569 568 520
f 488 569 520
f 570 488 517
f 572 570 518
f 573 572 571
f 572 573 482
f 570 572 574
f 575 576 506
f 550 575 519
f 575 550 489
f 576 575 489
f 536 456 455
f 456 536 499
f 543 472 477
f 547 577 499
f 577 547 472
f 505 462 457
f 515 503 557
f 578 510 509
f 485 578 571
f 579 560 502
f 562 579 501
f 579 562 488
f 560 579 574
f 580 573 509
f 576 580 507
f 580 576 483
f 573 580 483
f 529 582 581
f 582 529 583
f 585 540 471
f 546 533 475
f 533 546 462
f 596 477 472
f 472 540 596
f 485 587 490
f 495 521 588
f 593 495 589
f 480 590 521
f 590 480 592
f 491 469 587
f 533 541 526
f 468 582 584
f 582 468 467
f 585 530 540
f 540 472 471
f 530 586 532
f 586 530 585
f 476 586 471
f 586 476 473
f 491 594 469
f 529 595 522
f 595 529 581
f 478 595 467
f 595 478 477
f 503 462 594
f 477 596 522
f 491 679 503
f 597 609 593
f 598 601 591
f 611 598 486
f 601 598 599
f 649 606 682
f 491 587 615
f 679 627 625
f 627 679 628
f 616 677 633
f 677 616 635
f 611 679 625
f 616 649 587
f 615 608 491
f 608 679 491
f 640 639 638
f 639 631 641
f 631 639 630
f 609 635 593
f 625 680 611
f 650 616 633
f 640 679 608
f 631 630 648
f 648 607 631
f 604 605 603
f 605 604 608
f 653 652 651
f 652 653 602
f 652 654 651
f 654 652 623
f 651 654 624
f 655 633 647
f 655 631 633
f 655 643 631
f 643 655 656
f 657 658 642
f 657 656 612
f 658 657 659
f 661 637 626
f 665 661 660
f 661 665 614
f 637 661 614
f 614 622 621
f 622 614 662
f 662 619 610
f 619 662 614
f 663 646 618
f 646 663 664
f 613 617 620
f 665 645 617
f 645 665 666
f 667 668 644
f 612 667 666
f 667 612 656
f 668 667 669
f 671 647 632
f 655 671 670
f 647 671 655
f 639 640 630
f 608 604 651
f 653 603 602
f 603 653 604
f 672 641 629
f 673 672 628
f 672 673 638
f 641 672 638
f 674 627 629
f 612 674 659
f 674 612 665
f 627 674 660
f 675 634 636
f 656 675 669
f 634 675 670
f 640 673 679
f 673 640 638
f 485 635 616
f 682 681 649
f 651 624 607
f 485 616 587
f 609 597 676
f 635 676 600
f 635 485 593
f 599 680 678
f 680 599 611
f 611 503 679
f 648 640 651
f 607 648 651
f 648 630 640
f 650 606 616
f 681 682 650
f 608 615 605
f 608 651 640
f 683 597 589
f 597 683 676
f 684 683 588
f 592 684 590
f 684 592 600
f 683 684 676
f 486 503 611
f 685 686 687
f 704 691 692
f 690 704 692
f 688 692 693
f 711 685 687
f 700 686 694
f 701 700 695
f 700 701 687
f 702 714 698
f 703 702 699
f 702 703 689
f 693 714 689
f 704 697 696
f 697 704 690
f 688 693 689
f 692 688 690
f 705 711 687
f 685 706 707
f 705 687 709
f 705 723 711
f 706 685 711
f 707 686 685
f 719 714 693
f 714 719 713
f 715 692 691
f 715 693 692
f 716 688 689
f 693 715 719
f 714 713 717
f 691 704 696
f 720 691 716
f 710 722 721
f 722 710 708
f 725 722 724
f 718 711 723
f 735 736 732
f 733 735 737
f 735 733 727
f 733 737 734
f 738 728 729
f 735 728 738
f 728 735 727
f 736 726 732
f 733 734 727
f 732 737 735
f 737 729 734
f 758 760 739
f 759 758 739
f 737 732 729
f 730 738 729
f 730 736 738
f 736 730 726
f 752 753 749
f 750 752 754
f 752 750 741
f 750 754 751
f 755 742 743
f 752 742 755
f 742 752 741
f 753 740 749
f 750 751 741
f 749 754 752
f 754 743 751
f 756 758 757
f 759 756 757
f 758 759 757
f 754 749 743
f 744 755 743
f 744 753 755
f 753 744 740
f 762 763 824
f 762 766 764
f 763 762 764
f 772 773 770
f 775 772 771
f 772 775 776
f 773 772 777
f 869 779 786
f 810 781 782
f 780 810 782
f 817 857 783
f 779 785 786
f 788 762 761
f 797 766 762
f 798 799 778
f 800 798 777
f 798 800 768
f 799 798 768
f 894 769 779
f 807 808 792
f 809 807 796
f 807 809 780
f 808 807 780
f 810 809 790
f 781 810 788
f 813 814 811
f 816 813 812
f 813 816 831
f 814 813 782
f 857 817 801
f 823 857 818
f 820 819 812
f 819 820 768
f 821 822 806
f 817 821 805
f 822 821 783
f 779 869 894
f 857 823 802
f 826 775 774
f 785 826 825
f 826 785 784
f 775 826 827
f 829 773 778
f 763 829 828
f 829 763 765
f 773 829 830
f 832 800 776
f 804 832 827
f 832 804 769
f 800 832 768
f 834 816 815
f 822 834 833
f 834 822 882
f 816 834 831
f 835 814 782
f 781 835 782
f 835 781 789
f 814 835 836
f 837 820 811
f 761 837 836
f 820 837 768
f 769 819 768
f 819 769 833
f 764 841 840
f 842 764 767
f 846 771 770
f 848 846 845
f 846 848 849
f 771 846 850
f 786 851 855
f 852 873 782
f 782 853 852
f 844 869 855
f 851 786 787
f 841 842 838
f 839 841 838
f 838 843 795
f 842 843 838
f 865 848 847
f 865 892 844
f 848 865 866
f 855 871 844
f 871 855 851
f 874 864 863
f 874 873 852
f 864 874 875
f 853 859 858
f 859 853 854
f 878 879 876
f 782 878 877
f 878 782 831
f 879 878 880
f 857 870 867
f 857 868 870
f 886 791 862
f 791 886 857
f 808 795 794
f 795 808 873
f 883 879 881
f 883 844 892
f 885 867 872
f 783 885 884
f 867 885 783
f 886 862 868
f 786 855 869
f 887 787 774
f 888 887 850
f 887 888 856
f 787 887 851
f 889 890 847
f 830 889 845
f 889 830 765
f 890 889 840
f 891 888 849
f 844 891 866
f 888 891 871
f 892 890 839
f 838 892 839
f 893 895 881
f 831 893 880
f 893 831 882
f 895 893 884
f 897 896 877
f 896 897 861
f 782 896 854
f 898 860 876
f 892 898 883
f 898 892 838
f 860 898 838
f 894 869 844
f 901 902 899
f 904 901 900
f 901 904 905
f 902 901 906
f 910 969 976
f 912 910 909
f 910 912 913
f 969 910 915
f 1001 919 918
f 919 1001 954
f 929 972 926
f 972 929 931
f 982 984 932
f 933 982 931
f 934 978 911
f 935 934 909
f 934 935 989
f 978 934 958
f 938 939 936
f 939 938 940
f 943 944 942
f 944 943 990
f 946 980 930
f 986 946 927
f 987 981 953
f 947 987 916
f 987 947 908
f 976 952 951
f 952 976 988
f 955 956 958
f 957 955 958
f 955 957 907
f 956 955 906
f 959 960 958
f 961 959 958
f 959 961 920
f 960 959 918
f 963 964 962
f 965 963 962
f 963 965 924
f 964 963 922
f 966 967 962
f 968 966 962
f 966 968 903
f 967 966 900
f 990 912 911
f 912 990 914
f 976 969 915
f 937 929 928
f 970 937 928
f 972 971 949
f 937 933 931
f 975 982 973
f 982 975 984
f 935 976 989
f 990 978 977
f 985 986 925
f 940 980 979
f 980 940 937
f 943 947 914
f 971 950 949
f 937 983 933
f 970 980 937
f 980 970 930
f 943 991 908
f 988 976 915
f 993 975 974
f 971 993 992
f 975 993 984
f 981 1002 953
f 958 982 933
f 995 904 903
f 944 995 994
f 995 944 945
f 904 995 996
f 998 902 907
f 939 998 997
f 998 939 941
f 902 998 999
f 987 908 962
f 952 1001 1000
f 1001 952 954
f 950 919 923
f 919 950 1004
f 1005 957 958
f 983 1005 933
f 1005 983 936
f 957 1005 997
f 1006 956 905
f 977 1006 996
f 1006 977 958
f 956 1006 958
f 1007 961 958
f 989 1007 958
f 1007 989 951
f 961 1007 1000
f 1008 960 917
f 992 1008 1004
f 1008 992 974
f 960 1008 1009
f 1010 965 962
f 985 1010 962
f 1010 985 948
f 965 1010 1003
f 1011 964 921
f 981 1011 1002
f 964 1011 987
f 1012 968 962
f 991 1012 908
f 1012 991 942
f 968 1012 994
f 1013 967 899
f 979 1013 999
f 1013 979 946
f 967 1013 962
f 973 958 1009
f 958 973 982
f 1017 1018 1015
f 1020 1017 1016
f 1017 1020 1021
f 1018 1017 1022
f 1024 1025 1100
f 1088 1024 1100
f 1024 1088 1028
f 1025 1024 1029
f 1032 1033 1031
f 1032 1070 1037
f 1033 1032 1038
f 1041 1043 1040
f 1092 1041 1069
f 1041 1092 1044
f 1043 1041 1044
f 1046 1025 1030
f 1048 1046 1045
f 1046 1048 1049
f 1025 1046 1050
f 1053 1044 1051
f 1055 1053 1052
f 1053 1055 1044
f 1086 1059 1056
f 1060 1042 1043
f 1096 1060 1098
f 1042 1060 1061
f 1063 1027 1026
f 1027 1063 1065
f 1020 1075 1074
f 1075 1020 1019
f 1014 1075 1076
f 1078 1014 1092
f 1033 1078 1077
f 1078 1033 1039
f 1014 1078 1079
f 1035 1081 1080
f 1081 1035 1034
f 1096 1081 1082
f 1018 1084 1083
f 1084 1018 1023
f 1096 1084 1085
f 1087 1086 1029
f 1044 1089 1043
f 1069 1040 1090
f 1047 1093 1099
f 1093 1047 1086
f 1098 1094 1096
f 1094 1098 1055
f 1062 1096 1063
f 1069 1090 1070
f 1044 1098 1089
f 1059 1086 1087
f 1100 1073 1071
f 1073 1100 1099
f 1045 1086 1047
f 1086 1045 1030
f 1062 1088 1072
f 1088 1100 1071
f 1069 1091 1092
f 1101 1102 1023
f 1103 1101 1022
f 1101 1103 1058
f 1102 1101 1057
f 1104 1105 1019
f 1106 1104 1016
f 1104 1106 1054
f 1105 1104 1052
f 1063 1096 1064
f 1038 1107 1039
f 1038 1037 1071
f 1107 1038 1073
f 1068 1069 1032
f 1109 1092 1014
f 1105 1109 1076
f 1109 1105 1051
f 1092 1109 1095
f 1110 1103 1021
f 1014 1110 1074
f 1110 1014 1099
f 1103 1110 1093
f 1107 1099 1079
f 1099 1107 1073
f 1111 1068 1031
f 1092 1111 1077
f 1111 1092 1091
f 1068 1111 1091
f 1108 1112 1082
f 1112 1108 1066
f 1096 1112 1097
f 1113 1072 1036
f 1096 1113 1080
f 1113 1096 1062
f 1072 1113 1062
f 1102 1114 1085
f 1114 1102 1056
f 1096 1114 1064
f 1115 1106 1015
f 1096 1115 1083
f 1106 1115 1094
f 1118 1119 1116
f 1121 1118 1117
f 1118 1121 1122
f 1119 1118 1123
f 1172 1174 1175
f 1174 1172 1128
f 1157 1216 1131
f 1216 1157 1135
f 1176 1138 1137
f 1138 1176 1140
f 1143 1144 1139
f 1189 1143 1137
f 1143 1189 1167
f 1145 1183 1129
f 1182 1145 1128
f 1145 1182 1166
f 1152 1151 1126
f 1151 1152 1220
f 1153 1154 1141
f 1187 1157 1155
f 1167 1163 1162
f 1166 1165 1167
f 1220 1168 1169
f 1222 1170 1169
f 1174 1173 1175
f 1177 1138 1142
f 1177 1189 1137
f 1172 1182 1128
f 1184 1152 1125
f 1152 1184 1220
f 1179 1153 1140
f 1206 1183 1166
f 1213 1149 1182
f 1127 1213 1182
f 1125 1159 1184
f 1159 1125 1160
f 1173 1183 1160
f 1140 1147 1179
f 1187 1155 1186
f 1188 1177 1185
f 1177 1188 1189
f 1179 1190 1191
f 1192 1193 1124
f 1194 1192 1123
f 1192 1194 1167
f 1193 1192 1165
f 1195 1196 1120
f 1197 1195 1117
f 1195 1197 1171
f 1196 1195 1170
f 1147 1176 1144
f 1176 1147 1140
f 1147 1144 1198
f 1151 1213 1127
f 1153 1179 1191
f 1200 1201 1133
f 1202 1200 1132
f 1200 1202 1164
f 1201 1200 1162
f 1203 1204 1136
f 1205 1203 1135
f 1203 1205 1169
f 1204 1203 1168
f 1173 1160 1125
f 1177 1142 1185
f 1183 1217 1160
f 1154 1187 1186
f 1167 1206 1166
f 1208 1121 1120
f 1147 1208 1207
f 1121 1208 1209
f 1211 1119 1124
f 1149 1211 1210
f 1211 1149 1150
f 1119 1211 1212
f 1169 1154 1153
f 1169 1213 1220
f 1159 1216 1215
f 1216 1159 1160
f 1206 1167 1218
f 1189 1163 1167
f 1163 1189 1219
f 1178 1169 1171
f 1191 1222 1153
f 1223 1194 1122
f 1198 1223 1209
f 1223 1198 1167
f 1194 1223 1167
f 1224 1193 1165
f 1182 1224 1166
f 1224 1182 1148
f 1193 1224 1210
f 1225 1197 1116
f 1199 1225 1212
f 1225 1199 1178
f 1197 1225 1221
f 1226 1196 1170
f 1190 1226 1222
f 1226 1190 1146
f 1196 1226 1207
f 1227 1202 1130
f 1183 1227 1217
f 1227 1183 1206
f 1202 1227 1218
f 1228 1201 1161
f 1188 1228 1219
f 1228 1188 1156
f 1201 1228 1214
f 1229 1205 1134
f 1181 1229 1158
f 1205 1229 1180
f 1220 1204 1168
f 1204 1220 1215
f 1232 1233 1230
f 1235 1232 1231
f 1232 1235 1236
f 1233 1232 1237
f 1245 1248 1249
f 1263 1245 1310
f 1267 1260 1251
f 1252 1241 1240
f 1274 1252 1276
f 1252 1274 1268
f 1241 1252 1268
f 1285 1254 1253
f 1256 1271 1255
f 1271 1256 1258
f 1278 1239 1243
f 1239 1278 1282
f 1251 1281 1286
f 1264 1314 1265
f 1269 1278 1286
f 1243 1273 1242
f 1273 1243 1272
f 1251 1285 1267
f 1268 1271 1241
f 1276 1275 1274
f 1258 1279 1278
f 1251 1286 1254
f 1271 1258 1243
f 1266 1264 1265
f 1272 1276 1273
f 1262 1260 1263
f 1260 1262 1251
f 1262 1281 1251
f 1288 1235 1234
f 1267 1288 1287
f 1235 1288 1289
f 1291 1233 1238
f 1270 1291 1290
f 1233 1291 1292
f 1271 1293 1242
f 1293 1271 1243
f 1243 1293 1243
f 1285 1294 1267
f 1283 1271 1268
f 1258 1295 1280
f 1251 1254 1285
f 1297 1246 1250
f 1267 1297 1296
f 1297 1267 1268
f 1246 1297 1298
f 1300 1248 1247
f 1269 1300 1299
f 1300 1269 1286
f 1248 1300 1301
f 1276 1303 1277
f 1303 1276 1272
f 1269 1266 1282
f 1304 1305 1238
f 1306 1304 1237
f 1304 1306 1285
f 1305 1304 1285
f 1307 1308 1234
f 1309 1307 1231
f 1307 1309 1257
f 1308 1307 1256
f 1263 1310 1262
f 1312 1313 1247
f 1314 1312 1245
f 1313 1312 1264
f 1316 1268 1275
f 1278 1317 1270
f 1317 1278 1279
f 1318 1306 1236
f 1267 1318 1289
f 1306 1318 1294
f 1308 1319 1287
f 1319 1308 1255
f 1268 1319 1283
f 1320 1309 1230
f 1317 1320 1292
f 1320 1317 1280
f 1309 1320 1295
f 1321 1286 1270
f 1305 1321 1290
f 1321 1305 1253
f 1286 1321 1254
f 1322 1315 1244
f 1316 1322 1298
f 1322 1316 1277
f 1315 1322 1303
f 1311 1323 1296
f 1323 1311 1259
f 1267 1323 1302
f 1324 1261 1249
f 1286 1324 1301
f 1261 1324 1281
f 1313 1284 1299
f 1284 1313 1264
f 1328 1333 1327
f 1328 1336 1333
f 1330 1329 1327
f 1330 1327 1332
f 1335 1337 1331
f 1336 1334 1333
f 1328 1360 1336
f 1336 1360 1334
f 1341 1338 1334
f 1334 1360 1341
f 1341 1349 1338
f 1349 1341 1340
f 1360 1342 1341
f 1347 1330 1332
f 1347 1344 1330
f 1347 1332 1348
f 1330 1344 1351
f 1344 1347 1348
f 1355 1360 1345
f 1357 1356 1340
f 1356 1357 1350
f 1358 1357 1339
f 1359 1358 1343
f 1358 1359 1353
f 1357 1358 1352
f 1355 1359 1342
f 1359 1355 1354
f 1360 1348 1345
f 1390 1385 1362
f 1365 1367 1361
f 1365 1361 1363
f 1390 1362 1366
f 1388 1391 1389
f 1365 1363 1364
f 1368 1394 1371
f 1379 1384 1368
f 1405 1375 1376
f 1376 1387 1378
f 1370 1389 1392
f 1373 1379 1368
f 1379 1373 1380
f 1366 1374 1390
f 1382 1381 1372
f 1381 1382 1383
f 1384 1379 1380
f 1387 1375 1386
f 1378 1387 1386
f 1385 1390 1374
f 1383 1391 1377
f 1389 1391 1382
f 1375 1395 1374
f 1374 1384 1385
f 1393 1394 1374
f 1393 1396 1397
f 1398 1396 1395
f 1398 1399 1400
f 1396 1398 1401
f 1392 1399 1395
f 1392 1369 1370
f 1392 1402 1400
f 1394 1372 1371
f 1372 1394 1393
f 1403 1402 1392
f 1404 1403 1382
f 1403 1404 1397
f 1402 1403 1401
f 1372 1404 1382
f 1394 1384 1374
f 1375 1405 1395
f 1369 1405 1376
f 1413 1409 1415
f 1415 1414 1412
f 1416 1413 1412
f 1415 1412 1413
f 1414 1415 1413
f 1414 1416 1412
f 1416 1414 1413
f 1426 1420 1423
f 1420 1426 1435
f 1424 1422 1428
f 1423 1420 1435
f 1430 1426 1431
f 1435 1426 1430
f 1431 1426 1432
f 1435 1430 1431
f 1418 1429 1422
f 1422 1424 1419
f 1422 1419 1417
f 1422 1417 1418
f 1429 1427 1428
f 1429 1418 1427
f 1428 1422 1429
f 1440 1439 1441
f 1421 1439 1440
f 1421 1440 1441
f 1438 1426 1436
f 1423 1436 1426
f 1436 1423 1425
f 1438 1436 1437
f 1437 1434 1433
f 1438 1437 1426
f 1432 1426 1437
f 1455 1443 1449
f 1446 1451 1475
f 1452 1446 1445
f 1446 1452 1451
f 1461 1443 1455
f 1453 1444 1442
f 1453 1454 1447
f 1453 1447 1448
f 1476 1457 1456
f 1457 1476 1459
f 1460 1470 1448
f 1458 1460 1448
f 1461 1455 1449
f 1453 1445 1444
f 1445 1453 1452
f 1481 1456 1449
f 1467 1465 1462
f 1475 1466 1462
f 1466 1475 1467
f 1466 1467 1462
f 1461 1464 1472
f 1470 1460 1458
f 1475 1470 1471
f 1472 1443 1461
f 1468 1464 1461
f 1443 1481 1449
f 1481 1472 1468
f 1473 1442 1454
f 1453 1473 1454
f 1475 1451 1470
f 1451 1452 1470
f 1473 1453 1442
f 1452 1453 1448
f 1468 1472 1464
f 1474 1465 1463
f 1465 1467 1463
f 1467 1475 1471
f 1472 1481 1443
f 1478 1480 1477
f 1478 1477 1450
f 1477 1480 1450
f 1480 1478 1450
f 1476 1481 1479
f 1476 1482 1459
f 1482 1476 1479
f 1481 1482 1479
f 1485 1486 1483
f 1488 1485 1484
f 1485 1488 1489
f 1486 1485 1490
f 1495 1496 1493
f 1498 1495 1494
f 1495 1498 1499
f 1496 1495 1500
f 1503 1571 1493
f 1504 1503 1496
f 1503 1504 1571
f 1510 1513 1508
f 1512 1510 1509
f 1510 1512 1513
f 1562 1541 1515
f 1562 1492 1541
f 1519 1492 1517
f 1492 1519 1520
f 1521 1522 1507
f 1523 1521 1506
f 1521 1523 1524
f 1522 1521 1525
f 1527 1528 1516
f 1514 1527 1516
f 1527 1514 1530
f 1528 1527 1531
f 1533 1504 1501
f 1534 1533 1532
f 1504 1533 1569
f 1537 1512 1511
f 1539 1537 1536
f 1537 1539 1502
f 1512 1537 1572
f 1542 1543 1511
f 1544 1542 1509
f 1542 1544 1545
f 1543 1542 1546
f 1514 1516 1562
f 1549 1547 1514
f 1562 1549 1514
f 1550 1498 1497
f 1498 1550 1528
f 1552 1519 1518
f 1536 1552 1551
f 1552 1536 1511
f 1519 1552 1543
f 1554 1531 1530
f 1532 1554 1553
f 1554 1532 1501
f 1531 1554 1500
f 1568 1546 1545
f 1568 1541 1492
f 1546 1568 1520
f 1556 1488 1487
f 1494 1556 1555
f 1556 1494 1493
f 1488 1556 1557
f 1559 1486 1491
f 1551 1559 1558
f 1559 1551 1518
f 1486 1559 1560
f 1571 1502 1557
f 1513 1573 1535
f 1541 1529 1515
f 1492 1562 1516
f 1564 1523 1505
f 1553 1564 1563
f 1564 1553 1530
f 1523 1564 1565
f 1567 1522 1526
f 1544 1567 1566
f 1567 1544 1508
f 1522 1567 1561
f 1529 1541 1568
f 1547 1562 1515
f 1517 1516 1560
f 1516 1517 1492
f 1529 1568 1565
f 1574 1571 1569
f 1571 1574 1570
f 1574 1569 1534
f 1573 1572 1502
f 1558 1502 1539
f 1502 1558 1491
f 1563 1513 1535
f 1513 1563 1505
f 1570 1575 1548
f 1573 1540 1576
f 1573 1576 1575
f 1575 1502 1548
f 1502 1575 1540
f 1549 1562 1547
f 1579 1580 1577
f 1582 1579 1578
f 1579 1582 1583
f 1580 1579 1584
f 1589 1590 1587
f 1592 1589 1588
f 1589 1592 1593
f 1590 1589 1594
f 1657 1582 1581
f 1596 1588 1587
f 1596 1657 1597
f 1588 1596 1598
f 1659 1600 1599
f 1603 1604 1602
f 1603 1659 1657
f 1604 1603 1605
f 1611 1626 1610
f 1612 1586 1614
f 1617 1600 1601
f 1619 1617 1616
f 1617 1619 1620
f 1600 1617 1621
f 1662 1650 1586
f 1624 1623 1622
f 1623 1624 1625
f 1611 1623 1626
f 1627 1628 1591
f 1597 1627 1598
f 1627 1597 1661
f 1628 1627 1629
f 1631 1632 1606
f 1657 1631 1605
f 1632 1631 1633
f 1608 1662 1586
f 1636 1604 1606
f 1637 1636 1635
f 1636 1637 1638
f 1604 1636 1639
f 1608 1642 1673
f 1608 1673 1641
f 1644 1580 1585
f 1645 1644 1595
f 1622 1645 1594
f 1645 1622 1611
f 1644 1645 1611
f 1646 1647 1615
f 1635 1646 1614
f 1646 1635 1606
f 1647 1646 1632
f 1662 1619 1618
f 1648 1649 1625
f 1592 1648 1624
f 1648 1592 1591
f 1649 1648 1628
f 1613 1650 1637
f 1650 1613 1586
f 1651 1652 1585
f 1653 1651 1584
f 1651 1653 1587
f 1652 1651 1590
f 1654 1655 1581
f 1656 1654 1578
f 1654 1656 1615
f 1655 1654 1647
f 1657 1653 1583
f 1659 1658 1601
f 1660 1659 1630
f 1662 1608 1609
f 1644 1640 1586
f 1640 1644 1611
f 1663 1664 1599
f 1665 1663 1621
f 1663 1665 1625
f 1664 1663 1649
f 1666 1667 1618
f 1658 1666 1616
f 1666 1658 1602
f 1667 1666 1639
f 1641 1640 1610
f 1641 1610 1608
f 1640 1673 1642
f 1641 1673 1643
f 1644 1652 1595
f 1644 1656 1577
f 1656 1644 1612
f 1667 1650 1662
f 1650 1667 1638
f 1662 1665 1620
f 1665 1662 1609
f 1657 1659 1660
f 1597 1657 1668
f 1661 1597 1668
f 1633 1657 1655
f 1630 1659 1664
f 1670 1671 1657
f 1671 1607 1669
f 1607 1672 1669
f 1670 1657 1660
f 1672 1670 1660
f 1672 1607 1670
f 1673 1641 1643
f 1673 1640 1641
f 1682 1679 1680
f 1680 1683 1682
f 1683 1680 1684
f 1678 1676 1677
f 1685 1681 1683
f 1685 1678 1675
f 1678 1685 1683
f 1681 1685 1674
f 1674 1685 1675
f 1681 1674 1675
f 1677 1684 1680
f 1683 1677 1676
f 1678 1677 1679
f 1679 1677 1680
f 1675 1682 1681
f 1686 1700 1710
f 1700 1686 1713
f 1690 1713 1710
f 1693 1697 1691
f 1694 1693 1692
f 1693 1694 1695
f 1697 1693 1696
f 1698 1699 1696
f 1687 1706 1703
f 1706 1687 1701
f 1705 1709 1706
f 1705 1701 1704
f 1709 1705 1707
f 1702 1709 1707
f 1709 1702 1706
f 1687 1691 1697
f 1714 1688 1708
f 1697 1699 1714
f 1691 1703 1711
f 1694 1713 1712
f 1713 1694 1700
f 1714 1690 1689
f 1690 1714 1699
f 1713 1686 1710
f 1701 1705 1706
f 1706 1702 1707
f 1714 1689 1688
f 1700 1691 1711
f 1715 1690 1699
f 1712 1715 1698
f 1715 1712 1713
f 1690 1715 1713
f 1690 1710 1689
f 1728 1784 1717
f 1727 1717 1784
f 1785 1735 1747
f 1724 1723 1722
f 1723 1724 1725
f 1726 1724 1719
f 1724 1726 1782
f 1746 1730 1731
f 1746 1731 1732
f 1734 1733 1732
f 1757 1736 1735
f 1737 1735 1736
f 1740 1766 1739
f 1781 1740 1741
f 1781 1741 1742
f 1748 1743 1744
f 1748 1744 1745
f 1720 1748 1746
f 1729 1785 1747
f 1753 1731 1730
f 1731 1753 1754
f 1733 1746 1732
f 1731 1754 1755
f 1734 1732 1755
f 1758 1757 1734
f 1757 1758 1759
f 1759 1736 1757
f 1736 1759 1760
f 1737 1736 1761
f 1783 1763 1747
f 1762 1763 1737
f 1763 1762 1764
f 1747 1763 1738
f 1765 1738 1763
f 1740 1739 1767
f 1768 1741 1740
f 1741 1768 1769
f 1741 1769 1770
f 1743 1742 1771
f 1772 1744 1743
f 1744 1772 1773
f 1744 1773 1774
f 1749 1748 1777
f 1778 1749 1777
f 1718 1722 1780
f 1719 1718 1780
f 1779 1717 1716
f 1730 1746 1749
f 1785 1746 1733
f 1747 1781 1727
f 1781 1747 1766
f 1730 1749 1750
f 1733 1734 1735
f 1732 1731 1755
f 1737 1747 1735
f 1747 1737 1783
f 1766 1747 1738
f 1766 1740 1781
f 1739 1738 1765
f 1748 1781 1742
f 1743 1748 1742
f 1742 1741 1770
f 1777 1748 1745
f 1777 1745 1776
f 1745 1744 1774
f 1717 1779 1728
f 1747 1779 1729
f 1746 1779 1716
f 1746 1717 1720
f 1717 1748 1720
f 1748 1717 1721
f 1717 1781 1721
f 1781 1717 1727
f 1747 1784 1728
f 1722 1723 1725
f 1779 1746 1785
f 1726 1719 1782
f 1779 1747 1728
f 1779 1785 1729
f 1717 1746 1716
f 1781 1748 1721
f 1784 1747 1727
f 1786 1840 1834
f 1840 1786 1839
f 1835 1787 1836
f 1797 1835 1832
f 1798 1797 1833
f 1840 1798 1834
f 1838 1840 1839
f 1841 1802 1801
f 1787 1805 1789
f 1835 1805 1787
f 1789 1805 1806
f 1790 1808 1807
f 1790 1797 1791
f 1811 1791 1797
f 1791 1811 1812
f 1797 1798 1793
f 1817 1819 1818
f 1842 1822 1823
f 1840 1843 1822
f 1822 1825 1824
f 1825 1822 1843
f 1840 1828 1794
f 1838 1828 1840
f 1794 1828 1829
f 1796 1838 1787
f 1796 1788 1800
f 1787 1838 1837
f 1787 1841 1788
f 1841 1804 1802
f 1804 1841 1789
f 1801 1788 1841
f 1788 1801 1799
f 1835 1790 1805
f 1790 1810 1808
f 1810 1790 1791
f 1807 1805 1790
f 1805 1807 1806
f 1797 1792 1811
f 1792 1815 1813
f 1792 1797 1793
f 1815 1792 1793
f 1813 1811 1792
f 1811 1813 1812
f 1798 1842 1817
f 1842 1798 1840
f 1817 1821 1819
f 1821 1817 1842
f 1818 1793 1817
f 1793 1818 1816
f 1843 1827 1825
f 1827 1843 1794
f 1822 1824 1823
f 1838 1795 1828
f 1795 1831 1830
f 1795 1838 1796
f 1831 1795 1796
f 1830 1828 1795
f 1828 1830 1829
f 1833 1797 1786
f 1832 1835 1786
f 1837 1786 1787
f 1837 1838 1786
f 1834 1798 1786
f 1833 1786 1798
f 1832 1786 1797
f 1836 1786 1835
f 1839 1786 1838
f 1891 1844 1889
f 1844 1891 1890
f 1887 1844 1890
f 1898 1887 1886
f 1845 1854 1888
f 1845 1853 1854
f 1894 1858 1857
f 1894 1845 1847
f 1847 1895 1861
f 1895 1863 1862
f 1895 1887 1848
f 1848 1866 1867
f 1898 1896 1866
f 1866 1869 1868
f 1869 1866 1896
f 1896 1898 1849
f 1898 1872 1849
f 1849 1872 1873
f 1850 1875 1874
f 1850 1898 1851
f 1851 1897 1878
f 1897 1854 1852
f 1852 1883 1882
f 1853 1846 1856
f 1891 1897 1893
f 1844 1887 1845
f 1845 1895 1847
f 1887 1866 1848
f 1898 1897 1851
f 1854 1883 1852
f 1897 1898 1893
f 1854 1891 1888
f 1845 1894 1846
f 1894 1860 1858
f 1860 1894 1847
f 1857 1846 1894
f 1846 1857 1855
f 1895 1845 1887
f 1895 1865 1863
f 1865 1895 1848
f 1895 1862 1861
f 1898 1866 1887
f 1896 1871 1869
f 1871 1896 1849
f 1866 1868 1867
f 1898 1850 1872
f 1850 1877 1875
f 1877 1850 1851
f 1874 1872 1850
f 1872 1874 1873
f 1897 1881 1879
f 1881 1897 1852
f 1897 1879 1878
f 1883 1885 1884
f 1883 1854 1853
f 1885 1883 1853
f 1883 1884 1882
f 1886 1887 1891
f 1890 1891 1887
f 1889 1845 1891
f 1892 1854 1897
f 1893 1898 1891
f 1886 1891 1898
f 1889 1844 1845
f 1888 1891 1845
f 1892 1897 1891
f 1904 1900 1952
f 1953 1907 1908
f 1953 1908 1909
f 1911 1910 1909
f 1931 1912 1952
f 1913 1952 1912
f 1916 1954 1915
f 1954 1916 1917
f 1954 1917 1918
f 1921 1919 1920
f 1921 1920 1922
f 1901 1923 1953
f 1899 1953 1910
f 1904 1952 1954
f 1902 1921 1923
f 1953 1923 1906
f 1907 1906 1926
f 1927 1908 1907
f 1908 1927 1928
f 1910 1953 1909
f 1908 1928 1929
f 1911 1909 1929
f 1932 1931 1911
f 1931 1932 1933
f 1933 1912 1931
f 1912 1933 1934
f 1913 1912 1935
f 1936 1937 1913
f 1937 1936 1938
f 1954 1937 1914
f 1939 1914 1937
f 1916 1915 1940
f 1941 1917 1916
f 1917 1941 1942
f 1917 1942 1943
f 1919 1918 1944
f 1945 1920 1919
f 1920 1945 1946
f 1920 1946 1947
f 1924 1923 1950
f 1951 1924 1950
f 1900 1955 1901
f 1907 1953 1906
f 1906 1924 1925
f 1910 1911 1952
f 1909 1908 1929
f 1952 1913 1954
f 1915 1914 1939
f 1921 1954 1918
f 1919 1921 1918
f 1918 1917 1943
f 1923 1921 1922
f 1950 1923 1922
f 1950 1922 1949
f 1922 1920 1947
f 1952 1900 1905
f 1910 1900 1899
f 1953 1900 1901
f 1923 1955 1902
f 1955 1921 1902
f 1921 1955 1903
f 1954 1900 1904
f 1954 1955 1900
f 1900 1910 1905
f 1910 1952 1905
f 1900 1953 1899
f 1955 1923 1901
f 1955 1954 1903
f 1954 1921 1903
f 1961 1956 2008
f 1976 1963 1978
f 1958 1964 2010
f 1958 1965 1966
f 1958 1966 1967
f 1968 1994 1975
f 1975 2011 1972
f 2009 1976 1958
f 1962 1958 1989
f 1960 1956 1975
f 1960 1975 1976
f 1977 1978 1963
f 1964 1981 1982
f 1982 2010 1964
f 2010 1982 1983
f 1986 1966 1965
f 1966 1986 1987
f 1966 1987 1988
f 1992 1994 1968
f 1989 1968 1975
f 1996 1970 1971
f 1970 1996 1997
f 1970 1997 1998
f 2011 2002 2003
f 2003 1972 2011
f 1972 2003 2004
f 1974 1973 2005
f 2007 1963 1974
f 2008 1956 1959
f 1964 1958 1976
f 1964 1980 1979
f 1978 1980 1976
f 1980 1978 1977
f 1965 2010 1983
f 1989 1958 1967
f 1968 1967 1991
f 1967 1966 1988
f 1971 1969 1995
f 1994 1969 1975
f 1969 1994 1993
f 2011 1975 2000
f 2011 2000 2001
f 2000 1970 1998
f 1973 1976 1975
f 1972 1973 1975
f 1973 1972 2004
f 1989 2008 1962
f 2008 1958 1962
f 1958 2008 2009
f 1976 2008 1959
f 1976 1956 1960
f 1975 1956 1961
f 2008 1975 1961
f 1975 2008 1957
f 1989 1975 1957
f 2008 1989 1957
f 2008 1976 2009
f 1956 1976 1959
f 2062 2012 2058
f 2012 2062 2060
f 2013 2064 2059
f 2062 2014 2063
f 2024 2061 2060
f 2067 2024 2057
f 2016 2067 2065
f 2061 2017 2014
f 2025 2029 2028
f 2029 2025 2017
f 2018 2032 2030
f 2068 2035 2034
f 2036 2061 2024
f 2036 2066 2039
f 2024 2019 2066
f 2019 2069 2040
f 2024 2067 2020
f 2044 2045 2043
f 2021 2022 2048
f 2022 2047 2048
f 2047 2050 2049
f 2047 2015 2070
f 2050 2047 2070
f 2023 2070 2016
f 2070 2023 2051
f 2055 2056 2054
f 2025 2071 2014
f 2071 2025 2027
f 2016 2015 2067
f 2047 2022 2015
f 2062 2061 2014
f 2061 2062 2058
f 2014 2064 2063
f 2017 2031 2029
f 2017 2061 2018
f 2031 2017 2018
f 2025 2028 2026
f 2036 2038 2035
f 2061 2036 2068
f 2068 2034 2033
f 2061 2068 2032
f 2024 2066 2036
f 2069 2019 2020
f 2040 2066 2019
f 2066 2040 2039
f 2067 2044 2020
f 2044 2067 2015
f 2044 2046 2045
f 2046 2044 2021
f 2043 2020 2044
f 2020 2043 2042
f 2070 2015 2016
f 2070 2052 2050
f 2047 2049 2048
f 2016 2014 2023
f 2071 2027 2056
f 2014 2071 2055
f 2054 2023 2055
f 2023 2054 2053
f 2057 2024 2013
f 2062 2013 2024
f 2060 2062 2024
f 2060 2061 2012
f 2059 2016 2013
f 2065 2013 2016
f 2065 2067 2013
f 2057 2013 2067
f 2016 2064 2014
f 2058 2012 2061
f 2063 2064 2062
f 2062 2064 2013
f 2101 2077 2083
f 2086 2087 2072
f 2103 2086 2073
f 2077 2082 2083
f 2082 2077 2101
f 2086 2103 2087
f 2085 2118 2100
f 2104 2102 2093
f 2102 2104 2103
f 2094 2087 2103
f 2101 2083 2082
f 2110 2084 2100
f 2100 2112 2111
f 2112 2100 2118
f 2110 2111 2112
f 2113 2110 2100
f 2113 2100 2111
f 2114 2091 2075
f 2090 2118 2085
f 2118 2090 2081
f 2096 2084 2115
f 2084 2096 2095
f 2100 2098 2099
f 2116 2088 2092
f 2110 2116 2114
f 2109 2100 2117
f 2100 2109 2105
f 2089 2116 2112
f 2116 2089 2088
f 2112 2118 2080
f 2085 2100 2099
f 2110 2114 2075
f 2115 2110 2076
f 2110 2115 2084
f 2119 2084 2095
f 2117 2119 2108
f 2119 2117 2100
f 2084 2119 2100
f 2120 2121 2123
f 2129 2128 2124
f 2126 2131 2130
f 2129 2125 2128
f 2126 2130 2127
f 2131 2126 2127
f 2131 2127 2130
f 2219 2145 2189
f 2137 2195 2202
f 2132 2147 2148
f 2134 2149 2184
f 2286 2144 2150
f 2148 2186 2150
f 2137 2202 2135
f 2195 2135 2152
f 2203 2219 2189
f 2156 2157 2172
f 2164 2156 2159
f 2192 2137 2135
f 2138 2195 2152
f 2145 2160 2162
f 2160 2145 2164
f 2166 2359 2185
f 2167 2168 2188
f 2157 2171 2172
f 2176 2177 2174
f 2178 2176 2175
f 2176 2178 2179
f 2177 2176 2180
f 2177 2181 2174
f 2181 2177 2171
f 2171 2173 2172
f 2145 2156 2164
f 2182 2146 2178
f 2183 2182 2175
f 2182 2183 2171
f 2146 2182 2171
f 2152 2146 2138
f 2146 2152 2179
f 2138 2146 2156
f 2181 2171 2183
f 2171 2156 2146
f 2147 2132 2184
f 2149 2134 2185
f 2168 2167 2187
f 2372 2169 2188
f 2202 2195 2224
f 2195 2137 2193
f 2137 2192 2193
f 2200 2194 2196
f 2199 2200 2196
f 2200 2199 2198
f 2195 2192 2135
f 2193 2192 2195
f 2203 2189 2202
f 2221 2145 2219
f 2219 2203 2216
f 2234 2237 2238
f 2235 2234 2238
f 2237 2246 2245
f 2421 2237 2245
f 2237 2421 2238
f 2251 2241 2249
f 2241 2251 2248
f 2250 2205 2251
f 2254 2253 2478
f 2250 2267 2257
f 2263 2254 2478
f 2263 2257 2266
f 2267 2250 2251
f 2257 2271 2266
f 2253 2241 2431
f 2241 2254 2276
f 2249 2241 2276
f 2249 2254 2271
f 2250 2263 2205
f 2263 2250 2257
f 2271 2254 2266
f 2249 2267 2251
f 2271 2267 2249
f 2147 2186 2148
f 2186 2147 2149
f 2286 2168 2187
f 2186 2168 2150
f 2168 2186 2149
f 2274 2300 2301
f 2300 2274 2261
f 2292 2262 2212
f 2292 2212 2211
f 2297 2272 2262
f 2274 2301 2212
f 2301 2210 2212
f 2305 2324 2277
f 2324 2305 2231
f 2303 2279 2273
f 2304 2303 2297
f 2229 2304 2302
f 2304 2229 2228
f 2303 2304 2305
f 2270 2295 2306
f 2295 2270 2258
f 2217 2306 2295
f 2209 2310 2306
f 2310 2209 2208
f 2306 2217 2215
f 2217 2295 2296
f 2307 2268 2260
f 2218 2307 2260
f 2310 2275 2259
f 2306 2215 2209
f 2298 2310 2223
f 2311 2278 2269
f 2227 2312 2309
f 2312 2227 2226
f 2311 2312 2296
f 2285 2232 2233
f 2285 2233 2133
f 2239 2313 2287
f 2140 2313 2283
f 2313 2140 2139
f 2239 2285 2313
f 2285 2239 2232
f 2133 2283 2285
f 2283 2133 2141
f 2287 2191 2240
f 2139 2287 2313
f 2287 2139 2191
f 2244 2314 2316
f 2153 2316 2314
f 2316 2153 2136
f 2315 2284 2291
f 2242 2315 2291
f 2284 2143 2142
f 2244 2316 2315
f 2153 2314 2247
f 2315 2316 2284
f 2317 2202 2205
f 2320 2291 2290
f 2256 2320 2319
f 2320 2256 2255
f 2322 2290 2291
f 2206 2322 2321
f 2322 2206 2207
f 2291 2264 2243
f 2142 2291 2284
f 2294 2280 2265
f 2323 2293 2290
f 2293 2323 2214
f 2213 2317 2293
f 2317 2213 2202
f 2224 2219 2216
f 2224 2145 2221
f 2219 2224 2221
f 2254 2249 2276
f 2310 2298 2275
f 2308 2298 2223
f 2253 2254 2241
f 2476 2299 2235
f 2476 2235 2325
f 2299 2234 2235
f 2326 2246 2236
f 2476 2326 2299
f 2246 2326 2327
f 2334 2331 2154
f 2201 2374 2344
f 2337 2374 2346
f 2374 2337 2348
f 2459 2349 2329
f 2350 2459 2329
f 2351 2165 2335
f 2349 2351 2335
f 2151 2331 2330
f 2336 2155 2151
f 2336 2334 2155
f 2331 2151 2154
f 2354 2348 2337
f 2159 2354 2353
f 2354 2159 2158
f 2348 2354 2355
f 2345 2190 2161
f 2357 2356 2161
f 2358 2357 2163
f 2357 2358 2347
f 2356 2357 2346
f 2359 2166 2165
f 2170 2367 2355
f 2367 2170 2173
f 2363 2364 2362
f 2180 2363 2369
f 2363 2180 2179
f 2364 2363 2365
f 2348 2366 2152
f 2367 2369 2368
f 2369 2367 2173
f 2345 2374 2190
f 2370 2364 2365
f 2367 2370 2366
f 2364 2370 2371
f 2366 2365 2179
f 2337 2358 2160
f 2353 2337 2160
f 2371 2367 2368
f 2367 2348 2355
f 2348 2367 2366
f 2372 2361 2169
f 2351 2459 2165
f 2459 2351 2349
f 2372 2352 2361
f 2374 2201 2190
f 2348 2152 2155
f 2336 2330 2375
f 2375 2331 2336
f 2375 2330 2331
f 2381 2378 2377
f 2378 2381 2380
f 2380 2375 2378
f 2375 2380 2379
f 2379 2382 2375
f 2379 2381 2376
f 2388 2400 2392
f 2334 2509 2344
f 2509 2334 2154
f 2516 2388 2392
f 2344 2509 2405
f 2388 2383 2201
f 2383 2388 2516
f 2400 2388 2201
f 2516 2392 2391
f 2348 2334 2344
f 2400 2344 2405
f 2334 2348 2155
f 2392 2400 2405
f 2516 2509 2383
f 2344 2400 2201
f 2425 2431 2248
f 2412 2411 2512
f 2245 2413 2421
f 2431 2443 2253
f 2431 2425 2439
f 2425 2248 2252
f 2434 2425 2513
f 2431 2241 2248
f 2439 2443 2431
f 2497 2498 2457
f 2460 2422 2288
f 2477 2476 2512
f 2479 2480 2466
f 2469 2479 2466
f 2479 2469 2436
f 2480 2479 2437
f 2481 2482 2469
f 2481 2466 2395
f 2482 2481 2394
f 2467 2397 2440
f 2484 2467 2440
f 2474 2484 2446
f 2484 2485 2403
f 2467 2484 2403
f 2466 2480 2438
f 2483 2466 2438
f 2466 2483 2396
f 2469 2482 2393
f 2406 2472 2511
f 2486 2487 2473
f 2486 2474 2445
f 2487 2486 2451
f 2488 2485 2484
f 2473 2488 2474
f 2488 2473 2410
f 2485 2488 2409
f 2475 2487 2452
f 2489 2463 2432
f 2464 2471 2492
f 2464 2465 2433
f 2471 2464 2433
f 2465 2492 2390
f 2463 2489 2389
f 2468 2491 2401
f 2490 2468 2401
f 2465 2489 2432
f 2489 2465 2390
f 2448 2470 2471
f 2493 2494 2463
f 2468 2493 2463
f 2493 2468 2442
f 2494 2493 2450
f 2495 2491 2468
f 2495 2463 2407
f 2491 2495 2408
f 2463 2494 2449
f 2458 2496 2333
f 2497 2457 2415
f 2455 2497 2416
f 2498 2497 2339
f 2457 2458 2419
f 2496 2498 2338
f 2460 2455 2423
f 2460 2497 2455
f 2497 2460 2373
f 2500 2462 2456
f 2462 2500 2418
f 2500 2456 2343
f 2500 2499 2341
f 2499 2500 2342
f 2501 2502 2383
f 2503 2318 2289
f 2503 2501 2426
f 2318 2503 2427
f 2504 2502 2501
f 2289 2504 2501
f 2504 2289 2204
f 2502 2504 2384
f 2505 2506 2461
f 2505 2462 2430
f 2506 2505 2429
f 2507 2508 2462
f 2507 2461 2387
f 2508 2507 2386
f 2462 2508 2385
f 2456 2462 2385
f 2501 2515 2454
f 2405 2509 2392
f 2434 2443 2425
f 2439 2425 2443
f 2453 2472 2475
f 2453 2511 2472
f 2511 2453 2447
f 2511 2404 2406
f 2404 2511 2469
f 2406 2473 2472
f 2470 2448 2435
f 2471 2470 2435
f 2510 2471 2435
f 2510 2492 2471
f 2476 2325 2512
f 2512 2411 2477
f 2513 2252 2478
f 2514 2477 2414
f 2327 2514 2420
f 2514 2327 2476
f 2253 2443 2478
f 2443 2513 2478
f 2359 2459 2328
f 2168 2352 2372
f 2344 2374 2348
f 2224 2203 2202
f 2293 2294 2290
f 2319 2294 2265
f 2294 2319 2290
f 2203 2224 2216
f 2254 2263 2266
f 2513 2425 2252
f 2515 2506 2428
f 2461 2501 2399
f 2509 2516 2391
f 2224 2195 2138
f 2286 2187 2144
f 2138 2156 2145
f 2224 2138 2145
f 2168 2149 2328
f 2360 2352 2350
f 2352 2360 2361
f 2459 2352 2168
f 2352 2459 2350
